DateTime,Day,Month,Year,Hour,Latitude,Longitude,Depth,Magnitude,MagType,NbStations,RMS,Source
1970-01-04 17:00:40.200,4,1,1970,17,24.1389999999999,102.503,31.0,7.5,Ms,90.0,0.0,NEI
1970-01-06 05:35:51.800,6,1,1970,5,-9.628,151.458,8.0,6.2,Ms,85.0,0.0,NEI
1970-01-08 17:12:39.100,8,1,1970,17,-34.741,178.568,179.0,6.1,Mb,59.0,0.0,NEI
1970-01-10 12:07:08.600,10,1,1970,12,6.825,126.736999999999,73.0,6.1,Mb,91.0,0.0,NEI
1970-01-16 08:05:39.000,16,1,1970,8,60.28,-152.66,85.0,6.0,ML,0.0,0.0,AK
1970-01-20 07:19:51.200,20,1,1970,7,-25.8,-177.348999999999,80.0,6.5,Mb,175.0,0.0,NEI
1970-01-20 17:33:05.400,20,1,1970,17,42.518999999999906,142.966,46.0,6.4,Ms,199.0,0.0,NEI
1970-01-21 17:51:38.500,21,1,1970,17,7.017,-104.298,33.0,6.6,Ms,140.0,0.0,NEI
1970-01-26 10:01:20.500,26,1,1970,10,-12.579,166.37,50.0,6.4,Ms,91.0,0.0,NEI
1970-02-04 05:08:48.000,4,2,1970,5,15.532,-99.48399999999991,21.0,6.5,Ms,100.0,0.0,NEI
1970-02-05 22:05:58.300,5,2,1970,22,12.598,122.117,11.0,6.6,Ms,94.0,0.0,NEI
1970-02-06 22:10:41.600,6,2,1970,22,23.096,100.775,33.0,6.1,Ms,57.0,0.0,NEI
1970-02-24 02:07:36.800,24,2,1970,2,30.576,103.031,33.0,6.0,Ms,94.0,0.0,NEI
1970-02-27 07:07:56.500,27,2,1970,7,50.13,-179.5898,7.0,6.0,ML,0.0,0.0,AK
1970-02-28 10:52:31.100,28,2,1970,10,52.589799999999904,-175.039999999999,161.0,6.1,ML,0.0,0.0,AK
1970-03-04 03:30:35.400,4,3,1970,3,12.134,143.706999999999,33.0,6.2,Ms,82.0,0.0,NEI
1970-03-09 16:01:10.500,9,3,1970,16,-19.0079999999999,168.603,41.0,6.5,Ms,61.0,0.0,NEI
1970-03-10 04:58:26.200,10,3,1970,4,44.798,148.87,40.0,6.0,Mb,65.0,0.0,NEI
1970-03-11 22:38:32.400,11,3,1970,22,57.39,-153.97,16.0,6.5,ML,0.0,0.0,AK
1970-03-15 12:39:17.800,15,3,1970,12,-29.6529999999999,-69.49899999999991,119.0,6.0,Mb,118.0,0.0,NEI
1970-03-19 23:33:28.700,19,3,1970,23,51.34,173.75,8.0,6.5,ML,0.0,0.0,AK
1970-03-24 10:35:22.100,24,3,1970,10,-21.981,126.682,33.0,6.2,Mb,138.0,0.0,NEI
1970-03-27 18:36:45.800,27,3,1970,18,0.37,119.349,8.0,6.7,Ms,131.0,0.0,NEI
1970-03-28 21:02:23.400,28,3,1970,21,39.182,29.488,20.0,7.1,Ms,199.0,0.0,NEI
1970-03-29 10:08:20.300,29,3,1970,10,-17.0659999999999,168.513,232.0,6.0,Mb,172.0,0.0,NEI
1970-03-30 20:40:50.100,30,3,1970,20,-49.622,164.309,33.0,6.0,Ms,17.0,0.0,NEI
1970-04-07 05:34:05.600,7,4,1970,5,15.7609999999999,121.717,37.0,7.3,Ms,161.0,0.0,NEI
1970-04-08 21:23:56.600,8,4,1970,21,15.4339999999999,121.801,33.0,6.2,Ms,92.0,0.0,NEI
1970-04-11 04:05:42.900,11,4,1970,4,59.71999999999991,-142.49,7.0,6.2,ML,0.0,0.0,AK
1970-04-12 04:01:44.000,12,4,1970,4,15.064,122.052,24.0,7.0,Ms,108.0,0.0,NEI
1970-04-15 13:14:21.400,15,4,1970,13,15.069,122.665,12.0,6.0,Ms,92.0,0.0,NEI
1970-04-16 05:33:18.200,16,4,1970,5,59.84,-142.43,7.0,6.8,ML,0.0,0.0,AK
1970-04-19 01:15:47.000,19,4,1970,1,59.6,-142.72,20.0,6.0,ML,0.0,0.0,AK
1970-04-20 10:39:12.500,20,4,1970,10,-18.826,169.298,246.0,6.3,Mb,181.0,0.0,NEI
1970-04-29 11:22:36.400,29,4,1970,11,14.618,-92.6899999999999,41.0,6.3,Ms,80.0,0.0,NEI
1970-04-29 14:01:32.800,29,4,1970,14,14.518,-92.60299999999991,33.0,7.3,Ms,76.0,0.0,NEI
1970-04-30 08:32:59.100,30,4,1970,8,14.698,-93.19199999999991,19.0,6.4,Ms,128.0,0.0,NEI
1970-05-04 18:53:19.700,4,5,1970,18,-41.573,80.087,33.0,6.2,Ms,31.0,0.0,NEI
1970-05-14 18:12:28.000,14,5,1970,18,43.03399999999991,47.088999999999906,44.0,6.5,Ms,135.0,0.0,NEI
1970-05-15 17:13:15.100,15,5,1970,17,50.168999999999905,91.25199999999991,33.0,6.7,Ms,159.0,0.0,NEI
1970-05-20 20:03:42.200,20,5,1970,20,-55.89,-28.3279999999999,70.0,6.0,Mb,124.0,0.0,NEI
1970-05-27 12:05:06.000,27,5,1970,12,27.215,140.121,382.0,6.2,Mb,195.0,0.0,NEI
1970-05-27 19:05:39.000,27,5,1970,19,40.304,142.986999999999,33.0,6.0,Ms,112.0,0.0,NEI
1970-05-29 19:02:19.000,29,5,1970,19,-11.629,166.335,50.0,6.1,Ms,100.0,0.0,NEI
1970-05-31 20:23:27.300,31,5,1970,20,-9.176,-78.82299999999991,43.0,7.8,Ms,101.0,0.0,NEI
1970-05-31 20:45:52.700,31,5,1970,20,-9.79299999999999,-78.587,55.0,6.0,Mb,31.0,0.0,NEI
1970-06-01 01:36:10.200,1,6,1970,1,-9.29599999999999,-79.0,49.0,6.0,Mb,99.0,0.0,NEI
1970-06-05 04:53:06.400,5,6,1970,4,42.475,78.75799999999991,20.0,6.6,Ms,118.0,0.0,NEI
1970-06-11 06:02:54.900,11,6,1970,6,-24.527,-68.49899999999991,112.0,6.3,Mb,110.0,0.0,NEI
1970-06-11 16:46:38.300,11,6,1970,16,-59.113,157.767,33.0,7.2,Ms,27.0,0.0,NEI
1970-06-12 08:06:16.600,12,6,1970,8,-2.887,139.096,32.0,6.1,Ms,80.0,0.0,NEI
1970-06-14 00:00:11.300,14,6,1970,0,-51.954,-73.849,33.0,6.6,Ms,85.0,0.0,NEI
1970-06-15 09:41:40.300,15,6,1970,9,-8.73,118.828,33.0,6.0,Mb,21.0,0.0,NEI
1970-06-15 11:14:52.400,15,6,1970,11,-54.335999999999906,-63.645,33.0,7.0,Ms,66.0,0.0,NEI
1970-06-19 10:56:14.800,19,6,1970,10,-22.193,-70.515,52.0,6.2,Mb,98.0,0.0,NEI
1970-06-24 13:09:08.300,24,6,1970,13,51.753,-131.024,12.0,7.0,Ms,81.0,0.0,NEI
1970-06-25 05:13:58.600,25,6,1970,5,-7.916,158.693,69.0,6.1,Mb,142.0,0.0,NEI
1970-06-28 01:30:12.600,28,6,1970,1,-8.66,124.159,41.0,6.2,Ms,126.0,0.0,NEI
1970-07-02 00:56:15.300,2,7,1970,0,-51.034999999999904,139.486999999999,33.0,6.0,Ms,29.0,0.0,NEI
1970-07-16 21:17:44.200,16,7,1970,21,-19.187,-173.449999999999,33.0,6.0,Ms,66.0,0.0,NEI
1970-07-17 20:04:46.500,17,7,1970,20,-22.0979999999999,-174.712999999999,33.0,6.2,Ms,89.0,0.0,NEI
1970-07-19 09:22:40.100,19,7,1970,9,-3.789,152.4,20.0,6.0,Ms,45.0,0.0,NEI
1970-07-25 22:41:10.700,25,7,1970,22,32.18,131.694999999999,34.0,7.0,Ms,176.0,0.0,NEI
1970-07-26 07:10:36.000,26,7,1970,7,32.188,131.813999999999,35.0,6.1,Mb,139.0,0.0,NEI
1970-07-29 10:16:19.300,29,7,1970,10,26.0159999999999,95.396,59.0,6.5,Mb,188.0,0.0,NEI
1970-07-30 00:52:19.500,30,7,1970,0,37.823999999999906,55.875999999999905,19.0,6.6,Ms,114.0,0.0,NEI
1970-07-30 04:58:43.800,30,7,1970,4,14.2579999999999,51.84,33.0,6.5,Ms,77.0,0.0,NEI
1970-07-31 17:08:05.400,31,7,1970,17,-1.459,-72.558,651.0,7.1,Mb,205.0,0.0,NEI
1970-08-10 15:15:19.700,10,8,1970,15,-13.874,166.788,46.0,6.4,Ms,71.0,0.0,NEI
1970-08-11 10:22:20.000,11,8,1970,10,-14.1229999999999,166.65,33.0,7.0,Ms,55.0,0.0,NEI
1970-08-11 20:10:52.400,11,8,1970,20,-60.60699999999991,-25.399,33.0,6.0,Mb,16.0,0.0,NEI
1970-08-12 01:39:36.700,12,8,1970,1,-13.8569999999999,166.491999999999,43.0,6.3,Ms,75.0,0.0,NEI
1970-08-12 09:24:11.500,12,8,1970,9,12.015,-86.542,33.0,6.3,Ms,77.0,0.0,NEI
1970-08-13 04:22:38.500,13,8,1970,4,-8.878,117.979,117.0,6.0,Mb,45.0,0.0,NEI
1970-08-18 17:52:08.390,18,8,1970,17,60.7,-145.38,30.0,6.0,ML,0.0,0.0,AK
1970-08-24 12:30:19.500,24,8,1970,12,-56.587,-142.483,33.0,6.4,Ms,74.0,0.0,NEI
1970-08-30 17:46:09.000,30,8,1970,17,52.38,151.597,645.0,6.6,Mb,300.0,0.0,NEI
1970-09-01 05:11:16.100,1,9,1970,5,17.718,147.616999999999,40.0,6.4,Ms,77.0,0.0,NEI
1970-09-16 01:49:20.500,16,9,1970,1,13.01,144.428,47.0,6.0,Mb,118.0,0.0,NEI
1970-09-23 12:04:54.200,23,9,1970,12,-6.467,154.616,39.0,6.5,Ms,96.0,0.0,NEI
1970-09-26 12:02:29.300,26,9,1970,12,6.212,-77.59399999999991,8.0,6.6,Ms,149.0,0.0,NEI
1970-09-27 03:38:36.200,27,9,1970,3,6.432,-77.4069999999999,8.0,6.5,Ms,149.0,0.0,NEI
1970-10-10 08:53:04.800,10,10,1970,8,-3.591,86.161,33.0,6.3,Ms,104.0,0.0,NEI
1970-10-10 21:59:42.900,10,10,1970,21,-31.896,-177.932999999999,33.0,6.2,Ms,78.0,0.0,NEI
1970-10-11 03:16:49.600,11,10,1970,3,-31.809,-178.131,33.0,6.3,Ms,63.0,0.0,NEI
1970-10-11 05:38:06.000,11,10,1970,5,-32.052,-177.823,32.0,6.1,Ms,58.0,0.0,NEI
1970-10-14 18:15:37.300,14,10,1970,18,43.515,147.966,30.0,6.0,Ms,131.0,0.0,NEI
1970-10-25 15:09:49.400,25,10,1970,15,9.023,93.87399999999991,33.0,6.3,Ms,98.0,0.0,NEI
1970-10-31 17:53:09.300,31,10,1970,17,-4.926,145.467,42.0,7.0,Ms,100.0,0.0,NEI
1970-11-08 22:35:46.700,8,11,1970,22,-3.437,135.63,33.0,6.8,Ms,121.0,0.0,NEI
1970-11-12 06:07:12.400,12,11,1970,6,-5.05,145.062,15.0,6.5,Ms,58.0,0.0,NEI
1970-11-13 14:16:18.000,13,11,1970,14,11.946,123.973,15.0,6.3,Ms,50.0,0.0,NEI
1970-11-14 00:57:18.700,14,11,1970,0,2.227,127.188,80.0,6.0,Mb,29.0,0.0,NEI
1970-11-14 07:58:19.800,14,11,1970,7,22.7109999999999,121.343999999999,28.0,6.1,Ms,129.0,0.0,NEI
1970-11-18 12:23:18.000,18,11,1970,12,35.1469999999999,-35.7359999999999,33.0,6.0,Ms,68.0,0.0,NEI
1970-11-28 11:08:42.500,28,11,1970,11,-20.9209999999999,-69.8299999999999,33.0,6.0,Mb,126.0,0.0,NEI
1970-11-29 06:01:18.700,29,11,1970,6,-11.6809999999999,-14.087,33.0,6.0,Ms,68.0,0.0,NEI
1970-12-01 18:14:38.600,1,12,1970,18,-10.967,163.388,33.0,6.1,Ms,68.0,0.0,NEI
1970-12-01 21:09:37.000,1,12,1970,21,51.439999999999905,-175.33,32.0,6.0,ML,0.0,0.0,AK
1970-12-02 15:25:46.700,2,12,1970,15,-10.861,163.461999999999,36.0,6.5,Ms,48.0,0.0,NEI
1970-12-02 15:54:19.900,2,12,1970,15,-10.9659999999999,163.289999999999,33.0,7.0,Ms,62.0,0.0,NEI
1970-12-04 17:08:48.700,4,12,1970,17,-23.132,-70.114,36.0,6.3,Ms,82.0,0.0,NEI
1970-12-06 20:20:52.200,6,12,1970,20,41.79899999999991,143.511,48.0,6.1,Ms,130.0,0.0,NEI
1970-12-08 19:30:06.700,8,12,1970,19,-30.704,-71.209,50.0,6.4,Ms,84.0,0.0,NEI
1970-12-10 04:34:38.800,10,12,1970,4,-3.989,-80.724,25.0,7.6,Ms,130.0,0.0,NEI
1970-12-19 10:38:05.200,19,12,1970,10,-1.627,99.90399999999991,46.0,6.2,Ms,90.0,0.0,NEI
1970-12-28 20:03:25.100,28,12,1970,20,-5.158,153.62,61.0,6.0,Mb,154.0,0.0,NEI
1970-12-29 02:26:12.200,29,12,1970,2,-10.547,161.402999999999,72.0,6.1,Mb,150.0,0.0,NEI
1971-01-03 17:35:40.200,3,1,1971,17,-55.503,-2.578,33.0,7.1,Ms,34.0,0.0,NEI
1971-01-10 07:17:03.700,10,1,1971,7,-3.132,139.697,33.0,8.1,Ms,113.0,0.0,NEI
1971-01-10 10:45:06.800,10,1,1971,10,-2.977,139.622999999999,36.0,6.1,Mb,47.0,0.0,NEI
1971-01-10 16:38:36.000,10,1,1971,16,-3.426,139.979999999999,27.0,6.0,Ms,46.0,0.0,NEI
1971-01-10 22:14:37.400,10,1,1971,22,-3.23,139.865,30.0,6.1,Mb,57.0,0.0,NEI
1971-01-15 07:28:38.400,15,1,1971,7,-3.03,139.47,33.0,6.0,Mb,17.0,0.0,NEI
1971-01-25 00:18:26.100,25,1,1971,0,-9.602,151.349999999999,38.0,6.3,Ms,107.0,0.0,NEI
1971-01-25 16:08:15.100,25,1,1971,16,51.465,-177.693,38.0,6.3,Ms,175.0,0.0,NEI
1971-01-29 21:58:05.400,29,1,1971,21,51.720999999999904,150.946,544.0,6.1,Mb,232.0,0.0,NEI
1971-02-04 15:33:28.600,4,2,1971,15,0.647,98.83799999999991,33.0,7.1,Ms,120.0,0.0,NEI
1971-02-07 02:29:28.200,7,2,1971,2,51.356,-176.717999999999,50.0,6.0,Mb,133.0,0.0,NEI
1971-02-08 21:04:21.800,8,2,1971,21,-63.453,-61.215,33.0,7.0,Ms,54.0,0.0,NEI
1971-02-09 14:00:41.920,9,2,1971,14,34.4159999999999,-118.37,8.95,6.6,Mw,16.0,0.25,CI
1971-02-17 05:13:00.600,17,2,1971,5,40.17,142.348999999999,48.0,6.2,Ms,90.0,0.0,NEI
1971-02-21 10:35:20.100,21,2,1971,10,-23.8449999999999,-67.159,169.0,6.3,Mb,171.0,0.0,NEI
1971-03-13 15:47:57.100,13,3,1971,15,-18.3679999999999,173.637,20.0,6.0,Ms,48.0,0.0,NEI
1971-03-13 19:12:25.000,13,3,1971,19,-5.72,145.367999999999,118.0,6.3,Mb,78.0,0.0,NEI
1971-03-13 23:51:35.500,13,3,1971,23,50.603,-129.947,33.0,6.1,Ms,124.0,0.0,NEI
1971-03-16 12:32:30.600,16,3,1971,12,-10.9179999999999,163.686,42.0,6.4,Ms,81.0,0.0,NEI
1971-03-23 02:15:26.900,23,3,1971,2,-22.879,-176.358,76.0,6.0,Mb,112.0,0.0,NEI
1971-03-23 09:26:29.300,23,3,1971,9,70.99299999999991,-7.034,33.0,6.3,Ms,169.0,0.0,NEI
1971-03-23 20:47:17.400,23,3,1971,20,41.453,79.259,33.0,6.0,Mb,128.0,0.0,NEI
1971-03-24 13:54:17.700,24,3,1971,13,35.462,98.1659999999999,13.0,6.4,Ms,99.0,0.0,NEI
1971-03-26 09:08:06.600,26,3,1971,9,-55.439,-129.099999999999,33.0,6.0,Ms,15.0,0.0,NEI
1971-03-28 08:23:19.900,28,3,1971,8,11.769,95.052,33.0,6.3,Ms,62.0,0.0,NEI
1971-04-04 10:15:37.200,4,4,1971,10,-56.244999999999905,-122.459,33.0,6.6,Ms,41.0,0.0,NEI
1971-04-07 04:59:39.400,7,4,1971,4,2.444,129.117999999999,47.0,6.6,Ms,131.0,0.0,NEI
1971-04-08 07:45:57.800,8,4,1971,7,-4.334,102.401,75.0,6.3,Mb,105.0,0.0,NEI
1971-04-12 19:03:25.900,12,4,1971,19,28.308,55.59799999999991,44.0,6.0,Mb,94.0,0.0,NEI
1971-04-28 15:32:00.900,28,4,1971,15,22.934,101.028,15.0,6.3,Ms,97.0,0.0,NEI
1971-05-02 06:08:27.300,2,5,1971,6,51.433,-177.212999999999,43.0,7.1,Ms,204.0,0.0,NEI
1971-05-04 02:04:32.600,4,5,1971,2,-6.609,105.373,69.0,6.1,Mb,77.0,0.0,NEI
1971-05-09 08:25:01.700,9,5,1971,8,-39.779,-104.843999999999,33.0,6.2,Mb,116.0,0.0,NEI
1971-05-13 21:27:56.300,13,5,1971,21,65.9,-164.0,100.0,6.1,ML,0.0,0.0,AK
1971-05-18 22:44:43.800,18,5,1971,22,63.95,146.111999999999,33.0,6.6,Ms,167.0,0.0,NEI
1971-05-22 16:43:58.700,22,5,1971,16,38.829,40.521,3.0,6.7,Ms,155.0,0.0,NEI
1971-05-22 20:03:32.400,22,5,1971,20,32.389,92.119,33.0,6.1,Ms,90.0,0.0,NEI
1971-05-30 15:44:15.700,30,5,1971,15,25.2289999999999,96.4429999999999,15.0,6.1,Ms,109.0,0.0,NEI
1971-05-31 05:13:59.700,31,5,1971,5,25.19,96.51399999999991,33.0,6.1,Ms,83.0,0.0,NEI
1971-06-11 12:56:04.300,11,6,1971,12,17.966,-69.778,57.0,6.1,Mb,132.0,0.0,NEI
1971-06-11 13:58:37.700,11,6,1971,13,51.487,176.084,32.0,6.5,Ms,118.0,0.0,NEI
1971-06-17 21:00:40.900,17,6,1971,21,-25.478,-69.153,93.0,6.3,Mb,145.0,0.0,NEI
1971-06-26 19:27:13.900,26,6,1971,19,-5.249,96.933,25.0,6.4,Ms,130.0,0.0,NEI
1971-07-08 19:07:00.400,8,7,1971,19,-6.939,129.556999999999,33.0,6.3,Mb,95.0,0.0,NEI
1971-07-09 03:03:18.700,9,7,1971,3,-32.536,-71.15399999999991,58.0,6.6,Mb,123.0,0.0,NEI
1971-07-11 09:51:37.700,11,7,1971,9,-32.267,-71.807,36.0,6.3,Ms,79.0,0.0,NEI
1971-07-14 06:11:29.100,14,7,1971,6,-5.474,153.884999999999,47.0,7.9,Ms,115.0,0.0,NEI
1971-07-14 07:16:53.600,14,7,1971,7,-5.795,153.229999999999,33.0,6.8,Ms,19.0,0.0,NEI
1971-07-14 07:37:15.900,14,7,1971,7,-4.827,153.571,33.0,6.8,Ms,63.0,0.0,NEI
1971-07-14 17:38:49.300,14,7,1971,17,-5.156,153.288,33.0,6.3,Ms,52.0,0.0,NEI
1971-07-14 18:27:43.700,14,7,1971,18,-5.203,153.347,33.0,6.5,Ms,40.0,0.0,NEI
1971-07-14 19:33:27.700,14,7,1971,19,-5.795,154.045999999999,33.0,6.3,Ms,64.0,0.0,NEI
1971-07-18 14:31:17.500,18,7,1971,14,-4.83,153.303,46.0,6.6,Ms,119.0,0.0,NEI
1971-07-19 00:14:45.300,19,7,1971,0,-5.688,153.8,42.0,7.1,Ms,102.0,0.0,NEI
1971-07-19 15:37:46.100,19,7,1971,15,-5.519,150.595,33.0,6.2,Ms,66.0,0.0,NEI
1971-07-25 12:51:42.000,25,7,1971,12,12.363,123.685,33.0,6.3,Ms,74.0,0.0,NEI
1971-07-25 15:41:21.300,25,7,1971,15,52.151,173.095,28.0,6.3,Ms,129.0,0.0,NEI
1971-07-26 01:23:21.300,26,7,1971,1,-4.94,153.173,48.0,7.9,Ms,121.0,0.0,NEI
1971-07-26 01:48:33.900,26,7,1971,1,39.905,77.168,33.0,6.0,Mb,50.0,0.0,NEI
1971-07-26 02:24:57.000,26,7,1971,2,-5.168,152.216,33.0,6.4,Mb,51.0,0.0,NEI
1971-07-26 02:29:38.200,26,7,1971,2,-5.728,151.938999999999,33.0,6.2,Mb,30.0,0.0,NEI
1971-07-26 15:35:37.800,26,7,1971,15,-5.626,151.407999999999,33.0,6.2,Ms,70.0,0.0,NEI
1971-07-26 19:15:31.400,26,7,1971,19,-5.857,151.305,33.0,6.1,Ms,80.0,0.0,NEI
1971-07-27 02:02:49.600,27,7,1971,2,-2.748,-77.429,135.0,6.3,Mb,153.0,0.0,NEI
1971-07-27 20:47:56.500,27,7,1971,20,-5.152,152.973,43.0,6.5,Ms,62.0,0.0,NEI
1971-07-28 01:10:24.100,28,7,1971,1,-5.142,152.88,33.0,6.4,Ms,88.0,0.0,NEI
1971-08-02 07:24:56.800,2,8,1971,7,41.381,143.462999999999,51.0,6.6,Mb,184.0,0.0,NEI
1971-08-05 01:58:51.700,5,8,1971,1,-0.853,-22.1299999999999,33.0,7.0,Ms,87.0,0.0,NEI
1971-08-09 12:12:01.700,9,8,1971,12,-5.885,154.312999999999,63.0,6.0,Mb,64.0,0.0,NEI
1971-08-09 20:01:38.200,9,8,1971,20,-5.787,152.194999999999,24.0,6.2,Ms,63.0,0.0,NEI
1971-08-11 14:23:31.600,11,8,1971,14,-62.749,155.711,33.0,6.1,Ms,20.0,0.0,NEI
1971-08-13 16:48:46.500,13,8,1971,16,-6.1,154.091,21.0,6.2,Ms,52.0,0.0,NEI
1971-08-13 20:29:17.300,13,8,1971,20,-6.167,154.13,30.0,6.2,Ms,22.0,0.0,NEI
1971-08-14 09:02:52.600,14,8,1971,9,-15.195,-178.420999999999,33.0,6.6,Ms,32.0,0.0,NEI
1971-08-19 22:15:37.700,19,8,1971,22,49.289,155.448,33.0,6.1,Ms,83.0,0.0,NEI
1971-08-23 04:08:02.000,23,8,1971,4,-3.974,146.059,33.0,6.3,Ms,60.0,0.0,NEI
1971-09-05 18:35:25.000,5,9,1971,18,46.5,141.172,9.0,7.1,Ms,134.0,0.0,NEI
1971-09-05 19:33:47.200,5,9,1971,19,46.405,141.174,15.0,6.3,Ms,82.0,0.0,NEI
1971-09-06 13:37:10.800,6,9,1971,13,46.744999999999905,141.359,29.0,6.1,Mb,124.0,0.0,NEI
1971-09-08 11:48:23.400,8,9,1971,11,46.381,141.146999999999,6.0,6.6,Ms,148.0,0.0,NEI
1971-09-08 16:59:52.600,8,9,1971,16,46.250999999999905,140.938999999999,16.0,6.2,Ms,138.0,0.0,NEI
1971-09-09 23:01:06.800,9,9,1971,23,44.438,150.860999999999,7.0,6.0,Mb,148.0,0.0,NEI
1971-09-14 05:20:29.300,14,9,1971,5,-6.479,151.524,33.0,6.3,Ms,122.0,0.0,NEI
1971-09-15 14:55:05.300,15,9,1971,14,39.106,143.449,17.0,6.0,Ms,121.0,0.0,NEI
1971-09-16 06:22:37.600,16,9,1971,6,-5.916,130.652999999999,115.0,6.2,Mb,88.0,0.0,NEI
1971-09-25 04:36:14.000,25,9,1971,4,-6.541,146.574999999999,115.0,6.3,Mb,136.0,0.0,NEI
1971-09-27 19:01:45.300,27,9,1971,19,46.386,141.109,21.0,6.0,Ms,140.0,0.0,NEI
1971-09-27 22:20:03.200,27,9,1971,22,-3.208,148.144,33.0,6.1,Ms,58.0,0.0,NEI
1971-09-30 08:17:54.600,30,9,1971,8,26.765,-110.777,33.0,6.6,Ms,204.0,0.0,NEI
1971-09-30 21:24:11.000,30,9,1971,21,-0.463,-4.841,33.0,6.0,Mb,92.0,0.0,NEI
1971-10-03 13:24:37.000,3,10,1971,13,-14.6969999999999,171.666,10.0,6.4,Ms,47.0,0.0,NEI
1971-10-14 22:36:28.600,14,10,1971,22,-54.348999999999904,1.844,33.0,6.3,Ms,19.0,0.0,NEI
1971-10-23 01:41:12.700,23,10,1971,1,-54.73499999999991,146.341,33.0,6.2,Ms,49.0,0.0,NEI
1971-10-23 22:33:30.900,23,10,1971,22,11.832,142.479999999999,28.0,6.3,Ms,100.0,0.0,NEI
1971-10-24 01:37:30.400,24,10,1971,1,11.843,142.289999999999,33.0,6.4,Ms,117.0,0.0,NEI
1971-10-24 02:21:02.300,24,10,1971,2,11.851,142.286,33.0,6.2,Mb,131.0,0.0,NEI
1971-10-25 03:46:36.300,25,10,1971,3,-13.0879999999999,166.454,34.0,6.2,Ms,86.0,0.0,NEI
1971-10-27 17:58:36.900,27,10,1971,17,-15.4979999999999,167.22,40.0,7.1,Ms,115.0,0.0,NEI
1971-10-28 18:00:00.500,28,10,1971,18,-13.362,166.436,33.0,6.7,Ms,78.0,0.0,NEI
1971-11-06 22:00:00.100,6,11,1971,22,51.472,179.107,2.0,6.8,Mb,315.0,0.0,DOE
1971-11-20 07:28:01.000,20,11,1971,7,-23.398,-179.914999999999,551.0,6.0,Mb,140.0,0.0,NEI
1971-11-21 05:57:11.900,21,11,1971,5,-11.817,166.532,115.0,6.4,Mb,101.0,0.0,NEI
1971-11-24 19:35:29.100,24,11,1971,19,52.896999999999906,159.187,106.0,6.3,Mb,111.0,0.0,NEI
1971-12-02 17:18:21.800,2,12,1971,17,44.828,153.342999999999,24.0,6.3,Ms,159.0,0.0,NEI
1971-12-04 02:25:51.500,4,12,1971,2,-5.996,154.555,78.0,6.0,Mb,87.0,0.0,NEI
1971-12-05 05:50:05.800,5,12,1971,5,49.625,-129.449999999999,5.0,6.0,Ms,56.0,0.0,NEI
1971-12-07 03:26:19.900,7,12,1971,3,-54.381,5.908,33.0,6.1,Ms,34.0,0.0,NEI
1971-12-07 06:23:11.800,7,12,1971,6,3.704,128.021999999999,69.0,6.0,Mb,92.0,0.0,NEI
1971-12-08 16:05:23.200,8,12,1971,16,-22.9119999999999,-70.757,18.0,6.1,Ms,66.0,0.0,NEI
1971-12-15 08:29:55.300,15,12,1971,8,55.996,163.294999999999,33.0,7.8,Ms,200.0,0.0,NEI
1971-12-30 15:39:37.400,30,12,1971,15,-4.733,151.867999999999,109.0,6.0,Mb,110.0,0.0,NEI
1972-01-04 03:16:54.500,4,1,1972,3,22.552,122.105999999999,33.0,6.9,Ms,134.0,0.0,NEI
1972-01-08 05:27:52.900,8,1,1972,5,20.8739999999999,120.212999999999,33.0,6.3,Ms,132.0,0.0,NEI
1972-01-08 11:34:49.200,8,1,1972,11,-55.759999999999906,-28.7199999999999,60.0,6.2,Mb,31.0,0.0,NEI
1972-01-18 21:55:15.500,18,1,1972,21,-4.78,145.038999999999,33.0,6.6,Ms,67.0,0.0,NEI
1972-01-19 15:00:54.200,19,1,1972,15,-4.702,144.973999999999,33.0,6.4,Ms,74.0,0.0,NEI
1972-01-20 11:36:28.600,20,1,1972,11,36.377,70.7139999999999,213.0,6.0,Mb,121.0,0.0,NEI
1972-01-22 21:50:38.900,22,1,1972,21,-20.483,172.846,33.0,6.3,Ms,65.0,0.0,NEI
1972-01-23 21:17:52.100,23,1,1972,21,-13.1739999999999,166.375,33.0,7.1,Ms,98.0,0.0,NEI
1972-01-24 03:55:42.500,24,1,1972,3,-13.0399999999999,166.398,28.0,6.2,Ms,53.0,0.0,NEI
1972-01-25 02:06:23.300,25,1,1972,2,22.4549999999999,122.261,33.0,7.5,Ms,170.0,0.0,NEI
1972-01-25 03:41:23.700,25,1,1972,3,23.033,122.154,33.0,7.0,Ms,128.0,0.0,NEI
1972-01-28 01:16:21.700,28,1,1972,1,-19.3829999999999,169.11,124.0,6.1,Mb,104.0,0.0,NEI
1972-02-14 23:29:51.700,14,2,1972,23,-11.359,166.335,102.0,6.2,Mb,84.0,0.0,NEI
1972-02-25 01:17:12.500,25,2,1972,1,-60.59799999999991,-25.6649999999999,33.0,6.1,Ms,44.0,0.0,NEI
1972-02-29 09:22:59.800,29,2,1972,9,33.3419999999999,140.782,56.0,6.3,Mb,209.0,0.0,NEI
1972-03-07 07:45:21.900,7,3,1972,7,-28.231,-178.345,192.0,6.2,Mb,103.0,0.0,NEI
1972-03-19 15:57:50.400,19,3,1972,15,40.834,141.901,76.0,6.0,Mb,191.0,0.0,NEI
1972-03-20 07:33:49.600,20,3,1972,7,-6.768,-76.787,64.0,6.1,Mb,164.0,0.0,NEI
1972-03-20 23:31:48.800,20,3,1972,23,51.28999999999991,-179.22,46.0,6.0,Mb,198.0,0.0,NEI
1972-03-22 10:27:41.900,22,3,1972,10,49.061,153.574,134.0,6.3,Mb,211.0,0.0,NEI
1972-03-24 03:38:24.400,24,3,1972,3,56.14,-157.139999999999,43.0,6.0,ML,0.0,0.0,AK
1972-03-25 12:15:29.600,25,3,1972,12,-3.542,150.093999999999,41.0,6.4,Ms,70.0,0.0,NEI
1972-03-25 22:59:40.300,25,3,1972,22,43.415999999999904,146.027999999999,43.0,6.0,Ms,148.0,0.0,NEI
1972-03-30 05:34:54.700,30,3,1972,5,-25.69,179.389,532.0,6.2,Mb,141.0,0.0,NEI
1972-04-01 23:51:23.000,1,4,1972,23,-49.54599999999991,163.734,33.0,6.3,Ms,42.0,0.0,NEI
1972-04-02 21:30:05.400,2,4,1972,21,-13.291,166.131,33.0,6.6,Ms,59.0,0.0,NEI
1972-04-04 22:43:06.700,4,4,1972,22,-7.425,125.584,377.0,6.6,Mb,92.0,0.0,NEI
1972-04-10 02:06:53.200,10,4,1972,2,28.434,52.829,33.0,6.9,Ms,148.0,0.0,NEI
1972-04-11 02:21:15.700,11,4,1972,2,0.967,-28.286,33.0,6.4,Ms,112.0,0.0,NEI
1972-04-17 10:49:42.700,17,4,1972,10,24.19,122.52,35.0,6.1,Ms,140.0,0.0,NEI
1972-04-24 01:20:48.200,24,4,1972,1,-31.3569999999999,-111.063999999999,33.0,6.1,Ms,64.0,0.0,NEI
1972-04-24 09:57:21.700,24,4,1972,9,23.638,121.551,33.0,6.9,Ms,174.0,0.0,NEI
1972-04-25 19:30:09.300,25,4,1972,19,13.3699999999999,120.309,50.0,7.2,Ms,173.0,0.0,NEI
1972-04-28 23:32:10.200,28,4,1972,23,-5.079,154.227,409.0,6.0,Mb,118.0,0.0,NEI
1972-05-04 07:48:17.200,4,5,1972,7,-15.919,167.511,45.0,6.8,Ms,113.0,0.0,NEI
1972-05-04 21:40:00.900,4,5,1972,21,35.124,23.6119999999999,46.0,6.3,Ms,100.0,0.0,NEI
1972-05-05 23:16:27.900,5,5,1972,23,-4.162,152.678,32.0,6.6,Ms,78.0,0.0,NEI
1972-05-07 22:06:30.100,7,5,1972,22,-53.713,-134.214,33.0,6.3,Ms,39.0,0.0,NEI
1972-05-22 06:04:00.100,22,5,1972,6,16.599,122.29,34.0,6.9,Ms,85.0,0.0,NEI
1972-05-22 20:45:57.300,22,5,1972,20,-17.689,-175.188999999999,227.0,6.2,Mb,112.0,0.0,NEI
1972-05-28 01:55:21.900,28,5,1972,1,-11.023,117.059,33.0,6.3,Mb,99.0,0.0,NEI
1972-06-08 18:53:41.700,8,6,1972,18,-30.4579999999999,-71.799,39.0,6.6,Ms,56.0,0.0,NEI
1972-06-24 15:29:22.200,24,6,1972,15,36.229999999999905,69.671,47.0,6.1,Ms,127.0,0.0,NEI
1972-07-23 19:13:09.000,23,7,1972,19,50.149,-129.273,33.0,6.4,Ms,104.0,0.0,NEI
1972-07-30 20:13:56.100,30,7,1972,20,-4.639,152.297,16.0,6.0,Ms,64.0,0.0,NEI
1972-07-30 21:45:14.100,30,7,1972,21,56.82,-135.685,25.0,7.6,Ms,103.0,0.0,NEI
1972-08-03 04:40:54.900,3,8,1972,4,51.198999999999906,-178.119,49.0,6.2,Ms,80.0,0.0,NEI
1972-08-04 20:01:37.700,4,8,1972,20,-11.239,162.051999999999,34.0,6.0,Ms,55.0,0.0,NEI
1972-08-04 22:30:36.300,4,8,1972,22,-11.109,162.033999999999,36.0,6.1,Ms,40.0,0.0,NEI
1972-08-05 05:31:32.400,5,8,1972,5,-11.23,161.928,33.0,6.1,Ms,35.0,0.0,NEI
1972-08-05 06:30:58.800,5,8,1972,6,-11.179,162.13,33.0,6.1,Ms,45.0,0.0,NEI
1972-08-07 09:24:14.700,7,8,1972,9,-16.6469999999999,-172.098999999999,33.0,6.0,Ms,74.0,0.0,NEI
1972-08-17 23:44:05.900,17,8,1972,23,-5.962,152.901999999999,10.0,7.1,Ms,108.0,0.0,NEI
1972-08-18 00:23:48.200,18,8,1972,0,-6.019,152.639999999999,8.0,6.0,Mb,47.0,0.0,NEI
1972-08-19 16:06:14.900,19,8,1972,16,-5.19,134.054,33.0,6.1,Mb,22.0,0.0,NEI
1972-08-28 18:58:03.200,28,8,1972,18,-21.26,-174.529,33.0,6.0,Ms,59.0,0.0,NEI
1972-08-30 10:29:51.100,30,8,1972,10,-3.478,144.934,13.0,6.4,Ms,56.0,0.0,NEI
1972-09-02 01:49:36.800,2,9,1972,1,29.3649999999999,130.542,41.0,6.1,Mb,111.0,0.0,NEI
1972-09-03 06:31:21.600,3,9,1972,6,-5.552,151.276999999999,45.0,6.2,Ms,53.0,0.0,NEI
1972-09-03 16:48:28.800,3,9,1972,16,35.9789999999999,73.417,36.0,6.3,Mb,83.0,0.0,NEI
1972-09-04 18:11:12.000,4,9,1972,18,-11.68,166.241,62.0,6.0,Mb,86.0,0.0,NEI
1972-09-05 17:18:27.100,5,9,1972,17,1.876,128.169,132.0,6.1,Mb,69.0,0.0,NEI
1972-09-05 17:30:35.600,5,9,1972,17,-19.8769999999999,169.002,52.0,6.1,Mb,93.0,0.0,NEI
1972-09-09 02:44:03.100,9,9,1972,2,-15.368,-175.673,35.0,6.1,Ms,52.0,0.0,NEI
1972-09-10 06:03:25.700,10,9,1972,6,-20.1999999999999,168.8,39.0,6.2,Ms,59.0,0.0,NEI
1972-09-11 13:35:48.500,11,9,1972,13,-3.243,130.763,33.0,6.0,Ms,87.0,0.0,NEI
1972-09-13 04:13:20.500,13,9,1972,4,37.927999999999905,22.387,83.0,6.0,Mb,158.0,0.0,NEI
1972-09-13 14:33:38.000,13,9,1972,14,-20.3709999999999,168.843999999999,35.0,6.6,Ms,102.0,0.0,NEI
1972-09-16 09:14:34.600,16,9,1972,9,15.244,-96.2289999999999,33.0,6.0,Mb,139.0,0.0,NEI
1972-09-17 14:07:15.600,17,9,1972,14,38.283,20.34,33.0,6.3,Ms,114.0,0.0,NEI
1972-09-19 01:36:52.400,19,9,1972,1,19.536,-70.14799999999991,33.0,6.1,Ms,140.0,0.0,NEI
1972-09-22 19:57:27.400,22,9,1972,19,22.331,121.197,33.0,6.2,Ms,98.0,0.0,NEI
1972-09-23 02:14:26.800,23,9,1972,2,22.3189999999999,121.355,33.0,6.1,Ms,83.0,0.0,NEI
1972-09-24 20:09:35.600,24,9,1972,20,-6.282,131.218999999999,33.0,6.9,Ms,51.0,0.0,NEI
1972-09-27 09:01:43.800,27,9,1972,9,-16.468,-172.166,33.0,6.0,Ms,94.0,0.0,NEI
1972-10-01 23:49:36.200,1,10,1972,23,7.468,123.749,613.0,6.0,Mb,84.0,0.0,NEI
1972-10-18 20:01:51.100,18,10,1972,20,-8.587,124.917,33.0,6.3,Mb,15.0,0.0,NEI
1972-10-20 08:17:48.600,20,10,1972,8,18.7809999999999,-106.727,38.0,6.5,Ms,129.0,0.0,NEI
1972-10-26 17:05:03.700,26,10,1972,17,27.4439999999999,128.538,47.0,6.0,Mb,149.0,0.0,NEI
1972-10-27 09:23:08.700,27,10,1972,9,-19.9499999999999,168.898,39.0,6.2,Ms,86.0,0.0,NEI
1972-10-28 02:27:10.100,28,10,1972,2,-7.325,146.663999999999,2.0,6.0,Ms,72.0,0.0,NEI
1972-10-29 23:47:16.900,29,10,1972,23,-30.216,60.688,33.0,6.1,Mb,16.0,0.0,NEI
1972-10-30 16:48:09.400,30,10,1972,16,-6.331,154.797,50.0,6.2,Ms,68.0,0.0,NEI
1972-11-02 19:55:22.100,2,11,1972,19,-20.0489999999999,168.839,32.0,7.0,Ms,85.0,0.0,NEI
1972-11-04 21:36:01.700,4,11,1972,21,-8.19,112.337,126.0,6.0,Mb,89.0,0.0,NEI
1972-11-04 23:48:22.300,4,11,1972,23,-20.164,168.878999999999,21.0,6.1,Ms,49.0,0.0,NEI
1972-11-09 18:41:14.500,9,11,1972,18,23.885,121.581,33.0,6.1,Ms,115.0,0.0,NEI
1972-11-12 17:56:44.400,12,11,1972,17,38.42399999999991,73.284,33.0,6.0,Mb,112.0,0.0,NEI
1972-11-13 04:43:45.200,13,11,1972,4,15.5749999999999,-94.98399999999991,33.0,6.5,Ms,96.0,0.0,NEI
1972-11-21 03:59:08.500,21,11,1972,3,-6.503,154.25,34.0,6.4,Ms,54.0,0.0,NEI
1972-12-02 00:19:47.200,2,12,1972,0,6.473,126.601,33.0,7.4,Ms,141.0,0.0,NEI
1972-12-04 10:16:12.000,4,12,1972,10,33.326,140.684,66.0,6.6,Mb,177.0,0.0,NEI
1972-12-04 17:51:22.400,4,12,1972,17,-1.523,136.679,33.0,6.0,Mb,83.0,0.0,NEI
1972-12-06 01:43:24.800,6,12,1972,1,-2.995,139.139999999999,33.0,6.0,Ms,65.0,0.0,NEI
1972-12-10 18:26:07.100,10,12,1972,18,44.774,149.393,13.0,6.0,Mb,132.0,0.0,NEI
1972-12-22 08:55:10.900,22,12,1972,8,-7.203,127.699,108.0,6.0,Mb,13.0,0.0,NEI
1972-12-22 12:19:00.100,22,12,1972,12,-55.396,-28.172,33.0,6.4,Ms,117.0,0.0,NEI
1972-12-22 16:22:08.900,22,12,1972,16,-15.984,-172.416,33.0,6.0,Ms,81.0,0.0,NEI
1972-12-23 06:29:42.500,23,12,1972,6,12.3569999999999,-86.119,5.0,6.2,Ms,99.0,0.0,NEI
1972-12-27 22:59:29.700,27,12,1972,22,76.786,-107.038,33.0,6.0,Ms,65.0,0.0,NEI
1972-12-29 04:51:01.600,29,12,1972,4,-30.556,-71.021,60.0,6.0,Mb,55.0,0.0,NEI
1973-01-01 11:42:37.500,1,1,1973,11,-35.5129999999999,-16.2109999999999,33.0,6.0,Ms,39.0,0.0,NEI
1973-01-05 13:54:29.100,5,1,1973,13,-38.997,175.232,150.0,6.2,Mb,70.0,0.0,NEI
1973-01-06 15:52:41.900,6,1,1973,15,-14.6649999999999,166.383999999999,36.0,6.1,Mb,71.0,0.0,NEI
1973-01-18 09:28:14.100,18,1,1973,9,-6.868,149.992999999999,43.0,6.8,Ms,77.0,0.0,NEI
1973-01-22 00:37:58.000,22,1,1973,0,18.6009999999999,-104.967,33.0,6.1,Ms,87.0,0.0,NEI
1973-01-27 13:08:43.700,27,1,1973,13,-0.115,123.931,55.0,6.0,Mb,160.0,0.0,NEI
1973-01-30 21:01:12.500,30,1,1973,21,18.481,-102.996,43.0,7.5,Ms,190.0,0.0,NEI
1973-01-31 20:55:53.100,31,1,1973,20,28.206,139.227,498.0,6.0,Mb,189.0,0.0,NEI
1973-02-01 05:14:20.600,1,2,1973,5,-22.655,-66.19499999999991,229.0,6.1,Mb,112.0,0.0,NEI
1973-02-06 10:37:10.100,6,2,1973,10,31.398,100.581,33.0,7.4,Ms,78.0,0.0,NEI
1973-02-08 10:09:08.300,8,2,1973,10,-45.475,96.2879999999999,33.0,6.1,Ms,30.0,0.0,NEI
1973-02-14 16:11:14.900,14,2,1973,16,-30.387,-177.508999999999,29.0,6.3,Ms,76.0,0.0,NEI
1973-02-24 07:38:27.000,24,2,1973,7,-19.1939999999999,168.74,59.0,6.0,Mb,116.0,0.0,NEI
1973-02-25 05:35:55.400,25,2,1973,5,-61.03699999999991,-37.881,33.0,6.4,Mb,76.0,0.0,NEI
1973-02-28 06:37:49.500,28,2,1973,6,50.485999999999905,156.584,27.0,7.2,Ms,178.0,0.0,NEI
1973-03-04 17:57:43.500,4,3,1973,17,54.828,161.598999999999,32.0,6.1,Mb,92.0,0.0,NEI
1973-03-09 10:06:37.700,9,3,1973,10,6.274,127.336,55.0,6.0,Mb,69.0,0.0,NEI
1973-03-12 19:39:21.000,12,3,1973,19,50.835,157.103,54.0,6.1,Mb,202.0,0.0,NEI
1973-03-16 00:51:47.000,16,3,1973,0,2.091,126.643,18.0,6.3,Ms,94.0,0.0,NEI
1973-03-17 04:57:12.700,17,3,1973,4,-19.376,169.359,194.0,6.0,Mb,111.0,0.0,NEI
1973-03-17 08:30:51.800,17,3,1973,8,13.372,122.787,33.0,7.0,Ms,94.0,0.0,NEI
1973-03-18 11:06:14.700,18,3,1973,11,2.033,126.58,33.0,6.5,Ms,94.0,0.0,NEI
1973-03-26 02:37:21.300,26,3,1973,2,23.4149999999999,123.956999999999,16.0,6.0,Ms,97.0,0.0,NEI
1973-03-28 23:55:47.300,28,3,1973,23,23.338,123.757,33.0,6.0,Ms,93.0,0.0,NEI
1973-04-03 13:54:01.800,3,4,1973,13,4.691,-75.628,158.0,6.2,Mb,95.0,0.0,NEI
1973-04-07 03:00:58.800,7,4,1973,3,6.966,91.384,33.0,6.6,Ms,60.0,0.0,NEI
1973-04-07 12:22:47.300,7,4,1973,12,-58.302,-13.394,33.0,6.7,Ms,17.0,0.0,NEI
1973-04-08 12:41:02.000,8,4,1973,12,-15.779,167.217999999999,35.0,6.4,Ms,69.0,0.0,NEI
1973-04-11 05:12:18.900,11,4,1973,5,64.89,-159.49,0.0,6.0,ML,0.0,0.0,AK
1973-04-12 13:49:15.800,12,4,1973,13,50.893,157.443,52.0,6.1,Mb,211.0,0.0,NEI
1973-04-14 08:34:00.100,14,4,1973,8,10.679,-84.759,33.0,6.5,Ms,117.0,0.0,NEI
1973-04-17 12:34:26.500,17,4,1973,12,-4.439,134.03,33.0,6.4,Ms,68.0,0.0,NEI
1973-04-24 21:30:09.900,24,4,1973,21,4.956,-78.144,50.0,6.5,Ms,230.0,0.0,NEI
1973-04-25 21:34:37.900,25,4,1973,21,-59.280999999999906,-26.097,67.0,6.0,Mb,104.0,0.0,NEI
1973-04-26 20:26:31.640,26,4,1973,20,19.8653,-155.1528,38.71,6.2,Ms,26.0,0.1,HV
1973-05-29 06:14:22.300,29,5,1973,6,54.011,-163.759999999999,30.0,6.0,Mb,95.0,0.0,NEI
1973-06-01 07:22:57.000,1,6,1973,7,-47.79599999999991,99.661,33.0,6.3,Ms,38.0,0.0,NEI
1973-06-05 03:12:25.800,5,6,1973,3,-17.192,167.813999999999,24.0,6.1,Ms,58.0,0.0,NEI
1973-06-09 08:21:27.300,9,6,1973,8,-10.294,161.361999999999,70.0,6.3,Mb,97.0,0.0,NEI
1973-06-11 08:42:04.000,11,6,1973,8,53.692999999999905,161.593999999999,30.0,6.0,Ms,139.0,0.0,NEI
1973-06-17 03:55:02.900,17,6,1973,3,43.232999999999905,145.785,48.0,7.7,Ms,201.0,0.0,NEI
1973-06-17 20:37:57.300,17,6,1973,20,42.706,146.041,50.0,6.0,Ms,196.0,0.0,NEI
1973-06-24 02:43:25.500,24,6,1973,2,43.317999999999905,146.442,50.0,7.1,Ms,183.0,0.0,NEI
1973-06-26 22:32:00.200,26,6,1973,22,43.174999999999905,146.56,50.0,6.6,Ms,158.0,0.0,NEI
1973-07-01 13:33:34.600,1,7,1973,13,57.84,-137.33,33.0,6.7,Ms,116.0,0.0,NEI
1973-07-03 06:37:34.400,3,7,1973,6,12.271,125.433,44.0,6.0,Ms,68.0,0.0,NEI
1973-07-03 07:03:43.900,3,7,1973,7,12.205,125.33,33.0,6.5,Ms,129.0,0.0,NEI
1973-07-03 16:59:35.100,3,7,1973,16,57.979999999999905,-138.020999999999,33.0,6.0,Ms,124.0,0.0,NEI
1973-07-05 22:46:16.300,5,7,1973,22,13.225,124.699,38.0,6.0,Ms,65.0,0.0,NEI
1973-07-14 04:51:21.000,14,7,1973,4,35.1779999999999,86.48099999999991,33.0,6.9,Ms,130.0,0.0,NEI
1973-07-31 10:51:13.200,31,7,1973,10,-27.1179999999999,-71.51399999999991,33.0,6.3,Ms,96.0,0.0,NEI
1973-07-31 20:44:52.200,31,7,1973,20,-8.767,160.991,30.0,6.0,Ms,80.0,0.0,NEI
1973-08-01 01:31:30.900,1,8,1973,1,-14.2639999999999,167.274,200.0,6.1,Mb,129.0,0.0,NEI
1973-08-05 15:47:32.900,5,8,1973,15,-16.231,-173.11,33.0,6.1,Mb,132.0,0.0,NEI
1973-08-07 03:41:25.600,7,8,1973,3,-26.7809999999999,-70.879,25.0,6.1,Ms,77.0,0.0,NEI
1973-08-07 06:39:00.800,7,8,1973,6,-54.35099999999991,-136.55,33.0,6.1,Ms,35.0,0.0,NEI
1973-08-07 14:22:45.400,7,8,1973,14,-26.829,-70.9189999999999,14.0,6.3,Ms,75.0,0.0,NEI
1973-08-09 10:44:26.500,9,8,1973,10,43.445999999999906,146.432999999999,55.0,6.0,Mb,106.0,0.0,NEI
1973-08-11 07:15:39.700,11,8,1973,7,32.9949999999999,104.015,33.0,6.1,Ms,97.0,0.0,NEI
1973-08-13 08:28:19.700,13,8,1973,8,-4.471,144.042,112.0,6.0,Mb,122.0,0.0,NEI
1973-08-16 03:58:10.700,16,8,1973,3,23.052,101.11,33.0,6.4,Ms,68.0,0.0,NEI
1973-08-18 08:25:44.100,18,8,1973,8,11.5109999999999,121.389,14.0,6.1,Ms,77.0,0.0,NEI
1973-08-22 06:39:21.400,22,8,1973,6,-32.7909999999999,-179.208,33.0,6.0,Ms,77.0,0.0,NEI
1973-08-28 09:50:40.000,28,8,1973,9,18.2669999999999,-96.5979999999999,84.0,6.8,Mb,189.0,0.0,NEI
1973-08-28 15:01:59.100,28,8,1973,15,-0.189,-18.027,33.0,6.8,Ms,122.0,0.0,NEI
1973-09-10 07:43:30.500,10,9,1973,7,42.453,130.907,532.0,6.0,Mb,173.0,0.0,NEI
1973-09-12 06:59:54.300,12,9,1973,6,73.302,55.161,0.0,6.8,Mb,226.0,0.0,NEI
1973-09-18 13:32:51.500,18,9,1973,13,-54.518,-132.624,33.0,6.4,Ms,44.0,0.0,NEI
1973-09-20 20:43:39.800,20,9,1973,20,9.048,123.789,560.0,6.0,Mb,142.0,0.0,NEI
1973-09-21 07:13:34.000,21,9,1973,7,-4.387,-102.003,33.0,6.1,Mb,108.0,0.0,NEI
1973-09-21 07:31:02.800,21,9,1973,7,-4.364,-101.938999999999,33.0,6.0,Mb,95.0,0.0,NEI
1973-09-25 16:17:28.300,25,9,1973,16,-54.848999999999904,145.848999999999,33.0,6.3,Ms,47.0,0.0,NEI
1973-09-29 00:44:00.800,29,9,1973,0,41.890999999999906,130.872,575.0,6.5,Mb,267.0,0.0,NEI
1973-10-05 05:45:27.300,5,10,1973,5,-32.987,-71.9159999999999,14.0,6.5,Ms,98.0,0.0,NEI
1973-10-05 05:47:51.100,5,10,1973,5,-32.518,-71.47799999999991,33.0,6.7,Ms,20.0,0.0,NEI
1973-10-06 15:07:37.300,6,10,1973,15,-60.823,-21.5489999999999,33.0,7.0,Ms,49.0,0.0,NEI
1973-10-09 07:57:31.000,9,10,1973,7,-14.233,167.228,9.0,6.4,Ms,56.0,0.0,NEI
1973-10-11 02:07:52.700,11,10,1973,2,0.636,-29.5139999999999,33.0,6.3,Ms,47.0,0.0,NEI
1973-10-18 10:49:37.500,18,10,1973,10,19.379,-104.974999999999,45.0,6.0,Mb,136.0,0.0,NEI
1973-10-25 14:08:59.500,25,10,1973,14,-21.9849999999999,-63.655999999999906,529.0,6.1,Mb,177.0,0.0,NEI
1973-11-06 09:36:05.000,6,11,1973,9,51.619,-175.404,34.0,6.4,Ms,172.0,0.0,NEI
1973-11-06 18:26:35.100,6,11,1973,18,51.579,-175.247,41.0,6.3,Ms,183.0,0.0,NEI
1973-11-08 08:59:10.000,8,11,1973,8,50.052,156.309,33.0,6.1,Ms,145.0,0.0,NEI
1973-11-11 02:43:06.200,11,11,1973,2,49.975,156.355999999999,51.0,6.0,Mb,169.0,0.0,NEI
1973-11-19 13:01:56.100,19,11,1973,13,38.911,141.91,56.0,6.1,Mb,137.0,0.0,NEI
1973-11-30 08:09:55.400,30,11,1973,8,-15.198,167.390999999999,124.0,6.0,Mb,113.0,0.0,NEI
1973-12-09 19:55:45.600,9,12,1973,19,-19.9119999999999,169.751,39.0,6.8,Ms,54.0,0.0,NEI
1973-12-09 20:57:57.800,9,12,1973,20,-19.7719999999999,169.883999999999,34.0,6.3,Ms,35.0,0.0,NEI
1973-12-19 04:43:01.500,19,12,1973,4,-9.436,119.452,58.0,6.0,Mb,76.0,0.0,NEI
1973-12-28 05:31:06.400,28,12,1973,5,-23.8709999999999,179.96,549.0,6.4,Mb,209.0,0.0,NEI
1973-12-28 13:41:45.800,28,12,1973,13,-14.464,166.601,26.0,7.5,Ms,85.0,0.0,NEI
1973-12-29 00:19:31.100,29,12,1973,0,-15.117,166.895999999999,47.0,7.2,Ms,117.0,0.0,NEI
1973-12-29 08:20:16.200,29,12,1973,8,54.64,168.735,33.0,6.0,Ms,132.0,0.0,NEI
1973-12-30 16:21:29.300,30,12,1973,16,-15.317,-173.084,33.0,6.2,Ms,57.0,0.0,NEI
1973-12-30 16:39:29.700,30,12,1973,16,-15.506,166.639,10.0,6.6,Ms,63.0,0.0,NEI
1974-01-02 10:42:29.900,2,1,1974,10,-22.538,-68.397,105.0,6.4,Mb,126.0,0.0,NEI
1974-01-05 08:33:50.700,5,1,1974,8,-12.2989999999999,-76.352,98.0,6.3,Mb,168.0,0.0,NEI
1974-01-08 21:47:21.600,8,1,1974,21,-38.954,46.18,33.0,6.1,Ms,53.0,0.0,NEI
1974-01-10 08:51:13.300,10,1,1974,8,-14.4339999999999,166.863,34.0,7.2,Ms,123.0,0.0,NEI
1974-01-11 05:36:30.800,11,1,1974,5,-14.159,166.589,15.0,6.2,Ms,61.0,0.0,NEI
1974-01-24 19:12:52.100,24,1,1974,19,42.125999999999905,143.913,45.0,6.1,Ms,175.0,0.0,NEI
1974-01-26 05:35:33.600,26,1,1974,5,18.596,-103.401,33.0,6.1,Ms,50.0,0.0,NEI
1974-01-30 09:53:12.000,30,1,1974,9,-5.157,134.074,33.0,6.3,Ms,89.0,0.0,NEI
1974-01-31 23:30:05.300,31,1,1974,23,-7.461,155.894,34.0,7.0,Ms,164.0,0.0,NEI
1974-02-01 03:12:33.100,1,2,1974,3,-7.383,155.574999999999,40.0,7.1,Ms,53.0,0.0,NEI
1974-02-06 04:04:07.200,6,2,1974,4,53.79899999999991,-164.672,2.0,6.5,Ms,118.0,0.0,NEI
1974-02-16 01:51:10.800,16,2,1974,1,11.43,92.346,25.0,6.0,Ms,101.0,0.0,NEI
1974-02-16 01:53:46.600,16,2,1974,1,11.446,92.3569999999999,33.0,6.1,Ms,62.0,0.0,NEI
1974-02-19 03:30:21.800,19,2,1974,3,13.909,122.116,17.0,6.1,Ms,85.0,0.0,NEI
1974-02-22 00:36:53.800,22,2,1974,0,33.151,136.906,385.0,6.0,Mb,216.0,0.0,NEI
1974-02-28 13:59:17.800,28,2,1974,13,-36.813,176.851,15.0,6.2,Ms,57.0,0.0,NEI
1974-02-28 20:20:10.200,28,2,1974,20,9.336,-84.06399999999991,46.0,6.2,Ms,121.0,0.0,NEI
1974-03-03 14:22:37.500,3,3,1974,14,-20.062,169.711999999999,17.0,6.1,Ms,74.0,0.0,NEI
1974-03-06 19:29:08.100,6,3,1974,19,-6.604,128.978,26.0,6.3,Ms,32.0,0.0,NEI
1974-03-09 20:14:28.300,9,3,1974,20,-7.484,156.179,50.0,6.5,Ms,86.0,0.0,NEI
1974-03-09 20:18:06.300,9,3,1974,20,-7.335,156.193,33.0,6.6,Ms,19.0,0.0,NEI
1974-03-18 10:56:12.400,18,3,1974,10,-14.929,-172.833,27.0,6.0,Ms,101.0,0.0,NEI
1974-03-23 14:28:35.400,23,3,1974,14,-23.931,179.779,535.0,6.1,Mb,204.0,0.0,NEI
1974-03-23 20:25:51.800,23,3,1974,20,-21.931,173.706999999999,33.0,6.1,Ms,61.0,0.0,NEI
1974-04-06 03:56:01.800,6,4,1974,3,55.119999999999905,-160.443,40.0,6.0,Mb,190.0,0.0,NEI
1974-04-27 07:24:54.000,27,4,1974,7,-26.2459999999999,-175.912,45.0,6.1,Mb,148.0,0.0,NEI
1974-05-07 02:25:10.800,7,5,1974,2,-16.693,-177.342,33.0,6.0,Ms,49.0,0.0,NEI
1974-05-08 23:33:25.200,8,5,1974,23,34.5219999999999,138.74,2.0,6.5,Ms,169.0,0.0,NEI
1974-05-10 08:12:05.000,10,5,1974,8,-4.372,-102.108999999999,33.0,6.1,Mb,73.0,0.0,NEI
1974-05-10 19:25:15.000,10,5,1974,19,28.2429999999999,104.015,11.0,6.8,Ms,112.0,0.0,NEI
1974-05-11 00:43:44.900,11,5,1974,0,1.744,126.381,33.0,6.0,Ms,112.0,0.0,NEI
1974-05-11 06:14:08.600,11,5,1974,6,19.7399999999999,147.274,6.0,6.4,Mb,183.0,0.0,NEI
1974-05-15 18:59:55.900,15,5,1974,18,50.049999999999905,156.113,56.0,6.1,Mb,115.0,0.0,NEI
1974-05-17 15:22:07.400,17,5,1974,15,-11.173,-75.0769999999999,111.0,6.0,Mb,128.0,0.0,NEI
1974-05-17 20:55:11.200,17,5,1974,20,-6.513,106.837,131.0,6.0,Mb,126.0,0.0,NEI
1974-05-26 01:32:11.200,26,5,1974,1,-17.699,167.752,13.0,6.0,Ms,120.0,0.0,NEI
1974-05-26 15:24:24.000,26,5,1974,15,-17.616,167.491,7.0,6.2,Mb,10.0,0.0,NEI
1974-05-31 14:04:59.900,31,5,1974,14,27.2259999999999,-111.238,33.0,6.3,Ms,52.0,0.0,NEI
1974-06-04 04:14:15.900,4,6,1974,4,-15.847,-175.101,276.0,6.0,Mb,100.0,0.0,NEI
1974-06-07 06:47:36.300,7,6,1974,6,-15.443,-175.315,33.0,6.0,Ms,35.0,0.0,NEI
1974-06-12 16:25:47.600,12,6,1974,16,10.563,-63.381999999999906,34.0,6.1,Ms,97.0,0.0,NEI
1974-06-19 02:55:19.700,19,6,1974,2,-33.4159999999999,56.875,33.0,6.6,Ms,22.0,0.0,NEI
1974-06-24 20:34:35.400,24,6,1974,20,-55.832999999999906,-27.451,80.0,6.0,Mb,63.0,0.0,NEI
1974-06-25 05:05:19.000,25,6,1974,5,-54.642,-131.616,33.0,6.1,Mb,26.0,0.0,NEI
1974-06-25 17:22:19.300,25,6,1974,17,-26.09,84.28,33.0,6.6,Ms,49.0,0.0,NEI
1974-06-27 07:46:11.900,27,6,1974,7,-4.718,152.505,70.0,6.1,Mb,62.0,0.0,NEI
1974-07-02 23:26:26.600,2,7,1974,23,-29.082,-175.954,33.0,7.2,Ms,115.0,0.0,NEI
1974-07-03 23:25:09.300,3,7,1974,23,-29.122,-176.11,33.0,6.6,Ms,109.0,0.0,NEI
1974-07-04 19:30:42.100,4,7,1974,19,45.136,94.034,33.0,6.7,Ms,133.0,0.0,NEI
1974-07-08 05:45:37.000,8,7,1974,5,36.414,141.104,35.0,6.0,Ms,193.0,0.0,NEI
1974-07-13 01:18:22.800,13,7,1974,1,7.747,-77.688,12.0,7.3,Ms,166.0,0.0,NEI
1974-07-29 07:16:26.100,29,7,1974,7,46.122,153.092,33.0,6.2,Ms,177.0,0.0,NEI
1974-07-30 05:12:40.600,30,7,1974,5,36.353,70.763,211.0,6.5,Mb,130.0,0.0,NEI
1974-08-01 05:08:00.700,1,8,1974,5,56.589799999999904,-152.349999999999,10.0,6.1,ML,0.0,0.0,AK
1974-08-01 05:55:36.900,1,8,1974,5,56.589799999999904,-152.22,0.0,6.3,ML,0.0,0.0,AK
1974-08-01 07:59:55.400,1,8,1974,7,56.509999999999906,-152.43,0.0,6.0,ML,0.0,0.0,AK
1974-08-08 19:16:45.900,8,8,1974,19,24.5719999999999,122.687,32.0,6.0,Ms,56.0,0.0,NEI
1974-08-11 01:13:55.500,11,8,1974,1,39.457,73.8299999999999,9.0,7.3,Ms,122.0,0.0,NEI
1974-08-11 21:21:33.800,11,8,1974,21,39.469,73.629,9.0,6.1,Ms,92.0,0.0,NEI
1974-08-18 10:44:12.800,18,8,1974,10,-38.453,-73.4309999999999,36.0,7.1,Ms,74.0,0.0,NEI
1974-09-07 20:43:11.500,7,9,1974,20,-9.815,108.355999999999,33.0,6.5,Ms,73.0,0.0,NEI
1974-09-21 12:40:22.100,21,9,1974,12,-23.7079999999999,-175.978,33.0,6.3,Ms,85.0,0.0,NEI
1974-09-23 19:28:17.200,23,9,1974,19,-0.278,12.917,33.0,6.2,Ms,122.0,0.0,NEI
1974-09-27 03:10:07.900,27,9,1974,3,33.6019999999999,141.127999999999,46.0,6.1,Ms,191.0,0.0,NEI
1974-09-27 05:47:29.400,27,9,1974,5,43.176,146.651,43.0,6.7,Ms,190.0,0.0,NEI
1974-10-03 14:21:29.100,3,10,1974,14,-12.265,-77.795,13.0,7.6,Ms,165.0,0.0,NEI
1974-10-07 21:52:40.400,7,10,1974,21,-58.29899999999991,-27.3709999999999,33.0,6.0,Mb,44.0,0.0,NEI
1974-10-08 09:50:58.100,8,10,1974,9,17.3,-62.0,47.0,7.5,Ms,186.0,0.0,NEI
1974-10-09 07:32:02.200,9,10,1974,7,44.723999999999904,150.119,49.0,6.4,Ms,178.0,0.0,NEI
1974-10-10 06:48:14.000,10,10,1974,6,40.96,143.128999999999,29.0,6.2,Ms,151.0,0.0,NEI
1974-10-10 06:56:49.000,10,10,1974,6,40.929,143.111999999999,45.0,6.2,Ms,88.0,0.0,NEI
1974-10-10 21:32:10.600,10,10,1974,21,-4.139,102.827,21.0,6.0,Mb,127.0,0.0,NEI
1974-10-11 08:33:52.300,11,10,1974,8,-60.747999999999905,153.931,33.0,6.1,Ms,36.0,0.0,NEI
1974-10-12 06:14:51.500,12,10,1974,6,40.506,143.574999999999,24.0,6.0,Ms,106.0,0.0,NEI
1974-10-16 05:45:09.800,16,10,1974,5,52.636,-32.07,33.0,6.9,Ms,160.0,0.0,NEI
1974-10-21 04:12:29.400,21,10,1974,4,-17.9089999999999,-178.611999999999,602.0,6.0,Mb,89.0,0.0,NEI
1974-10-23 06:14:54.000,23,10,1974,6,-8.42,154.033999999999,48.0,7.2,Ms,84.0,0.0,NEI
1974-10-27 10:30:38.800,27,10,1974,10,-15.4469999999999,167.175999999999,36.0,6.3,Mb,13.0,0.0,NEI
1974-10-29 03:14:14.600,29,10,1974,3,-6.88,129.462999999999,117.0,6.5,Mb,202.0,0.0,NEI
1974-11-02 04:59:56.700,2,11,1974,4,70.81699999999991,54.063,0.0,6.7,Mb,205.0,0.0,NEI
1974-11-08 21:23:21.800,8,11,1974,21,42.488999999999905,141.78,132.0,6.0,Mb,148.0,0.0,NEI
1974-11-09 12:59:49.800,9,11,1974,12,-12.5,-77.786,6.0,7.2,Ms,131.0,0.0,NEI
1974-11-09 19:10:55.200,9,11,1974,19,-6.498,105.342,51.0,6.1,Mb,161.0,0.0,NEI
1974-11-10 04:25:31.800,10,11,1974,4,-15.859,-178.509999999999,33.0,6.1,Ms,76.0,0.0,NEI
1974-11-14 04:48:52.290,14,11,1974,4,58.49,-154.639999999999,25.0,6.6,ML,0.0,0.0,AK
1974-11-19 04:58:23.000,19,11,1974,4,-3.19,150.637,18.0,6.1,Ms,55.0,0.0,NEI
1974-11-20 04:14:46.900,20,11,1974,4,-15.023,167.139,33.0,6.9,Ms,119.0,0.0,NEI
1974-11-20 13:21:41.200,20,11,1974,13,-53.566,-28.3449999999999,33.0,6.0,Mb,41.0,0.0,NEI
1974-11-27 18:45:12.500,27,11,1974,18,-6.1,154.158999999999,49.0,6.1,Mb,8.0,0.0,NEI
1974-11-29 22:05:22.400,29,11,1974,22,30.698,138.318999999999,419.0,6.1,Mb,216.0,0.0,NEI
1974-12-03 03:06:35.200,3,12,1974,3,-5.012,129.779,33.0,6.5,Ms,75.0,0.0,NEI
1974-12-04 03:07:46.300,4,12,1974,3,0.393,97.843,20.0,6.9,Ms,89.0,0.0,NEI
1974-12-05 11:57:31.300,5,12,1974,11,-7.686,-74.453,162.0,6.0,Mb,148.0,0.0,NEI
1974-12-21 08:28:55.900,21,12,1974,8,-14.563,-175.232,33.0,6.1,Ms,46.0,0.0,NEI
1974-12-24 06:55:47.100,24,12,1974,6,-2.308,99.043,33.0,6.8,Ms,59.0,0.0,NEI
1974-12-28 12:11:43.700,28,12,1974,12,35.054,72.87,22.0,6.2,Ms,110.0,0.0,NEI
1974-12-31 20:21:09.000,31,12,1974,20,14.1259999999999,-91.8239999999999,39.0,6.1,Ms,74.0,0.0,NEI
1975-01-01 03:55:13.500,1,1,1975,3,61.84,-149.56,51.0,6.1,ML,0.0,0.0,AK
1975-01-08 01:58:55.100,8,1,1975,1,-2.995,101.776,95.0,6.0,Mb,70.0,0.0,NEI
1975-01-12 17:47:23.500,12,1,1975,17,-33.512,-178.087999999999,23.0,6.0,Ms,50.0,0.0,NEI
1975-01-14 19:48:59.200,14,1,1975,19,-4.956,129.991999999999,33.0,6.5,Ms,83.0,0.0,NEI
1975-01-15 11:34:41.300,15,1,1975,11,29.4059999999999,101.709,33.0,6.0,Ms,84.0,0.0,NEI
1975-01-19 08:02:02.500,19,1,1975,8,32.4549999999999,78.43,33.0,6.8,Ms,180.0,0.0,NEI
1975-01-19 08:12:08.100,19,1,1975,8,31.9499999999999,78.521,33.0,6.0,Mb,66.0,0.0,NEI
1975-01-25 02:08:41.500,25,1,1975,2,7.218,-77.77299999999991,36.0,6.5,Ms,153.0,0.0,NEI
1975-02-02 08:43:39.100,2,2,1975,8,53.113,173.497,10.0,7.6,Ms,205.0,0.0,NEI
1975-02-04 11:36:07.500,4,2,1975,11,40.640999999999906,122.58,33.0,7.4,Ms,166.0,0.0,NEI
1975-02-07 04:51:44.000,7,2,1975,4,-7.288,149.513,33.0,6.4,Ms,94.0,0.0,NEI
1975-02-22 08:36:07.400,22,2,1975,8,51.377,-179.419,48.0,6.5,Ms,256.0,0.0,NEI
1975-02-22 22:04:37.700,22,2,1975,22,-24.8859999999999,-179.061,375.0,6.2,Mb,112.0,0.0,NEI
1975-03-05 00:22:19.700,5,3,1975,0,-2.444,126.145,33.0,6.6,Ms,79.0,0.0,NEI
1975-03-07 07:04:42.600,7,3,1975,7,27.497,56.259999999999906,27.0,6.1,Ms,129.0,0.0,NEI
1975-03-13 15:26:42.500,13,3,1975,15,-29.9409999999999,-71.337,4.0,6.9,Ms,97.0,0.0,NEI
1975-03-13 18:45:29.500,13,3,1975,18,-21.7779999999999,170.526,85.0,6.1,Mb,111.0,0.0,NEI
1975-03-17 22:11:01.600,17,3,1975,22,-2.546,138.224999999999,33.0,6.0,Ms,46.0,0.0,NEI
1975-03-18 17:21:23.400,18,3,1975,17,-4.231,-77.015,98.0,6.2,Mb,185.0,0.0,NEI
1975-03-23 07:32:36.500,23,3,1975,7,22.7349999999999,122.802,21.0,6.6,Ms,133.0,0.0,NEI
1975-03-27 05:15:06.200,27,3,1975,5,40.41799999999991,26.1389999999999,5.0,6.7,Ms,169.0,0.0,NEI
1975-03-28 02:31:05.990,28,3,1975,2,42.0628,-112.5247,5.0,6.0,ML,11.0,0.13,UU
1975-04-05 09:34:36.600,5,4,1975,9,10.0399999999999,-69.75499999999991,33.0,6.1,Ms,111.0,0.0,NEI
1975-04-06 09:55:18.900,6,4,1975,9,52.155999999999906,160.238,33.0,6.2,Ms,163.0,0.0,NEI
1975-04-06 10:34:56.700,6,4,1975,10,52.212,160.042,33.0,6.2,Ms,168.0,0.0,NEI
1975-04-09 06:26:22.200,9,4,1975,6,-4.041,152.686,133.0,6.3,Mb,107.0,0.0,NEI
1975-04-11 00:10:35.100,11,4,1975,0,-50.802999999999905,139.095,33.0,6.3,Ms,49.0,0.0,NEI
1975-04-16 01:27:18.700,16,4,1975,1,71.516,-10.427,13.0,6.5,Ms,145.0,0.0,NEI
1975-04-20 11:40:39.900,20,4,1975,11,-36.402999999999906,-98.7939999999999,33.0,6.2,Ms,102.0,0.0,NEI
1975-04-20 17:35:50.400,20,4,1975,17,33.1899999999999,131.3,7.0,6.1,Ms,129.0,0.0,NEI
1975-04-23 11:14:48.000,23,4,1975,11,16.4469999999999,-98.9099999999999,11.0,6.2,Ms,142.0,0.0,NEI
1975-04-28 11:06:43.500,28,4,1975,11,35.819,79.915,33.0,6.3,Ms,120.0,0.0,NEI
1975-05-05 05:18:49.300,5,5,1975,5,33.093,92.924,33.0,6.1,Ms,147.0,0.0,NEI
1975-05-10 14:27:38.700,10,5,1975,14,-38.183,-73.2319999999999,6.0,7.7,Ms,132.0,0.0,NEI
1975-05-13 21:18:41.300,13,5,1975,21,1.018,126.056,36.0,6.3,Ms,157.0,0.0,NEI
1975-05-18 15:43:01.640,18,5,1975,15,63.02,-150.16,88.0,6.4,ML,0.0,0.0,AK
1975-05-18 23:53:53.800,18,5,1975,23,-20.965,-173.985,43.0,6.0,Ms,73.0,0.0,NEI
1975-05-23 16:01:49.200,23,5,1975,16,22.6969999999999,122.574,6.0,6.2,Ms,198.0,0.0,NEI
1975-05-26 09:11:51.500,26,5,1975,9,35.997,-17.649,33.0,7.9,Ms,304.0,0.0,NEI
1975-05-27 10:18:35.600,27,5,1975,10,0.769,122.621,70.0,6.1,Mb,194.0,0.0,NEI
1975-05-30 17:46:24.500,30,5,1975,17,-50.415999999999904,139.351,33.0,6.1,Ms,37.0,0.0,NEI
1975-06-10 13:47:14.500,10,6,1975,13,43.024,147.734,15.0,7.0,Ms,170.0,0.0,NEI
1975-06-13 18:08:11.700,13,6,1975,18,43.488999999999905,147.709,19.0,6.4,Ms,226.0,0.0,NEI
1975-06-14 18:38:01.100,14,6,1975,18,43.549999999999905,147.894,31.0,6.0,Ms,216.0,0.0,NEI
1975-06-14 23:36:27.700,14,6,1975,23,36.279,143.429,19.0,6.1,Mb,237.0,0.0,NEI
1975-06-15 00:19:34.000,15,6,1975,0,43.667,147.800999999999,38.0,6.2,Ms,240.0,0.0,NEI
1975-06-16 22:35:23.200,16,6,1975,22,-3.043,147.821,33.0,6.5,Ms,119.0,0.0,NEI
1975-06-22 22:44:10.200,22,6,1975,22,43.17099999999991,147.152999999999,21.0,6.1,Ms,240.0,0.0,NEI
1975-06-23 05:20:10.700,23,6,1975,5,-2.7,147.389,33.0,6.2,Mb,5.0,0.0,NEI
1975-06-29 10:37:41.400,29,6,1975,10,38.759,129.99,560.0,6.2,Mb,298.0,0.0,NEI
1975-06-30 18:54:12.100,30,6,1975,18,44.688299999999906,-110.6037,3.98,6.1,Mc,16.0,0.14,WY
1975-07-08 09:37:27.300,8,7,1975,9,29.459,-113.346,33.0,6.5,Ms,136.0,0.0,NEI
1975-07-08 12:04:42.400,8,7,1975,12,21.4849999999999,94.7,157.0,6.5,Mb,186.0,0.0,NEI
1975-07-10 18:29:16.000,10,7,1975,18,6.507,126.642,86.0,6.2,Mb,167.0,0.0,NEI
1975-07-14 23:27:55.000,14,7,1975,23,-40.445999999999906,78.4429999999999,33.0,6.5,Ms,73.0,0.0,NEI
1975-07-16 18:17:44.000,16,7,1975,18,-30.623,-177.486999999999,46.0,6.2,Ms,72.0,0.0,NEI
1975-07-16 19:38:23.400,16,7,1975,19,-30.867,-177.434,37.0,6.1,Ms,39.0,0.0,NEI
1975-07-20 14:37:39.900,20,7,1975,14,-6.59,155.054,49.0,7.9,Ms,158.0,0.0,NEI
1975-07-20 19:54:27.700,20,7,1975,19,-7.104,155.151999999999,44.0,7.7,Ms,141.0,0.0,NEI
1975-07-20 23:05:18.800,20,7,1975,23,-6.58,154.651,50.0,6.7,Ms,151.0,0.0,NEI
1975-07-21 02:03:59.800,21,7,1975,2,-6.736,155.312,47.0,6.8,Ms,233.0,0.0,NEI
1975-07-21 02:39:01.200,21,7,1975,2,-6.908,155.333,95.0,6.1,Mb,209.0,0.0,NEI
1975-07-22 19:20:13.800,22,7,1975,19,-7.206,155.716,36.0,6.1,Ms,183.0,0.0,NEI
1975-07-30 09:17:12.900,30,7,1975,9,-10.002,123.8,16.0,6.1,Ms,101.0,0.0,NEI
1975-08-02 10:18:17.900,2,8,1975,10,53.387,-161.485,33.0,6.2,Mb,241.0,0.0,NEI
1975-08-06 22:24:31.200,6,8,1975,22,-2.473,146.044,33.0,6.3,Ms,110.0,0.0,NEI
1975-08-10 10:25:43.300,10,8,1975,10,-22.648,-66.5889999999999,166.0,6.2,Mb,170.0,0.0,NEI
1975-08-15 07:28:18.900,15,8,1975,7,54.877,167.845,4.0,6.6,Ms,220.0,0.0,NEI
1975-08-23 15:06:39.000,23,8,1975,15,10.013,125.791,40.0,6.0,Mb,185.0,0.0,NEI
1975-09-06 09:20:10.900,6,9,1975,9,38.473999999999904,40.72299999999991,26.0,6.7,Ms,107.0,0.0,NEI
1975-09-11 21:59:57.200,11,9,1975,21,6.989,-104.275,33.0,6.4,Mb,119.0,0.0,NEI
1975-09-19 03:37:11.700,19,9,1975,3,-34.759,81.849,33.0,6.1,Ms,157.0,0.0,NEI
1975-09-24 01:47:49.700,24,9,1975,1,-20.535,-173.994,33.0,6.5,Ms,79.0,0.0,NEI
1975-09-24 11:03:00.500,24,9,1975,11,-11.96,-14.486,33.0,6.1,Ms,78.0,0.0,NEI
1975-09-29 14:36:21.900,29,9,1975,14,-0.477,124.697999999999,23.0,6.1,Ms,113.0,0.0,NEI
1975-09-30 18:17:49.500,30,9,1975,18,-4.931,102.197,33.0,6.0,Ms,131.0,0.0,NEI
1975-10-01 03:29:58.900,1,10,1975,3,-4.882,102.197999999999,33.0,7.0,Ms,140.0,0.0,NEI
1975-10-01 04:13:28.400,1,10,1975,4,-4.83,102.095,33.0,6.0,Mb,106.0,0.0,NEI
1975-10-03 05:14:23.300,3,10,1975,5,30.251,66.3149999999999,11.0,6.7,Ms,99.0,0.0,NEI
1975-10-03 11:51:09.400,3,10,1975,11,-22.126,126.721,33.0,6.0,Mb,20.0,0.0,NEI
1975-10-03 17:31:35.800,3,10,1975,17,30.413,66.34999999999991,33.0,6.4,Ms,82.0,0.0,NEI
1975-10-06 22:24:16.200,6,10,1975,22,-12.519,166.499,54.0,7.0,Ms,108.0,0.0,NEI
1975-10-07 08:28:09.500,7,10,1975,8,0.898,-26.7719999999999,33.0,6.7,Ms,149.0,0.0,NEI
1975-10-10 19:47:18.700,10,10,1975,19,-15.444,167.548,123.0,6.0,Mb,12.0,0.0,NEI
1975-10-11 14:35:15.000,11,10,1975,14,-24.8939999999999,-175.119,9.0,7.8,Ms,113.0,0.0,NEI
1975-10-11 14:55:00.300,11,10,1975,14,-24.041,-175.375,33.0,6.1,Mb,34.0,0.0,NEI
1975-10-17 03:31:52.200,17,10,1975,3,-7.473,128.726,109.0,6.3,Mb,168.0,0.0,NEI
1975-10-18 08:59:56.300,18,10,1975,8,70.843,53.689999999999905,0.0,6.7,Mb,254.0,0.0,NEI
1975-10-20 22:25:29.000,20,10,1975,22,-16.256,-177.43,33.0,6.5,Ms,54.0,0.0,NEI
1975-10-21 11:59:57.300,21,10,1975,11,73.3509999999999,55.078,0.0,6.5,Mb,102.0,0.0,NEI
1975-10-21 17:12:23.700,21,10,1975,17,11.707,121.75,33.0,6.1,Ms,128.0,0.0,NEI
1975-10-21 23:06:22.800,21,10,1975,23,11.661,121.646,33.0,6.3,Ms,112.0,0.0,NEI
1975-10-26 10:41:31.900,26,10,1975,10,6.578,126.834,50.0,6.1,Ms,136.0,0.0,NEI
1975-10-28 06:54:22.400,28,10,1975,6,-22.8619999999999,-70.50799999999991,38.0,6.3,Ms,147.0,0.0,NEI
1975-10-31 08:28:02.600,31,10,1975,8,12.5399999999999,125.992999999999,50.0,7.2,Ms,178.0,0.0,NEI
1975-11-01 01:17:33.900,1,11,1975,1,13.843,144.753999999999,113.0,6.1,Mb,159.0,0.0,NEI
1975-11-06 12:36:14.500,6,11,1975,12,12.5489999999999,126.072999999999,11.0,6.1,Mb,192.0,0.0,NEI
1975-11-15 20:39:25.900,15,11,1975,20,12.946,125.91,11.0,6.1,Mb,128.0,0.0,NEI
1975-11-25 08:06:45.400,25,11,1975,8,-9.151,156.699999999999,33.0,6.1,Ms,57.0,0.0,NEI
1975-11-29 10:46:55.600,29,11,1975,10,-57.759999999999906,-25.3389999999999,51.0,6.2,Ms,123.0,0.0,NEI
1975-11-29 14:47:40.100,29,11,1975,14,19.3389999999999,-155.0043,9.15,7.2,Ms,28.0,0.09,HV
1975-11-30 20:30:17.000,30,11,1975,20,52.598999999999904,-167.184,24.0,6.3,Ms,233.0,0.0,NEI
1975-12-09 09:14:40.600,9,12,1975,9,-14.789,-173.002999999999,33.0,6.2,Ms,90.0,0.0,NEI
1975-12-11 20:17:08.100,11,12,1975,20,-11.5559999999999,-74.552,98.0,6.0,Mb,118.0,0.0,NEI
1975-12-17 05:35:17.800,17,12,1975,5,5.283,95.906,17.0,6.2,Ms,178.0,0.0,NEI
1975-12-19 02:14:29.600,19,12,1975,2,-11.754,164.804,33.0,6.0,Mb,125.0,0.0,NEI
1975-12-21 10:54:17.700,21,12,1975,10,51.939999999999905,151.577,554.0,6.0,Mb,274.0,0.0,NEI
1975-12-21 10:59:44.270,21,12,1975,10,61.159999999999904,-150.169999999999,170.0,6.6,ML,0.0,0.0,AK
1975-12-25 23:22:21.700,25,12,1975,23,-4.084,142.039999999999,115.0,6.6,Mb,90.0,0.0,NEI
1975-12-26 15:56:38.700,26,12,1975,15,-16.265,-172.467,33.0,7.8,Ms,149.0,0.0,NEI
1975-12-29 03:39:43.000,29,12,1975,3,-56.771999999999906,-68.47799999999991,14.0,6.5,Ms,81.0,0.0,NEI
1976-01-01 01:29:39.600,1,1,1976,1,-28.611,-177.638,59.0,6.2,Mb,78.0,0.0,NEI
1976-01-05 02:31:36.300,5,1,1976,2,-13.288,-74.899,95.0,6.0,Mb,87.0,0.0,NEI
1976-01-06 21:08:19.300,6,1,1976,21,51.60099999999991,159.329,33.0,6.0,Ms,78.0,0.0,NEI
1976-01-09 23:54:35.600,9,1,1976,23,-15.759,167.867999999999,168.0,6.1,Mb,54.0,0.0,NEI
1976-01-13 13:29:19.500,13,1,1976,13,66.1569999999999,-16.582,33.0,6.4,Ms,160.0,0.0,NEI
1976-01-14 15:56:34.900,14,1,1976,15,-29.2079999999999,-177.886,69.0,6.3,Mb,53.0,0.0,NEI
1976-01-14 16:47:33.500,14,1,1976,16,-28.427,-177.657,33.0,8.0,Ms,43.0,0.0,NEI
1976-01-14 22:43:43.100,14,1,1976,22,-28.663,-176.854,31.0,6.3,Ms,73.0,0.0,NEI
1976-01-15 06:06:46.100,15,1,1976,6,-30.376,-176.823,33.0,6.2,Ms,61.0,0.0,NEI
1976-01-15 16:12:22.300,15,1,1976,16,-30.151,-177.242999999999,33.0,6.1,Ms,70.0,0.0,NEI
1976-01-21 10:05:24.100,21,1,1976,10,44.91499999999991,149.122999999999,41.0,7.0,Ms,252.0,0.0,NEI
1976-01-23 05:45:30.500,23,1,1976,5,-7.478,119.905,614.0,6.4,Mb,146.0,0.0,NEI
1976-01-24 21:48:25.900,24,1,1976,21,-28.635,-177.592999999999,78.0,6.2,Mb,97.0,0.0,NEI
1976-01-26 19:01:38.600,26,1,1976,19,-29.3389999999999,-176.461,30.0,6.0,Mb,9.0,0.0,NEI
1976-02-03 23:57:54.900,3,2,1976,23,54.503999999999905,161.892,33.0,6.0,Mb,65.0,0.0,NEI
1976-02-04 09:01:43.400,4,2,1976,9,15.324,-89.1009999999999,5.0,7.5,Ms,214.0,0.0,NEI
1976-02-06 16:53:50.500,6,2,1976,16,-5.98,146.306999999999,37.0,6.0,Mb,76.0,0.0,NEI
1976-02-14 03:10:37.300,14,2,1976,3,-57.414,-64.415,40.0,6.0,Mb,67.0,0.0,NEI
1976-02-15 01:54:23.100,15,2,1976,1,13.0,125.788,33.0,6.1,Ms,191.0,0.0,NEI
1976-02-15 21:23:22.600,15,2,1976,21,-28.385,-176.791,54.0,6.2,Ms,104.0,0.0,NEI
1976-02-22 05:11:07.900,22,2,1976,5,-3.356,145.235,22.0,6.0,Ms,48.0,0.0,NEI
1976-02-23 15:14:16.000,23,2,1976,15,51.470999999999904,-130.442,16.0,6.0,Ms,139.0,0.0,NEI
1976-02-28 16:27:09.000,28,2,1976,16,-39.999,-74.727,9.0,6.0,Mb,104.0,0.0,NEI
1976-03-03 22:50:10.000,3,3,1976,22,-8.23199999999999,121.438,30.0,6.0,Mb,106.0,0.0,NEI
1976-03-04 02:50:00.500,4,3,1976,2,-14.744,167.104,90.0,6.4,Mb,196.0,0.0,NEI
1976-03-08 04:39:55.900,8,3,1976,4,-10.7289999999999,165.019,47.0,6.1,Mb,114.0,0.0,NEI
1976-03-13 05:22:44.000,13,3,1976,5,-6.256,154.716,50.0,6.1,Ms,106.0,0.0,NEI
1976-03-24 04:46:04.400,24,3,1976,4,-29.887,-177.872999999999,33.0,6.8,Ms,274.0,0.0,NEI
1976-03-29 05:39:35.500,29,3,1976,5,3.929,-85.87999999999991,33.0,6.5,Ms,179.0,0.0,NEI
1976-04-06 13:49:10.800,6,4,1976,13,-3.873,152.092,21.0,6.4,Ms,82.0,0.0,NEI
1976-04-08 02:40:27.000,8,4,1976,2,40.311,63.773,33.0,7.0,Ms,186.0,0.0,NEI
1976-04-08 02:59:05.500,8,4,1976,2,40.167,63.805999999999905,33.0,6.2,Mb,120.0,0.0,NEI
1976-04-09 07:08:47.000,9,4,1976,7,0.782,-79.804,9.0,6.7,Ms,104.0,0.0,NEI
1976-04-10 04:24:59.400,10,4,1976,4,-6.428,154.827,54.0,6.0,Mb,36.0,0.0,NEI
1976-04-14 15:26:16.800,14,4,1976,15,-51.905,139.471,33.0,6.2,Ms,37.0,0.0,NEI
1976-04-22 17:03:07.900,22,4,1976,17,28.7139999999999,52.128,24.0,6.0,Mb,208.0,0.0,NEI
1976-04-29 06:32:49.000,29,4,1976,6,-28.1969999999999,-176.877,62.0,6.1,Ms,146.0,0.0,NEI
1976-05-04 13:56:29.900,4,5,1976,13,-44.642,167.573,19.0,6.6,Ms,70.0,0.0,NEI
1976-05-05 04:52:51.000,5,5,1976,4,-29.934,-177.836999999999,35.0,6.8,Ms,132.0,0.0,NEI
1976-05-06 20:00:11.600,6,5,1976,20,46.356,13.275,9.0,6.5,Ms,275.0,0.0,NEI
1976-05-11 11:29:06.200,11,5,1976,11,-51.506,139.678,33.0,6.1,Ms,35.0,0.0,NEI
1976-05-11 15:50:41.600,11,5,1976,15,-51.603,139.682999999999,33.0,6.6,Ms,55.0,0.0,NEI
1976-05-11 16:59:48.200,11,5,1976,16,37.56,20.352,33.0,6.4,Ms,202.0,0.0,NEI
1976-05-15 21:55:58.500,15,5,1976,21,-11.637,-74.47799999999991,33.0,6.6,Ms,162.0,0.0,NEI
1976-05-17 02:58:40.600,17,5,1976,2,40.381,63.472,10.0,7.0,Ms,301.0,0.0,NEI
1976-05-18 06:04:47.000,18,5,1976,6,-59.948999999999906,154.077,33.0,6.2,Ms,17.0,0.0,NEI
1976-05-29 12:23:18.700,29,5,1976,12,24.57,98.953,8.0,6.9,Ms,198.0,0.0,NEI
1976-05-29 14:00:18.500,29,5,1976,14,24.5309999999999,98.70999999999991,10.0,7.0,Ms,144.0,0.0,NEI
1976-05-30 03:08:54.200,30,5,1976,3,-41.637,-75.411,28.0,6.0,Mb,163.0,0.0,NEI
1976-05-31 05:08:28.500,31,5,1976,5,24.343,98.64199999999991,14.0,6.2,Ms,92.0,0.0,NEI
1976-06-03 16:44:38.800,3,6,1976,16,-5.201,153.442,88.0,6.2,Mb,107.0,0.0,NEI
1976-06-05 08:20:07.200,5,6,1976,8,-10.086,161.012,61.0,6.2,Mb,130.0,0.0,NEI
1976-06-07 07:36:55.400,7,6,1976,7,14.087,124.828999999999,33.0,6.4,Ms,142.0,0.0,NEI
1976-06-07 14:26:39.100,7,6,1976,14,17.4029999999999,-100.635,45.0,6.4,Ms,155.0,0.0,NEI
1976-06-15 06:09:01.800,15,6,1976,6,0.543,134.794,33.0,6.3,Ms,112.0,0.0,NEI
1976-06-17 14:28:49.200,17,6,1976,14,46.16199999999991,12.864,24.0,6.1,Mb,51.0,0.0,NEI
1976-06-19 15:00:46.700,19,6,1976,15,-18.02,65.414,33.0,6.1,Ms,92.0,0.0,NEI
1976-06-20 20:53:13.400,20,6,1976,20,3.397,96.3179999999999,33.0,7.0,Ms,171.0,0.0,NEI
1976-06-25 19:18:56.900,25,6,1976,19,-4.603,140.091,33.0,7.1,Ms,133.0,0.0,NEI
1976-06-26 10:30:59.400,26,6,1976,10,3.665,126.75,33.0,6.5,Ms,116.0,0.0,NEI
1976-06-29 18:30:09.100,29,6,1976,18,-33.816,-177.834,48.0,6.1,Mb,251.0,0.0,NEI
1976-07-11 16:54:31.800,11,7,1976,16,7.337,-78.4699999999999,22.0,6.7,Ms,202.0,0.0,NEI
1976-07-11 20:41:47.500,11,7,1976,20,7.409,-78.12699999999991,3.0,7.0,Ms,222.0,0.0,NEI
1976-07-14 07:13:24.000,14,7,1976,7,-8.17,114.888,40.0,6.5,Ms,120.0,0.0,NEI
1976-07-17 21:06:32.100,17,7,1976,21,-4.157,152.755,53.0,6.6,Ms,302.0,0.0,NEI
1976-07-21 15:10:45.600,21,7,1976,15,24.782,98.69799999999991,9.0,6.3,Ms,185.0,0.0,NEI
1976-07-26 01:41:25.400,26,7,1976,1,-21.907,-113.331999999999,33.0,6.2,Ms,47.0,0.0,NEI
1976-07-26 02:56:39.300,26,7,1976,2,4.956,118.308,33.0,6.2,Ms,100.0,0.0,NEI
1976-07-27 19:42:54.600,27,7,1976,19,39.57,117.977999999999,23.0,7.9,Ms,248.0,0.0,NEI
1976-07-28 10:45:35.200,28,7,1976,10,39.664,118.401,26.0,7.4,Ms,315.0,0.0,NEI
1976-07-28 17:15:01.700,28,7,1976,17,-20.196,170.003999999999,5.0,6.0,Ms,148.0,0.0,NEI
1976-07-28 18:24:28.300,28,7,1976,18,39.295,72.79,50.0,6.1,Ms,100.0,0.0,NEI
1976-07-28 20:17:42.300,28,7,1976,20,43.171999999999905,45.603,21.0,6.1,Ms,155.0,0.0,NEI
1976-07-31 00:46:58.000,31,7,1976,0,-30.3219999999999,-177.964,20.0,6.2,Ms,214.0,0.0,NEI
1976-08-02 10:55:25.700,2,8,1976,10,-20.609,169.274,52.0,6.9,Ms,142.0,0.0,NEI
1976-08-12 23:26:46.200,12,8,1976,23,26.68,97.06999999999991,27.0,6.4,Mb,179.0,0.0,NEI
1976-08-16 14:06:45.900,16,8,1976,14,32.753,104.157,16.0,6.9,Ms,266.0,0.0,NEI
1976-08-16 16:11:07.300,16,8,1976,16,6.262,124.023,33.0,7.9,Ms,231.0,0.0,NEI
1976-08-17 01:11:10.200,17,8,1976,1,10.063,125.866,34.0,6.0,Mb,221.0,0.0,NEI
1976-08-17 04:19:27.300,17,8,1976,4,7.249,122.938999999999,22.0,6.8,Ms,207.0,0.0,NEI
1976-08-21 06:56:47.200,21,8,1976,6,-6.722,129.568,120.0,6.0,Mb,133.0,0.0,NEI
1976-08-21 21:49:54.200,21,8,1976,21,32.5709999999999,104.249,33.0,6.4,Ms,177.0,0.0,NEI
1976-08-22 02:01:44.000,22,8,1976,2,59.979999999999905,-153.12,145.0,6.7,ML,0.0,0.0,AK
1976-08-23 03:30:07.600,23,8,1976,3,32.4919999999999,104.181,33.0,6.7,Ms,262.0,0.0,NEI
1976-09-15 03:15:19.900,15,9,1976,3,46.302,13.1969999999999,10.0,6.0,Ms,257.0,0.0,NEI
1976-09-22 00:16:08.200,22,9,1976,0,44.88,149.224999999999,64.0,6.1,Mb,258.0,0.0,NEI
1976-09-29 21:02:32.700,29,9,1976,21,6.922,124.069,41.0,6.0,Mb,169.0,0.0,NEI
1976-09-30 23:34:14.400,30,9,1976,23,-30.239,-177.876,32.0,6.5,Ms,208.0,0.0,NEI
1976-10-05 18:02:15.400,5,10,1976,18,-6.426,153.002,22.0,6.3,Mb,150.0,0.0,NEI
1976-10-12 00:40:52.900,12,10,1976,0,-10.4529999999999,161.294999999999,106.0,6.0,Mb,111.0,0.0,NEI
1976-10-29 02:51:07.600,29,10,1976,2,-4.517,139.918,33.0,7.1,Ms,231.0,0.0,NEI
1976-11-02 07:13:15.700,2,11,1976,7,-29.349,77.659,33.0,6.5,Ms,124.0,0.0,NEI
1976-11-06 18:04:08.900,6,11,1976,18,27.605,101.052,33.0,6.5,Ms,158.0,0.0,NEI
1976-11-07 04:00:51.600,7,11,1976,4,33.802,59.155,13.0,6.2,Ms,142.0,0.0,NEI
1976-11-07 17:09:06.100,7,11,1976,17,8.478,126.375,60.0,6.8,Ms,205.0,0.0,NEI
1976-11-08 08:19:27.100,8,11,1976,8,38.09,142.241,38.0,6.0,Ms,243.0,0.0,NEI
1976-11-15 13:53:00.600,15,11,1976,13,39.444,117.688,15.0,6.3,Ms,189.0,0.0,NEI
1976-11-16 18:20:50.200,16,11,1976,18,-41.636,80.209,33.0,6.2,Ms,57.0,0.0,NEI
1976-11-18 03:24:00.200,18,11,1976,3,-8.818,156.941,33.0,6.5,Ms,117.0,0.0,NEI
1976-11-18 05:43:41.300,18,11,1976,5,-4.17,135.140999999999,33.0,6.3,Ms,106.0,0.0,NEI
1976-11-22 04:22:25.300,22,11,1976,4,7.029,123.578999999999,60.0,6.0,Mb,7.0,0.0,NEI
1976-11-22 04:46:26.000,22,11,1976,4,-38.518999999999906,78.569,33.0,6.0,Ms,29.0,0.0,NEI
1976-11-24 12:22:18.800,24,11,1976,12,39.121,44.029,36.0,7.3,Ms,25.0,0.0,NEI
1976-11-25 14:06:35.400,25,11,1976,14,-19.498,-177.705,442.0,6.0,Mb,149.0,0.0,NEI
1976-11-26 11:19:25.200,26,11,1976,11,41.289,-125.709,15.0,6.8,Ms,209.0,0.0,NEI
1976-11-27 21:42:12.200,27,11,1976,21,36.506999999999906,71.042,190.0,6.1,Mb,270.0,0.0,NEI
1976-11-30 00:40:57.800,30,11,1976,0,-20.52,-68.9189999999999,82.0,6.5,Mb,269.0,0.0,NEI
1976-12-14 16:06:44.400,14,12,1976,16,28.294,130.698,41.0,6.3,Mb,293.0,0.0,NEI
1976-12-20 20:33:07.800,20,12,1976,20,48.802,-129.292,10.0,6.7,Ms,210.0,0.0,NEI
1977-01-01 19:01:39.600,1,1,1977,19,-2.532,126.581999999999,33.0,6.1,Ms,89.0,0.0,NEI
1977-01-01 21:39:41.300,1,1,1977,21,38.146,91.007,27.0,6.3,Ms,141.0,0.0,NEI
1977-01-02 09:55:28.400,2,1,1977,9,-10.17,118.986999999999,19.0,6.3,Ms,61.0,0.0,NEI
1977-01-06 06:11:40.700,6,1,1977,6,-3.63,144.447,33.0,6.6,Ms,109.0,0.0,NEI
1977-01-17 21:27:12.600,17,1,1977,21,-24.8479999999999,-68.674,33.0,6.3,Mb,187.0,0.0,NEI
1977-01-18 05:41:49.600,18,1,1977,5,-41.731,174.25,50.0,6.0,Ms,129.0,0.0,NEI
1977-01-31 14:26:14.800,31,1,1977,14,40.03999999999991,70.852,20.0,6.1,Mb,194.0,0.0,NEI
1977-02-04 07:46:33.800,4,2,1977,7,-24.689,-63.362,549.0,6.0,Mb,169.0,0.0,NEI
1977-02-05 03:29:18.900,5,2,1977,3,-66.44799999999991,-82.584,33.0,6.2,Ms,118.0,0.0,NEI
1977-02-10 22:41:06.200,10,2,1977,22,-60.933,-23.09,33.0,6.3,Mb,45.0,0.0,NEI
1977-02-16 10:40:20.900,16,2,1977,10,0.496,125.983,33.0,6.1,Mb,197.0,0.0,NEI
1977-02-18 20:51:29.800,18,2,1977,20,33.0709999999999,140.817,42.0,6.0,Mb,222.0,0.0,NEI
1977-02-19 07:53:23.300,19,2,1977,7,-41.366999999999905,80.643,33.0,6.0,Ms,36.0,0.0,NEI
1977-02-19 22:34:04.100,19,2,1977,22,53.566,170.032,33.0,6.7,Ms,251.0,0.0,NEI
1977-03-02 09:53:23.200,2,3,1977,9,6.772,123.739999999999,52.0,6.1,Ms,142.0,0.0,NEI
1977-03-04 19:21:54.100,4,3,1977,19,45.771999999999906,26.7609999999999,94.0,6.4,Mb,301.0,0.0,NEI
1977-03-08 23:17:28.000,8,3,1977,23,0.451,100.021,22.0,6.0,Ms,50.0,0.0,NEI
1977-03-18 21:43:52.400,18,3,1977,21,16.773,122.327,37.0,7.0,Ms,275.0,0.0,NEI
1977-03-19 10:56:25.100,19,3,1977,10,44.2,148.196,70.0,6.0,Mb,304.0,0.0,NEI
1977-03-21 21:18:54.200,21,3,1977,21,27.609,56.393,29.0,6.9,Ms,295.0,0.0,NEI
1977-03-23 07:19:11.100,23,3,1977,7,-14.4659999999999,-177.949,33.0,6.3,Ms,86.0,0.0,NEI
1977-03-23 17:10:19.500,23,3,1977,17,-14.427,-177.956999999999,2.0,6.0,Ms,130.0,0.0,NEI
1977-03-26 04:36:14.700,26,3,1977,4,52.295,-168.257,38.0,6.0,Ms,264.0,0.0,NEI
1977-04-01 13:36:24.700,1,4,1977,13,27.545,56.329,29.0,6.2,Mb,139.0,0.0,NEI
1977-04-02 07:15:22.700,2,4,1977,7,-16.696,-172.095,33.0,7.6,Ms,181.0,0.0,NEI
1977-04-04 17:52:19.700,4,4,1977,17,7.301,-34.8569999999999,33.0,6.0,Ms,154.0,0.0,NEI
1977-04-20 23:13:10.400,20,4,1977,23,-9.82799999999999,160.323,33.0,6.7,Ms,157.0,0.0,NEI
1977-04-20 23:42:50.500,20,4,1977,23,-9.89,160.348,19.0,7.5,Ms,124.0,0.0,NEI
1977-04-20 23:49:13.100,20,4,1977,23,-9.84399999999999,160.822,33.0,7.5,Ms,38.0,0.0,NEI
1977-04-21 00:02:49.000,21,4,1977,0,-9.673,160.132,33.0,6.1,Mb,54.0,0.0,NEI
1977-04-21 01:45:50.200,21,4,1977,1,26.861,142.44,33.0,6.2,Ms,191.0,0.0,NEI
1977-04-21 04:24:09.600,21,4,1977,4,-9.965,160.730999999999,33.0,7.5,Ms,176.0,0.0,NEI
1977-04-21 07:18:51.100,21,4,1977,7,-10.2449999999999,160.728,33.0,6.0,Ms,114.0,0.0,NEI
1977-04-22 03:11:00.200,22,4,1977,3,-10.1679999999999,160.657,51.0,6.0,Ms,111.0,0.0,NEI
1977-05-30 15:16:01.600,30,5,1977,15,52.427999999999905,-169.706999999999,33.0,6.0,Ms,268.0,0.0,NEI
1977-06-14 21:39:35.200,14,6,1977,21,-14.1199999999999,-14.433,33.0,6.0,Mb,82.0,0.0,NEI
1977-06-22 12:08:33.400,22,6,1977,12,-22.878,-175.9,65.0,6.8,Mb,331.0,0.0,NEI
1977-06-28 19:18:35.800,28,6,1977,19,22.6149999999999,-45.110999999999905,33.0,6.0,Ms,256.0,0.0,NEI
1977-06-29 07:24:24.800,29,6,1977,7,-7.599,127.654,58.0,6.0,Mb,244.0,0.0,NEI
1977-07-10 01:42:36.500,10,7,1977,1,-56.115,-27.558,122.0,6.1,Mb,48.0,0.0,NEI
1977-07-21 11:53:22.500,21,7,1977,11,-53.863,158.602,33.0,6.7,Ms,83.0,0.0,NEI
1977-07-21 13:45:54.000,21,7,1977,13,16.882,122.361,33.0,6.9,Ms,224.0,0.0,NEI
1977-07-22 17:16:40.300,22,7,1977,17,-33.7969999999999,-179.72,31.0,6.0,Mb,102.0,0.0,NEI
1977-07-24 06:22:51.300,24,7,1977,6,-15.339,-173.151999999999,33.0,6.2,Ms,191.0,0.0,NEI
1977-07-29 11:15:45.300,29,7,1977,11,-8.031,155.538,33.0,7.2,Ms,254.0,0.0,NEI
1977-08-04 01:11:11.300,4,8,1977,1,-56.012999999999906,-27.788,112.0,6.1,Mb,67.0,0.0,NEI
1977-08-11 01:42:47.500,11,8,1977,1,-17.564,-174.37,57.0,6.3,Mb,170.0,0.0,NEI
1977-08-19 05:08:41.600,19,8,1977,5,-11.145,118.388,33.0,6.1,Mb,50.0,0.0,NEI
1977-08-19 06:08:55.200,19,8,1977,6,-11.085,118.464,33.0,7.9,Ms,176.0,0.0,NEI
1977-08-19 06:43:30.600,19,8,1977,6,-10.566,118.386,33.0,6.1,Mb,24.0,0.0,NEI
1977-08-20 04:20:30.700,20,8,1977,4,-11.099,118.239999999999,33.0,6.0,Ms,72.0,0.0,NEI
1977-08-20 19:16:32.700,20,8,1977,19,-11.039,119.135,33.0,6.1,Ms,110.0,0.0,NEI
1977-08-25 18:05:10.800,25,8,1977,18,-10.743,119.268,33.0,6.1,Mb,246.0,0.0,NEI
1977-08-25 18:09:10.100,25,8,1977,18,-10.443,119.072,33.0,6.1,Mb,21.0,0.0,NEI
1977-08-26 19:50:01.400,26,8,1977,19,-59.426,-20.5079999999999,33.0,7.1,Ms,118.0,0.0,NEI
1977-08-27 07:12:22.500,27,8,1977,7,-8.063,125.3,25.0,6.8,Ms,210.0,0.0,NEI
1977-08-29 14:23:40.500,29,8,1977,14,17.4409999999999,119.869,12.0,6.2,Ms,296.0,0.0,NEI
1977-08-31 00:42:05.400,31,8,1977,0,7.335,-76.298,33.0,6.4,Ms,193.0,0.0,NEI
1977-09-02 10:36:28.300,2,9,1977,10,-11.0399999999999,119.149,33.0,6.0,Mb,92.0,0.0,NEI
1977-09-04 08:48:39.200,4,9,1977,8,-13.682,166.705999999999,33.0,6.5,Ms,105.0,0.0,NEI
1977-09-04 15:40:57.300,4,9,1977,15,51.207,178.388,34.0,6.4,Ms,179.0,0.0,NEI
1977-09-04 17:10:30.600,4,9,1977,17,51.095999999999904,178.264999999999,31.0,6.4,Ms,152.0,0.0,NEI
1977-09-04 17:24:42.800,4,9,1977,17,51.143999999999906,177.954,8.0,6.6,Ms,157.0,0.0,NEI
1977-09-11 23:19:23.700,11,9,1977,23,35.048,23.029,33.0,6.0,Ms,198.0,0.0,NEI
1977-09-13 00:21:52.600,13,9,1977,0,-15.454,-173.288999999999,33.0,6.0,Ms,152.0,0.0,NEI
1977-09-17 05:23:30.200,17,9,1977,5,11.772,143.127,33.0,6.1,Ms,178.0,0.0,NEI
1977-09-23 05:57:55.600,23,9,1977,5,-11.206,118.217,33.0,6.0,Mb,207.0,0.0,NEI
1977-10-07 12:10:43.700,7,10,1977,12,-9.952,117.319,33.0,6.3,Ms,91.0,0.0,NEI
1977-10-10 11:53:53.600,10,10,1977,11,-25.856,-175.406,33.0,7.2,Ms,151.0,0.0,NEI
1977-10-17 17:26:40.400,17,10,1977,17,-27.914,173.084,33.0,6.7,Ms,268.0,0.0,NEI
1977-10-22 17:57:17.400,22,10,1977,17,-27.952,-62.972,614.0,6.1,Mb,272.0,0.0,NEI
1977-10-31 08:14:09.700,31,10,1977,8,-11.4369999999999,118.224999999999,33.0,6.3,Mb,8.0,0.0,NEI
1977-11-04 09:52:55.700,4,11,1977,9,51.65899999999991,-175.952,33.0,6.7,Ms,267.0,0.0,NEI
1977-11-18 05:20:11.300,18,11,1977,5,32.6929999999999,88.388,33.0,6.5,Ms,199.0,0.0,NEI
1977-11-23 09:26:24.700,23,11,1977,9,-31.0279999999999,-67.76699999999991,13.0,7.4,Ms,255.0,0.0,NEI
1977-11-23 09:34:58.300,23,11,1977,9,-31.178,-66.95699999999991,33.0,6.0,Mb,36.0,0.0,NEI
1977-11-24 01:58:33.400,24,11,1977,1,-31.471,-67.628,33.0,6.0,Ms,43.0,0.0,NEI
1977-11-24 02:02:31.000,24,11,1977,2,-31.6149999999999,-67.57299999999991,23.0,6.3,Ms,90.0,0.0,NEI
1977-11-24 16:59:58.500,24,11,1977,16,-21.8939999999999,-138.959,0.0,6.0,Mb,131.0,0.0,NEI
1977-12-04 05:50:35.600,4,12,1977,5,-23.89,-176.077,56.0,6.2,Ms,81.0,0.0,NEI
1977-12-08 06:15:16.200,8,12,1977,6,-24.152,-175.602,33.0,6.1,Ms,70.0,0.0,NEI
1977-12-13 01:14:18.600,13,12,1977,1,17.359,-54.84799999999991,33.0,6.4,Ms,201.0,0.0,NEI
1977-12-21 01:00:32.800,21,12,1977,1,25.51,143.111999999999,33.0,6.8,Ms,220.0,0.0,NEI
1977-12-23 21:14:26.700,23,12,1977,21,39.067999999999905,143.047,41.0,6.0,Ms,115.0,0.0,NEI
1977-12-28 02:45:36.700,28,12,1977,2,16.6589999999999,40.277999999999906,33.0,6.6,Ms,186.0,0.0,NEI
1978-01-06 04:41:22.200,6,1,1978,4,18.7929999999999,121.895,33.0,6.0,Ms,173.0,0.0,NEI
1978-01-13 20:03:03.800,13,1,1978,20,44.689,149.699,52.0,6.0,Ms,289.0,0.0,NEI
1978-01-14 03:24:39.000,14,1,1978,3,34.8089999999999,139.258999999999,14.0,6.6,Ms,218.0,0.0,NEI
1978-01-14 15:20:54.200,14,1,1978,15,-30.1149999999999,-177.489,44.0,6.3,Ms,94.0,0.0,NEI
1978-01-15 06:56:34.500,15,1,1978,6,-30.209,-177.554,17.0,6.1,Ms,79.0,0.0,NEI
1978-01-25 23:18:56.600,25,1,1978,23,-5.339,151.675999999999,44.0,6.4,Ms,292.0,0.0,NEI
1978-01-28 19:36:38.600,28,1,1978,19,-25.9239999999999,-177.300999999999,102.0,6.0,Mb,256.0,0.0,NEI
1978-02-09 21:35:12.700,9,2,1978,21,-30.683,-177.358,33.0,7.2,Ms,72.0,0.0,NEI
1978-02-10 00:56:21.800,10,2,1978,0,-30.6529999999999,-177.544,33.0,6.0,Ms,151.0,0.0,NEI
1978-02-10 19:32:37.100,10,2,1978,19,-30.074,-177.331999999999,33.0,6.2,Ms,94.0,0.0,NEI
1978-02-11 00:05:23.000,11,2,1978,0,-30.414,-177.119,33.0,6.6,Ms,72.0,0.0,NEI
1978-02-11 01:26:26.700,11,2,1978,1,5.734,-32.904,33.0,6.1,Ms,66.0,0.0,NEI
1978-02-20 04:36:58.100,20,2,1978,4,38.784999999999904,141.949,60.0,6.1,Mb,329.0,0.0,NEI
1978-02-21 07:14:54.400,21,2,1978,7,-4.844,125.412,510.0,6.3,Mb,100.0,0.0,NEI
1978-03-03 10:48:11.100,3,3,1978,10,-15.288,-173.517,33.0,6.2,Ms,84.0,0.0,NEI
1978-03-03 10:53:19.800,3,3,1978,10,55.09799999999991,164.757,33.0,6.2,Ms,208.0,0.0,NEI
1978-03-04 04:46:36.100,4,3,1978,4,-21.8939999999999,-174.854,33.0,6.3,Ms,122.0,0.0,NEI
1978-03-04 14:58:13.000,4,3,1978,14,-4.656,153.101,78.0,6.2,Mb,154.0,0.0,NEI
1978-03-07 02:48:39.400,7,3,1978,2,31.962,137.61,442.0,6.0,Mb,406.0,0.0,NEI
1978-03-07 02:48:47.600,7,3,1978,2,32.005,137.609,439.0,6.9,Mb,121.0,0.0,NEI
1978-03-15 22:04:40.100,15,3,1978,22,26.42,140.562999999999,263.0,6.1,Mb,318.0,0.0,NEI
1978-03-19 01:39:14.000,19,3,1978,1,17.026,-99.7349999999999,36.0,6.4,Ms,271.0,0.0,NEI
1978-03-22 00:50:32.200,22,3,1978,0,44.026,149.002,33.0,6.7,Ms,352.0,0.0,NEI
1978-03-22 21:34:33.400,22,3,1978,21,44.14,149.029,33.0,6.6,Ms,307.0,0.0,NEI
1978-03-23 00:31:02.100,23,3,1978,0,44.209,148.971,46.0,6.8,Ms,320.0,0.0,NEI
1978-03-23 01:49:33.800,23,3,1978,1,43.854999999999905,148.938999999999,33.0,6.4,Ms,232.0,0.0,NEI
1978-03-23 03:15:20.300,23,3,1978,3,44.932,148.438999999999,33.0,7.5,Ms,113.0,0.0,NEI
1978-03-23 03:50:52.500,23,3,1978,3,44.375999999999905,149.58,50.0,6.0,Mb,177.0,0.0,NEI
1978-03-23 19:12:23.600,23,3,1978,19,44.343,149.736999999999,33.0,6.8,Ms,292.0,0.0,NEI
1978-03-24 00:42:36.300,24,3,1978,0,29.8009999999999,-67.4,20.0,6.1,Mb,272.0,0.0,NEI
1978-03-24 19:47:50.700,24,3,1978,19,44.244,148.861999999999,33.0,7.6,Ms,317.0,0.0,NEI
1978-03-24 21:05:48.200,24,3,1978,21,42.838999999999906,78.60599999999991,33.0,7.1,Ms,233.0,0.0,NEI
1978-04-03 09:48:35.000,3,4,1978,9,-4.852,133.918,33.0,6.2,Mb,154.0,0.0,NEI
1978-04-04 00:40:29.200,4,4,1978,0,33.033,82.2849999999999,27.0,6.0,Ms,156.0,0.0,NEI
1978-04-04 21:11:41.800,4,4,1978,21,10.035,-77.95399999999991,35.0,6.1,Ms,300.0,0.0,NEI
1978-04-10 20:52:18.900,10,4,1978,20,-11.3599999999999,116.685,33.0,6.7,Mb,198.0,0.0,NEI
1978-04-12 03:42:06.120,12,4,1978,3,56.38,-152.259999999999,38.0,6.7,ML,0.0,0.0,AK
1978-04-18 17:27:30.600,18,4,1978,17,5.142,127.41,128.0,6.0,Mb,283.0,0.0,NEI
1978-04-29 04:21:10.400,29,4,1978,4,-9.849,160.449999999999,46.0,6.2,Mb,237.0,0.0,NEI
1978-05-13 07:08:46.200,13,5,1978,7,-14.521,167.318999999999,160.0,6.7,Mb,282.0,0.0,NEI
1978-05-23 07:50:28.200,23,5,1978,7,31.055,130.134999999999,161.0,6.3,Mb,390.0,0.0,NEI
1978-05-24 06:16:55.400,24,5,1978,6,51.23199999999991,-179.212999999999,25.0,6.7,Ms,344.0,0.0,NEI
1978-05-26 23:58:22.000,26,5,1978,23,24.274,142.661,33.0,6.8,Ms,231.0,0.0,NEI
1978-05-29 17:20:28.600,29,5,1978,17,-44.854999999999905,-79.4129999999999,33.0,6.0,Ms,47.0,0.0,NEI
1978-06-03 04:57:12.500,3,6,1978,4,-57.095999999999904,-140.888,33.0,6.0,Ms,11.0,0.0,NEI
1978-06-04 19:30:23.400,4,6,1978,19,40.381,63.619,33.0,6.0,Mb,253.0,0.0,NEI
1978-06-11 14:27:55.300,11,6,1978,14,-15.262,-173.559,33.0,6.2,Ms,121.0,0.0,NEI
1978-06-11 14:55:25.500,11,6,1978,14,49.262,-129.502,10.0,6.1,Ms,166.0,0.0,NEI
1978-06-12 08:14:26.400,12,6,1978,8,38.189999999999905,142.027999999999,44.0,7.7,Ms,294.0,0.0,NEI
1978-06-14 11:34:20.000,14,6,1978,11,38.319,142.364,40.0,6.3,Ms,270.0,0.0,NEI
1978-06-14 12:32:33.900,14,6,1978,12,8.249,122.403,24.0,6.9,Ms,218.0,0.0,NEI
1978-06-16 07:57:00.100,16,6,1978,7,7.861,126.321,139.0,6.0,Mb,254.0,0.0,NEI
1978-06-17 15:11:33.500,17,6,1978,15,-17.0979999999999,-172.264,33.0,7.0,Ms,180.0,0.0,NEI
1978-06-20 20:03:21.000,20,6,1978,20,40.738999999999905,23.2289999999999,3.0,6.4,Ms,292.0,0.0,NEI
1978-06-24 09:31:42.700,24,6,1978,9,-5.06,102.355999999999,33.0,6.4,Ms,264.0,0.0,NEI
1978-07-02 04:01:33.300,2,7,1978,4,-15.3279999999999,-175.489,25.0,6.4,Ms,124.0,0.0,NEI
1978-07-17 13:26:14.900,17,7,1978,13,-14.893,-175.822,292.0,6.0,Mb,299.0,0.0,NEI
1978-07-22 11:51:47.000,22,7,1978,11,-4.189,152.842,43.0,6.0,Ms,196.0,0.0,NEI
1978-07-23 14:42:36.900,23,7,1978,14,22.282,121.512,17.0,7.4,Ms,345.0,0.0,NEI
1978-07-24 19:45:35.300,24,7,1978,19,-20.67,172.502999999999,37.0,6.1,Ms,189.0,0.0,NEI
1978-08-03 18:11:17.100,3,8,1978,18,-26.513,-70.5439999999999,58.0,6.3,Mb,190.0,0.0,NEI
1978-08-03 23:25:32.100,3,8,1978,23,-0.167,131.797,33.0,6.1,Ms,123.0,0.0,NEI
1978-08-05 04:12:43.900,5,8,1978,4,-3.598,151.012,33.0,6.1,Ms,111.0,0.0,NEI
1978-08-10 16:53:37.100,10,8,1978,16,-35.863,-17.648,10.0,6.0,Ms,64.0,0.0,NEI
1978-08-15 12:37:12.800,15,8,1978,12,-30.529,-178.181999999999,33.0,6.4,Ms,124.0,0.0,NEI
1978-08-21 22:05:02.500,21,8,1978,22,-47.668999999999905,32.5399999999999,10.0,6.2,Ms,151.0,0.0,NEI
1978-08-23 00:38:32.200,23,8,1978,0,10.204,-85.22199999999991,56.0,7.0,Ms,313.0,0.0,NEI
1978-09-01 09:56:00.600,1,9,1978,9,-7.451,156.598999999999,33.0,6.2,Ms,114.0,0.0,NEI
1978-09-02 01:57:33.400,2,9,1978,1,24.896,121.985,109.0,6.1,Mb,299.0,0.0,NEI
1978-09-06 04:01:53.500,6,9,1978,4,-20.143,168.705,36.0,6.0,Ms,119.0,0.0,NEI
1978-09-06 11:07:43.100,6,9,1978,11,-13.316,167.137,198.0,6.0,Mb,168.0,0.0,NEI
1978-09-15 02:36:57.300,15,9,1978,2,49.898,78.9249999999999,0.0,6.0,Mb,214.0,0.0,NEI
1978-09-15 11:39:25.100,15,9,1978,11,48.253999999999905,154.276,44.0,6.0,Mb,278.0,0.0,NEI
1978-09-16 15:35:56.600,16,9,1978,15,33.386,57.433999999999905,33.0,7.4,Ms,197.0,0.0,NEI
1978-09-23 16:32:11.100,23,9,1978,16,-13.919,167.209,201.0,6.3,Mb,294.0,0.0,NEI
1978-11-01 19:48:28.000,1,11,1978,19,39.348999999999904,72.61499999999991,40.0,6.8,Ms,272.0,0.0,NEI
1978-11-04 15:22:19.300,4,11,1978,15,37.67399999999991,48.901,34.0,6.1,Mb,275.0,0.0,NEI
1978-11-04 22:29:22.100,4,11,1978,22,-11.23,162.175999999999,33.0,6.9,Ms,58.0,0.0,NEI
1978-11-04 22:51:54.600,4,11,1978,22,-11.178,162.085,33.0,6.0,Ms,92.0,0.0,NEI
1978-11-05 22:02:07.100,5,11,1978,22,-11.132,162.136,33.0,7.1,Ms,119.0,0.0,NEI
1978-11-07 17:33:59.500,7,11,1978,17,-10.996,162.221,33.0,6.1,Ms,135.0,0.0,NEI
1978-11-29 19:52:47.600,29,11,1978,19,16.01,-96.59099999999991,18.0,7.7,Ms,342.0,0.0,NEI
1978-12-01 15:35:20.900,1,12,1978,15,-10.1549999999999,161.396999999999,93.0,6.0,Mb,134.0,0.0,NEI
1978-12-06 14:02:01.000,6,12,1978,14,44.591999999999906,146.580999999999,91.0,6.7,Mb,313.0,0.0,NEI
1978-12-12 11:44:16.000,12,12,1978,11,7.33,123.492,33.0,6.9,Ms,194.0,0.0,NEI
1978-12-14 07:05:20.600,14,12,1978,7,32.139,49.646,33.0,6.2,Ms,203.0,0.0,NEI
1978-12-14 19:25:59.300,14,12,1978,19,0.536,126.022,60.0,6.0,Mb,210.0,0.0,NEI
1978-12-18 10:15:53.100,18,12,1978,10,-54.47599999999991,2.073,10.0,6.5,Ms,72.0,0.0,NEI
1978-12-21 14:36:53.300,21,12,1978,14,-11.206,162.579,30.0,6.3,Ms,88.0,0.0,NEI
1978-12-23 11:23:12.000,23,12,1978,11,23.247,122.075,33.0,7.0,Ms,357.0,0.0,NEI
1978-12-25 23:57:55.000,25,12,1978,23,10.366,-103.864999999999,10.0,6.5,Ms,162.0,0.0,NEI
1979-01-11 06:28:13.700,11,1,1979,6,-4.08,101.252,32.0,6.2,Ms,187.0,0.0,NEI
1979-01-16 09:50:10.100,16,1,1979,9,33.8969999999999,59.472,33.0,6.7,Ms,242.0,0.0,NEI
1979-01-16 15:05:05.200,16,1,1979,15,-45.56,96.1839999999999,10.0,6.1,Ms,66.0,0.0,NEI
1979-01-17 07:59:55.700,17,1,1979,7,47.883,48.128,0.0,6.0,Mb,225.0,0.0,NEI
1979-01-25 04:08:14.200,25,1,1979,4,-29.937,-177.455,14.0,6.4,Ms,285.0,0.0,NEI
1979-01-26 10:04:32.000,26,1,1979,10,17.413,-100.877,41.0,6.6,Ms,272.0,0.0,NEI
1979-01-27 18:15:00.000,27,1,1979,18,-18.544,168.206999999999,25.0,6.3,Ms,203.0,0.0,NEI
1979-01-27 18:57:55.000,27,1,1979,18,54.768,-161.25,17.0,6.0,Ms,298.0,0.0,NEI
1979-02-07 21:02:06.800,7,2,1979,21,5.21,127.295,129.0,6.2,Mb,280.0,0.0,NEI
1979-02-11 22:22:20.900,11,2,1979,22,5.987,125.919,142.0,6.1,Mb,231.0,0.0,NEI
1979-02-13 05:34:25.900,13,2,1979,5,55.453,-157.162,33.0,6.7,Ms,248.0,0.0,NEI
1979-02-16 00:31:16.100,16,2,1979,0,-13.6259999999999,166.675,60.0,6.2,Mb,235.0,0.0,NEI
1979-02-16 10:08:53.400,16,2,1979,10,-16.39,-72.658,53.0,6.9,Ms,328.0,0.0,NEI
1979-02-18 05:23:49.000,18,2,1979,5,-43.432,40.779,10.0,6.1,Ms,34.0,0.0,NEI
1979-02-20 06:32:32.200,20,2,1979,6,40.23199999999991,143.703,10.0,6.4,Ms,291.0,0.0,NEI
1979-02-28 21:27:06.600,28,2,1979,21,60.74,-141.55,16.0,7.4,ML,0.0,0.0,AK
1979-03-08 14:49:52.800,8,3,1979,14,1.03,120.402,28.0,6.0,Ms,222.0,0.0,NEI
1979-03-09 01:26:33.800,9,3,1979,1,-9.558,147.959,33.0,6.1,Ms,202.0,0.0,NEI
1979-03-12 06:38:11.700,12,3,1979,6,-56.076999999999906,-122.44,10.0,6.1,Ms,41.0,0.0,NEI
1979-03-14 11:07:16.300,14,3,1979,11,17.8129999999999,-101.276,49.0,7.6,Ms,262.0,0.0,NEI
1979-03-15 12:52:29.300,15,3,1979,12,23.157,101.138,33.0,6.2,Ms,186.0,0.0,NEI
1979-03-19 22:31:07.400,19,3,1979,22,-36.719,78.744,10.0,6.2,Ms,28.0,0.0,NEI
1979-03-20 13:00:08.600,20,3,1979,13,-36.649999999999906,78.682,10.0,6.0,Ms,79.0,0.0,NEI
1979-03-23 19:32:31.100,23,3,1979,19,17.9869999999999,-69.0439999999999,80.0,6.1,Mb,356.0,0.0,NEI
1979-04-10 01:42:22.000,10,4,1979,1,2.963,126.933,37.0,6.8,Ms,279.0,0.0,NEI
1979-04-14 10:00:24.900,14,4,1979,10,-36.0069999999999,-102.601,10.0,6.5,Ms,98.0,0.0,NEI
1979-04-15 06:19:44.100,15,4,1979,6,42.095999999999904,19.209,10.0,6.9,Ms,217.0,0.0,NEI
1979-04-23 21:54:35.300,23,4,1979,21,-52.996,159.753999999999,10.0,6.0,Ms,148.0,0.0,NEI
1979-04-24 01:45:09.000,24,4,1979,1,-20.826,-178.687999999999,599.0,6.0,Mb,350.0,0.0,NEI
1979-04-28 11:38:17.700,28,4,1979,11,-27.462,-70.953,23.0,6.1,Ms,184.0,0.0,NEI
1979-05-01 00:39:30.900,1,5,1979,0,9.33,125.614,23.0,6.0,Ms,175.0,0.0,NEI
1979-05-01 13:03:37.100,1,5,1979,13,-21.244,169.798,79.0,6.4,Mb,137.0,0.0,NEI
1979-05-12 19:12:48.990,12,5,1979,19,53.619999999999905,-168.94,150.0,6.1,ML,0.0,0.0,AK
1979-05-16 02:27:00.800,16,5,1979,2,-35.6659999999999,-16.242,10.0,6.2,Ms,127.0,0.0,NEI
1979-05-18 23:22:25.200,18,5,1979,23,0.677,126.005,33.0,6.1,Mb,249.0,0.0,NEI
1979-05-20 08:13:52.740,20,5,1979,8,56.229999999999905,-156.56,9.0,7.0,ML,0.0,0.0,AK
1979-05-21 22:22:23.600,21,5,1979,22,-15.25,-70.0889999999999,208.0,6.0,Mb,320.0,0.0,NEI
1979-05-24 17:23:18.200,24,5,1979,17,42.255,18.7519999999999,8.0,6.2,Ms,342.0,0.0,NEI
1979-05-25 16:45:27.300,25,5,1979,16,52.610999999999905,-167.019,23.0,6.2,Ms,332.0,0.0,NEI
1979-05-30 09:38:52.900,30,5,1979,9,-8.207,115.949,25.0,6.1,Mb,223.0,0.0,NEI
1979-06-02 09:47:58.100,2,6,1979,9,-30.812,117.179,6.0,6.1,Ms,104.0,0.0,NEI
1979-06-10 06:32:50.800,10,6,1979,6,-36.28,-97.953,10.0,6.0,Ms,46.0,0.0,NEI
1979-06-10 06:49:51.900,10,6,1979,6,8.106,-38.085999999999906,10.0,6.0,Ms,247.0,0.0,NEI
1979-06-22 06:30:54.300,22,6,1979,6,17.0,-94.60899999999991,107.0,6.3,Mb,348.0,0.0,NEI
1979-06-25 05:29:05.600,25,6,1979,5,-4.98,145.577,189.0,6.2,Mb,320.0,0.0,NEI
1979-06-27 09:50:03.500,27,6,1979,9,7.164,-82.253,10.0,6.1,Ms,226.0,0.0,NEI
1979-07-01 20:38:04.000,1,7,1979,20,8.316,-82.9429999999999,28.0,6.5,Ms,174.0,0.0,NEI
1979-07-04 06:07:45.200,4,7,1979,6,43.953,146.704,78.0,6.0,Mb,319.0,0.0,NEI
1979-07-09 16:08:09.500,9,7,1979,16,-5.627,153.305,44.0,6.1,Ms,141.0,0.0,NEI
1979-07-24 19:31:19.800,24,7,1979,19,-11.1489999999999,107.709,31.0,6.9,Ms,287.0,0.0,NEI
1979-07-25 17:56:58.300,25,7,1979,17,-21.8919999999999,-138.992999999999,0.0,6.0,Mb,220.0,0.0,NEI
1979-08-05 00:53:45.900,5,8,1979,0,-22.715,-177.494,181.0,6.4,Mb,157.0,0.0,NEI
1979-08-16 21:31:26.300,16,8,1979,21,41.814,130.786,588.0,6.1,Mb,353.0,0.0,NEI
1979-08-17 12:59:07.400,17,8,1979,12,-17.715,167.848,17.0,6.1,Ms,123.0,0.0,NEI
1979-08-20 03:50:52.200,20,8,1979,3,36.47899999999991,70.134,229.0,6.1,Mb,367.0,0.0,NEI
1979-08-24 04:26:54.200,24,8,1979,4,8.951,-83.483,40.0,6.4,Ms,328.0,0.0,NEI
1979-08-25 08:44:04.000,25,8,1979,8,10.731,-41.688,10.0,6.6,Ms,299.0,0.0,NEI
1979-08-26 11:47:24.500,26,8,1979,11,-17.675,167.682999999999,10.0,6.0,Ms,126.0,0.0,NEI
1979-08-26 14:31:22.100,26,8,1979,14,19.0659999999999,122.096,15.0,7.1,Ms,289.0,0.0,NEI
1979-09-12 05:17:51.400,12,9,1979,5,-1.679,136.039999999999,5.0,7.9,Ms,175.0,0.0,NEI
1979-09-23 23:03:25.100,23,9,1979,23,-60.526,-50.304,10.0,6.2,Ms,69.0,0.0,NEI
1979-09-29 18:37:12.500,29,9,1979,18,1.193,94.245,27.0,6.8,Ms,315.0,0.0,NEI
1979-10-12 10:25:22.300,12,10,1979,10,-46.674999999999905,165.706999999999,33.0,7.4,Ms,88.0,0.0,NEI
1979-10-15 23:16:53.910,15,10,1979,23,32.6672999999999,-115.3592,15.0,6.4,Mw,76.0,0.5,CI
1979-10-17 05:43:02.700,17,10,1979,5,18.524,145.281,601.0,6.1,Mb,248.0,0.0,NEI
1979-10-17 23:29:26.400,17,10,1979,23,-1.161,136.598,33.0,6.0,Mb,109.0,0.0,NEI
1979-10-18 03:35:26.900,18,10,1979,3,51.859,177.128999999999,62.0,6.0,Mb,315.0,0.0,NEI
1979-10-20 01:41:10.400,20,10,1979,1,-8.254,115.846999999999,38.0,6.2,Ms,221.0,0.0,NEI
1979-10-22 05:58:48.900,22,10,1979,5,0.666,125.921,33.0,6.3,Ms,283.0,0.0,NEI
1979-10-23 09:51:06.700,23,10,1979,9,-10.615,161.283999999999,22.0,7.1,Ms,143.0,0.0,NEI
1979-10-27 14:35:57.300,27,10,1979,14,13.833,-90.881,58.0,6.8,Ms,311.0,0.0,NEI
1979-10-27 21:43:24.900,27,10,1979,21,13.778,-90.73,65.0,6.6,Ms,297.0,0.0,NEI
1979-11-02 01:32:19.700,2,11,1979,1,-13.319,166.656,33.0,6.1,Mb,96.0,0.0,NEI
1979-11-02 15:53:03.500,2,11,1979,15,-7.656,108.252,62.0,6.1,Mb,217.0,0.0,NEI
1979-11-06 11:38:31.500,6,11,1979,11,-9.49799999999999,159.22,30.0,6.1,Ms,149.0,0.0,NEI
1979-11-09 16:39:25.000,9,11,1979,16,-13.294,166.742999999999,45.0,6.1,Ms,246.0,0.0,NEI
1979-11-13 19:05:02.500,13,11,1979,19,-4.437,102.015,47.0,6.3,Ms,168.0,0.0,NEI
1979-11-13 20:43:38.800,13,11,1979,20,-23.576,-174.858,32.0,6.6,Ms,153.0,0.0,NEI
1979-11-14 02:21:22.100,14,11,1979,2,33.9179999999999,59.741,33.0,6.6,Ms,205.0,0.0,NEI
1979-11-16 15:21:25.700,16,11,1979,15,-16.76,-179.984,33.0,6.9,Ms,117.0,0.0,NEI
1979-11-19 22:17:20.200,19,11,1979,22,5.861,125.295,85.0,6.1,Mb,214.0,0.0,NEI
1979-11-23 23:40:29.800,23,11,1979,23,4.805,-76.2169999999999,108.0,6.4,Mb,311.0,0.0,NEI
1979-11-24 19:19:04.300,24,11,1979,19,-18.937,-176.593999999999,33.0,6.2,Ms,132.0,0.0,NEI
1979-11-27 17:10:32.900,27,11,1979,17,33.962,59.72599999999991,10.0,7.1,Ms,230.0,0.0,NEI
1979-12-07 09:24:00.200,7,12,1979,9,34.033,59.817,31.0,6.0,Ms,175.0,0.0,NEI
1979-12-11 17:26:16.800,11,12,1979,17,28.882,140.700999999999,110.0,6.1,Mb,227.0,0.0,NEI
1979-12-12 07:59:03.300,12,12,1979,7,1.598,-79.358,24.0,7.7,Ms,205.0,0.0,NEI
1979-12-15 00:02:41.600,15,12,1979,0,-3.299,102.712,33.0,6.6,Ms,82.0,0.0,NEI
1979-12-17 19:58:23.800,17,12,1979,19,-8.39,115.889,33.0,6.3,Ms,92.0,0.0,NEI
1980-01-01 16:42:40.000,1,1,1980,16,38.814999999999905,-27.78,10.0,6.7,Ms,249.0,0.0,NEI
1980-01-02 20:58:44.200,2,1,1980,20,5.984,126.188,63.0,6.0,Mb,178.0,0.0,NEI
1980-01-12 15:57:01.900,12,1,1980,15,41.679,143.589,33.0,6.0,Ms,206.0,0.0,NEI
1980-01-14 12:19:40.200,14,1,1980,12,-22.398,-175.035,33.0,6.0,Ms,88.0,0.0,NEI
1980-02-03 11:58:39.800,3,2,1980,11,-17.649,-171.184,33.0,6.4,Ms,148.0,0.0,NEI
1980-02-04 03:45:56.000,4,2,1980,3,-57.906999999999904,-7.188,10.0,6.2,Ms,54.0,0.0,NEI
1980-02-07 10:49:16.000,7,2,1980,10,-54.158,158.889999999999,10.0,6.5,Ms,37.0,0.0,NEI
1980-02-13 22:09:29.600,13,2,1980,22,36.517,76.89199999999991,63.0,6.1,Mb,241.0,0.0,NEI
1980-02-15 14:25:48.900,15,2,1980,14,44.533,149.739,35.0,6.0,Ms,193.0,0.0,NEI
1980-02-22 03:02:47.200,22,2,1980,3,30.506,88.5829999999999,33.0,6.2,Ms,224.0,0.0,NEI
1980-02-23 05:51:03.200,23,2,1980,5,43.53,146.752999999999,44.0,7.0,Ms,316.0,0.0,NEI
1980-02-27 21:17:20.200,27,2,1980,21,-6.017,150.188999999999,53.0,6.6,Ms,180.0,0.0,NEI
1980-02-29 11:13:26.700,29,2,1980,11,6.299,126.881,104.0,6.1,Mb,177.0,0.0,NEI
1980-03-02 23:28:57.100,2,3,1980,23,26.9929999999999,126.621,33.0,6.3,Ms,133.0,0.0,NEI
1980-03-08 14:29:56.000,8,3,1980,14,-22.811,171.389999999999,43.0,6.0,Ms,81.0,0.0,NEI
1980-03-08 22:12:10.300,8,3,1980,22,-22.6729999999999,171.357,38.0,6.7,Ms,99.0,0.0,NEI
1980-03-24 03:59:51.300,24,3,1980,3,52.969,-167.669999999999,33.0,6.9,Ms,350.0,0.0,NEI
1980-03-24 04:02:19.300,24,3,1980,4,52.6,-167.453,33.0,6.1,Mb,78.0,0.0,NEI
1980-03-26 20:43:37.900,26,3,1980,20,23.867,-45.558,10.0,6.3,Ms,261.0,0.0,NEI
1980-03-31 12:41:47.700,31,3,1980,12,16.1299999999999,121.962,43.0,6.3,Ms,217.0,0.0,NEI
1980-03-31 13:04:31.100,31,3,1980,13,-20.561,-173.803,33.0,6.2,Ms,118.0,0.0,NEI
1980-04-01 11:11:54.900,1,4,1980,11,-20.686,-173.587999999999,37.0,6.1,Ms,65.0,0.0,NEI
1980-04-11 21:55:50.900,11,4,1980,21,-22.957,171.173,33.0,6.2,Ms,49.0,0.0,NEI
1980-04-13 18:04:31.900,13,4,1980,18,-23.466,-177.297,79.0,6.7,Mb,170.0,0.0,NEI
1980-04-14 12:39:03.900,14,4,1980,12,-10.878,164.075999999999,33.0,6.1,Ms,92.0,0.0,NEI
1980-04-20 02:37:49.300,20,4,1980,2,11.736,57.706,10.0,6.2,Ms,155.0,0.0,NEI
1980-05-04 18:35:20.400,4,5,1980,18,38.052999999999905,48.98499999999991,46.0,6.2,Ms,159.0,0.0,NEI
1980-05-09 22:32:42.700,9,5,1980,22,-55.835,147.247999999999,10.0,6.4,Ms,67.0,0.0,NEI
1980-05-12 16:37:34.900,12,5,1980,16,-14.464,167.901999999999,20.0,6.1,Ms,103.0,0.0,NEI
1980-05-14 11:26:00.600,14,5,1980,11,-6.007,154.513,57.0,6.1,Mb,129.0,0.0,NEI
1980-05-15 18:58:25.300,15,5,1980,18,-6.197,125.76,33.0,6.1,Ms,98.0,0.0,NEI
1980-05-25 16:33:44.000,25,5,1980,16,37.59029999999991,-118.831,9.01,6.1,ML,12.0,0.15,NC
1980-05-25 16:49:27.160,25,5,1980,16,37.6768,-118.8997,8.67,6.0,ML,44.0,1.35,NC
1980-05-25 19:44:50.910,25,5,1980,19,37.5538,-118.807,14.2,6.1,ML,7.0,0.1,NC
1980-05-26 18:41:42.900,26,5,1980,18,-19.364,-69.238,114.0,6.1,Mb,222.0,0.0,NEI
1980-05-27 13:01:34.800,27,5,1980,13,-18.649,-174.747999999999,33.0,6.1,Mb,223.0,0.0,NEI
1980-05-27 14:50:56.810,27,5,1980,14,37.5033,-118.805499999999,16.09,6.2,ML,20.0,0.12,NC
1980-06-09 03:28:19.140,9,6,1980,3,32.1998,-115.1222,6.0,6.3,Mw,13.0,0.62,CI
1980-06-09 13:14:21.400,9,6,1980,13,9.754,126.64,19.0,6.0,Ms,19.0,0.0,NEI
1980-06-16 20:48:58.800,16,6,1980,20,-7.348,128.542,167.0,6.0,Mb,108.0,0.0,NEI
1980-06-18 09:18:32.400,18,6,1980,9,-5.178,152.110999999999,61.0,6.0,Mb,148.0,0.0,NEI
1980-06-18 10:49:10.000,18,6,1980,10,-15.268,-173.569999999999,43.0,6.5,Ms,156.0,0.0,NEI
1980-06-18 17:14:54.500,18,6,1980,17,9.475,126.657,54.0,6.8,Ms,124.0,0.0,NEI
1980-06-19 08:31:38.700,19,6,1980,8,-29.956,-177.986999999999,51.0,6.1,Mb,126.0,0.0,NEI
1980-06-21 20:19:26.400,21,6,1980,20,-57.97299999999991,-10.656,10.0,6.0,Mb,86.0,0.0,NEI
1980-06-23 20:13:20.900,23,6,1980,20,-28.776,-176.687,49.0,6.2,Ms,114.0,0.0,NEI
1980-06-24 06:27:52.400,24,6,1980,6,-5.977,103.958,33.0,6.0,Ms,43.0,0.0,NEI
1980-06-25 23:18:20.400,25,6,1980,23,-5.233,151.686,49.0,6.5,Ms,242.0,0.0,NEI
1980-06-29 07:20:05.500,29,6,1980,7,34.808,139.181,15.0,6.2,Ms,222.0,0.0,NEI
1980-07-08 23:19:19.800,8,7,1980,23,-12.41,166.381,33.0,7.5,Ms,170.0,0.0,NEI
1980-07-09 02:11:52.800,9,7,1980,2,39.268999999999906,23.041,14.0,6.4,Ms,156.0,0.0,NEI
1980-07-09 02:35:50.000,9,7,1980,2,39.256999999999906,22.5569999999999,20.0,6.3,Ms,146.0,0.0,NEI
1980-07-09 20:56:53.200,9,7,1980,20,-12.689,166.003999999999,33.0,6.7,Ms,41.0,0.0,NEI
1980-07-14 16:15:01.700,14,7,1980,16,-29.273,-177.154,49.0,6.6,Ms,84.0,0.0,NEI
1980-07-16 19:56:46.700,16,7,1980,19,-4.456,143.520999999999,84.0,6.5,Mb,151.0,0.0,NEI
1980-07-17 19:42:23.200,17,7,1980,19,-12.525,165.916,33.0,7.9,Ms,95.0,0.0,NEI
1980-07-19 11:52:20.600,19,7,1980,11,-28.997,-69.6749999999999,110.0,6.1,Mb,180.0,0.0,NEI
1980-07-20 21:20:03.900,20,7,1980,21,-17.8649999999999,-178.625,591.0,6.0,Mb,180.0,0.0,NEI
1980-07-22 07:06:23.000,22,7,1980,7,-20.302,169.607,122.0,6.1,Mb,147.0,0.0,NEI
1980-07-29 03:11:56.300,29,7,1980,3,-13.101,166.337999999999,48.0,6.7,Ms,178.0,0.0,NEI
1980-07-29 14:58:40.800,29,7,1980,14,29.5979999999999,81.0919999999999,18.0,6.5,Ms,257.0,0.0,NEI
1980-08-02 15:47:26.100,2,8,1980,15,-11.086,165.432999999999,33.0,6.3,Ms,101.0,0.0,NEI
1980-08-09 05:45:09.500,9,8,1980,5,15.888,-88.516,22.0,6.4,Ms,185.0,0.0,NEI
1980-08-21 12:07:20.100,21,8,1980,12,-41.317999999999905,80.50799999999991,10.0,6.3,Ms,72.0,0.0,NEI
1980-08-24 20:10:04.200,24,8,1980,20,-15.222,-173.674,39.0,6.2,Ms,117.0,0.0,NEI
1980-09-24 17:54:24.100,24,9,1980,17,35.45,139.964,73.0,6.0,Mb,256.0,0.0,NEI
1980-09-26 15:20:37.100,26,9,1980,15,-3.225,142.236999999999,33.0,6.5,Ms,184.0,0.0,NEI
1980-09-28 18:25:59.700,28,9,1980,18,-6.31,154.809,68.0,6.0,Mb,184.0,0.0,NEI
1980-09-29 04:00:00.000,29,9,1980,4,55.799999999999905,-155.599999999999,0.0,6.3,ML,0.0,0.0,AK
1980-10-04 04:37:34.100,4,10,1980,4,-15.722,-179.359,33.0,6.0,Ms,84.0,0.0,NEI
1980-10-08 16:04:45.600,8,10,1980,16,-5.366,103.117999999999,33.0,6.3,Ms,139.0,0.0,NEI
1980-10-09 16:19:38.200,9,10,1980,16,-15.379,-173.419999999999,33.0,6.0,Ms,120.0,0.0,NEI
1980-10-10 12:25:23.500,10,10,1980,12,36.195,1.354,10.0,7.3,Ms,203.0,0.0,NEI
1980-10-10 15:39:09.800,10,10,1980,15,36.220999999999904,1.611,10.0,6.2,Mb,187.0,0.0,NEI
1980-10-24 03:25:34.400,24,10,1980,3,-21.989,170.164999999999,33.0,6.7,Ms,192.0,0.0,NEI
1980-10-24 14:53:35.100,24,10,1980,14,18.2109999999999,-98.23999999999991,72.0,6.4,Mb,326.0,0.0,NEI
1980-10-25 07:00:07.900,25,10,1980,7,-21.9819999999999,170.025,33.0,6.7,Ms,118.0,0.0,NEI
1980-10-25 11:00:05.100,25,10,1980,11,-21.89,169.853,33.0,7.2,Ms,124.0,0.0,NEI
1980-10-25 16:20:04.800,25,10,1980,16,-22.3129999999999,170.38,33.0,6.5,Ms,197.0,0.0,NEI
1980-10-26 05:14:19.100,26,10,1980,5,11.7509999999999,125.502,48.0,6.1,Ms,239.0,0.0,NEI
1980-10-26 22:20:00.000,26,10,1980,22,57.0,-136.0,0.0,6.3,ML,0.0,0.0,AK
1980-10-27 13:04:54.900,27,10,1980,13,-13.0589999999999,166.128999999999,33.0,6.2,Ms,88.0,0.0,NEI
1980-10-29 17:44:14.000,29,10,1980,17,-21.492,169.468999999999,33.0,6.4,Ms,137.0,0.0,NEI
1980-10-29 18:45:13.600,29,10,1980,18,8.398,93.34999999999991,33.0,6.2,Ms,55.0,0.0,NEI
1980-11-01 22:52:19.600,1,11,1980,22,18.954,-107.628,33.0,6.1,Ms,85.0,0.0,NEI
1980-11-08 10:27:33.200,8,11,1980,10,41.0842,-124.6157,14.64,7.2,Unk,100.0,0.23,NC
1980-11-11 10:36:58.200,11,11,1980,10,-51.421999999999905,28.7959999999999,10.0,6.7,Ms,110.0,0.0,NEI
1980-11-19 19:00:46.900,19,11,1980,19,27.3939999999999,88.75199999999991,17.0,6.1,Ms,232.0,0.0,NEI
1980-11-23 18:34:53.800,23,11,1980,18,40.914,15.366,10.0,6.9,Ms,265.0,0.0,NEI
1980-11-30 12:24:39.800,30,11,1980,12,-19.4259999999999,-175.849999999999,202.0,6.0,Mb,262.0,0.0,NEI
1980-12-11 18:15:03.500,11,12,1980,18,-21.2719999999999,-68.153,80.0,6.1,Mb,195.0,0.0,NEI
1980-12-15 08:12:45.400,15,12,1980,8,-17.593,-172.3,33.0,6.3,Ms,134.0,0.0,NEI
1980-12-17 00:47:54.700,17,12,1980,0,-21.417,169.875,86.0,6.0,Mb,111.0,0.0,NEI
1980-12-17 16:21:58.800,17,12,1980,16,49.47899999999991,-129.496,10.0,6.8,Ms,152.0,0.0,NEI
1980-12-19 02:57:57.400,19,12,1980,2,-21.3389999999999,-174.359,33.0,6.1,Ms,88.0,0.0,NEI
1980-12-19 23:32:41.900,19,12,1980,23,30.581,140.643,82.0,6.2,Mb,239.0,0.0,NEI
1980-12-31 10:32:11.000,31,12,1980,10,46.06,151.453,33.0,6.5,Ms,220.0,0.0,NEI
1981-01-02 15:39:47.300,2,1,1981,15,29.244,128.136,242.0,6.1,Mb,224.0,0.0,NEI
1981-01-18 03:06:45.500,18,1,1981,3,-61.091,-55.426,22.0,6.0,Mb,72.0,0.0,NEI
1981-01-18 18:11:28.400,18,1,1981,18,38.579999999999906,142.819999999999,33.0,6.2,Ms,249.0,0.0,NEI
1981-01-18 18:17:24.400,18,1,1981,18,38.64,142.75,33.0,6.9,Ms,220.0,0.0,NEI
1981-01-19 01:14:05.400,19,1,1981,1,38.598999999999904,142.877,33.0,6.1,Ms,222.0,0.0,NEI
1981-01-19 15:11:01.000,19,1,1981,15,-4.576,139.232,33.0,6.7,Ms,128.0,0.0,NEI
1981-01-19 21:44:25.700,19,1,1981,21,-3.471,146.13,33.0,6.1,Ms,67.0,0.0,NEI
1981-01-22 19:34:40.100,22,1,1981,19,38.215,142.672,20.0,6.4,Ms,207.0,0.0,NEI
1981-01-23 04:58:31.500,23,1,1981,4,42.524,142.122,116.0,6.3,Mb,329.0,0.0,NEI
1981-01-23 21:13:51.700,23,1,1981,21,30.927,101.098,33.0,6.8,Ms,188.0,0.0,NEI
1981-01-23 21:54:41.600,23,1,1981,21,-29.6819999999999,60.838999999999906,10.0,6.8,Ms,229.0,0.0,NEI
1981-01-30 08:52:44.100,30,1,1981,8,51.744,176.274,33.0,7.0,Ms,309.0,0.0,NEI
1981-02-17 15:18:33.700,17,2,1981,15,-21.7429999999999,169.377,30.0,6.7,Ms,95.0,0.0,NEI
1981-02-19 08:23:02.200,19,2,1981,8,-21.541,169.461999999999,33.0,6.0,Ms,129.0,0.0,NEI
1981-02-22 21:45:45.100,22,2,1981,21,-22.198,174.827,33.0,6.2,Ms,100.0,0.0,NEI
1981-02-24 20:53:38.400,24,2,1981,20,38.222,22.934,33.0,6.7,Ms,248.0,0.0,NEI
1981-02-25 02:35:53.300,25,2,1981,2,38.125,23.1409999999999,33.0,6.4,Ms,258.0,0.0,NEI
1981-02-28 21:56:13.500,28,2,1981,21,-6.41,-81.4159999999999,33.0,6.0,Ms,106.0,0.0,NEI
1981-03-04 21:58:05.900,4,3,1981,21,38.209,23.288,29.0,6.4,Ms,210.0,0.0,NEI
1981-03-06 19:42:59.500,6,3,1981,19,3.893,-85.915,33.0,6.4,Ms,188.0,0.0,NEI
1981-03-21 22:52:39.300,21,3,1981,22,-5.45,146.715,227.0,6.0,Mb,129.0,0.0,NEI
1981-03-23 19:28:10.700,23,3,1981,19,-33.661,-71.89199999999991,46.0,6.2,Ms,162.0,0.0,NEI
1981-03-26 21:30:04.700,26,3,1981,21,3.412,127.998,61.0,6.1,Mb,219.0,0.0,NEI
1981-04-09 08:37:09.600,9,4,1981,8,-59.779,150.235,10.0,6.2,Ms,85.0,0.0,NEI
1981-04-24 21:50:06.000,24,4,1981,21,-13.426,166.420999999999,33.0,6.9,Ms,192.0,0.0,NEI
1981-04-27 18:17:33.700,27,4,1981,18,-57.591,148.079,10.0,6.5,Ms,122.0,0.0,NEI
1981-04-28 21:14:48.200,28,4,1981,21,-23.721,179.980999999999,540.0,6.0,Mb,292.0,0.0,NEI
1981-04-30 14:41:41.200,30,4,1981,14,43.232999999999905,150.222,49.0,6.1,Ms,272.0,0.0,NEI
1981-05-02 16:04:55.600,2,5,1981,16,36.354999999999905,71.08499999999991,229.0,6.3,Mb,292.0,0.0,NEI
1981-05-06 21:36:06.800,6,5,1981,21,-1.886,-80.885,33.0,6.4,Ms,113.0,0.0,NEI
1981-05-08 23:34:44.900,8,5,1981,23,42.659999999999904,139.128999999999,200.0,6.0,Mb,350.0,0.0,NEI
1981-05-13 01:39:54.800,13,5,1981,1,5.829,127.008,145.0,6.0,Mb,177.0,0.0,NEI
1981-05-25 05:25:14.400,25,5,1981,5,-48.786,164.357,33.0,7.6,Ms,199.0,0.0,NEI
1981-05-28 22:18:55.400,28,5,1981,22,-5.682,151.408999999999,71.0,6.0,Mb,278.0,0.0,NEI
1981-06-03 05:47:44.440,3,6,1981,5,-35.56,-17.0399999999999,10.0,6.4,Ms,42.0,1.09,NEI
1981-06-11 07:24:25.230,11,6,1981,7,29.913,57.715,33.0,6.1,Mb,241.0,1.04,NEI
1981-06-13 01:26:03.190,13,6,1981,1,-60.17099999999991,154.711999999999,10.0,6.0,Ms,23.0,1.09,NEI
1981-06-25 19:51:21.460,25,6,1981,19,-41.697,79.929,10.0,6.0,Ms,57.0,1.14,NEI
1981-06-26 00:51:06.070,26,6,1981,0,-30.2689999999999,-178.985999999999,184.0,6.1,Unk,258.0,1.1,NEI
1981-07-06 03:08:24.180,6,7,1981,3,-22.2929999999999,171.741999999999,33.0,7.0,Ms,235.0,0.93,NEI
1981-07-07 21:10:57.780,7,7,1981,21,-0.166,-18.837,10.0,6.4,Ms,153.0,1.09,NEI
1981-07-15 07:59:08.470,15,7,1981,7,-17.26,167.601,30.0,7.0,Ms,87.0,1.03,NEI
1981-07-29 01:11:12.730,29,7,1981,1,-21.617,169.627,39.5,6.2,Ms,221.0,1.11,NEI
1981-08-07 11:35:21.560,7,8,1981,11,-5.186,151.674,65.8,6.2,Unk,250.0,0.9,NEI
1981-08-23 12:00:26.550,23,8,1981,12,48.718,157.389999999999,40.0,6.0,Mb,306.0,0.84,NEI
1981-09-01 09:29:31.540,1,9,1981,9,-14.96,-173.085,25.0,7.7,Ms,248.0,1.19,NEI
1981-09-03 05:35:44.800,3,9,1981,5,43.621,147.031,45.0,6.6,Ms,324.0,0.84,NEI
1981-09-04 11:15:13.610,4,9,1981,11,9.964,124.035,644.5,6.4,Unk,249.0,0.92,NEI
1981-09-12 07:15:54.170,12,9,1981,7,35.6929999999999,73.59399999999991,33.0,6.2,Mb,307.0,1.05,NEI
1981-09-17 08:23:24.640,17,9,1981,8,-22.518,170.506,30.0,6.6,Ms,118.0,0.98,NEI
1981-09-21 14:24:42.990,21,9,1981,14,-22.1849999999999,170.491,33.0,6.0,Ms,102.0,1.03,NEI
1981-09-28 17:56:18.090,28,9,1981,17,-29.335,-179.038999999999,323.0,6.0,Mb,259.0,1.04,NEI
1981-10-04 00:01:32.790,4,10,1981,0,-4.57,146.122999999999,33.0,6.3,Ms,192.0,0.88,NEI
1981-10-07 03:02:13.460,7,10,1981,3,-20.7519999999999,-178.632,619.9,6.1,Unk,303.0,0.96,NEI
1981-10-07 13:19:20.140,7,10,1981,13,-11.443,66.277,10.0,6.0,Mb,209.0,1.01,NEI
1981-10-09 12:19:40.230,9,10,1981,12,-9.97899999999999,162.045999999999,50.2,6.0,Mb,213.0,1.02,NEI
1981-10-15 01:47:52.970,15,10,1981,1,40.22899999999991,142.287,47.0,6.0,Mb,269.0,0.85,NEI
1981-10-16 03:25:42.220,16,10,1981,3,-33.134,-73.0739999999999,33.0,6.2,Mb,161.0,0.84,NEI
1981-10-17 06:44:55.150,17,10,1981,6,-7.101,128.973999999999,179.0,6.1,Mb,238.0,1.13,NEI
1981-10-25 03:22:15.570,25,10,1981,3,18.0479999999999,-102.084,33.0,6.2,Mb,191.0,1.24,NEI
1981-10-28 04:34:17.780,28,10,1981,4,-31.2719999999999,-110.649,10.0,6.2,Ms,100.0,1.2,NEI
1981-11-03 13:47:34.130,3,11,1981,13,43.542,-127.706,10.0,6.0,Mb,232.0,1.22,NEI
1981-11-04 14:38:10.730,4,11,1981,14,-20.0459999999999,-174.276,33.0,6.3,Mb,258.0,0.98,NEI
1981-11-06 16:47:49.100,6,11,1981,16,-3.558,143.789999999999,33.0,6.9,Ms,187.0,1.24,NEI
1981-11-07 03:29:51.090,7,11,1981,3,-32.1989999999999,-71.3359999999999,65.2,6.2,Mb,238.0,0.98,NEI
1981-11-07 09:42:55.430,7,11,1981,9,-17.088,66.691,10.0,6.0,Ms,144.0,1.13,NEI
1981-11-15 20:18:17.540,15,11,1981,20,-65.635,179.899,10.0,6.0,Ms,26.0,1.39,NEI
1981-11-16 13:53:18.800,16,11,1981,13,-22.1409999999999,169.502999999999,33.0,6.2,Ms,158.0,1.0,NEI
1981-11-18 17:37:48.710,18,11,1981,17,-29.5159999999999,-177.228,33.0,6.0,Ms,176.0,1.04,NEI
1981-11-22 15:05:20.560,22,11,1981,15,18.7519999999999,120.839,24.0,6.2,Mb,298.0,1.02,NEI
1981-11-24 23:30:32.630,24,11,1981,23,-22.504,170.634999999999,29.8,6.7,Ms,215.0,1.06,NEI
1981-12-06 12:50:48.940,6,12,1981,12,-6.171,152.044999999999,33.0,6.0,Mb,241.0,1.16,NEI
1981-12-11 09:45:57.590,11,12,1981,9,-6.087,148.178,69.5,6.3,Unk,122.0,1.06,NEI
1981-12-12 04:52:37.160,12,12,1981,4,23.9319999999999,125.855999999999,10.0,6.1,Mb,253.0,1.11,NEI
1981-12-19 14:10:50.720,19,12,1981,14,39.243,25.227,10.0,6.2,Mb,218.0,1.19,NEI
1981-12-24 05:33:20.710,24,12,1981,5,-29.9699999999999,-177.61,28.0,6.8,Ms,264.0,1.19,NEI
1981-12-26 17:05:32.520,26,12,1981,17,-29.934,-177.741,33.0,7.1,Ms,248.0,1.22,NEI
1982-01-01 18:51:01.560,1,1,1982,18,26.823,142.556999999999,22.2,6.7,Ms,290.0,0.9,NEI
1982-01-04 06:05:01.330,4,1,1982,6,18.0139999999999,145.626,590.2,6.1,Mb,207.0,0.9,NEI
1982-01-04 22:20:53.600,4,1,1982,22,-23.1649999999999,-177.312,195.0,6.1,Unk,244.0,1.11,NEI
1982-01-11 06:10:06.490,11,1,1982,6,13.752,124.358,45.7,6.0,Mb,205.0,1.14,NEI
1982-01-13 00:06:43.270,13,1,1982,0,-9.55,152.161,33.0,6.0,Mb,136.0,1.01,NEI
1982-01-15 13:48:21.830,15,1,1982,13,-9.513,152.145999999999,33.0,6.0,Ms,116.0,0.87,NEI
1982-01-23 17:37:30.260,23,1,1982,17,31.696,82.24599999999991,33.0,6.0,Mb,217.0,1.11,NEI
1982-01-25 05:29:33.520,25,1,1982,5,53.222,-165.718999999999,60.0,6.5,Unk,300.0,1.01,NEI
1982-01-28 14:26:15.550,28,1,1982,14,-27.3829999999999,-71.7819999999999,33.0,6.1,Mb,10.0,0.83,NEI
1982-01-30 02:35:10.640,30,1,1982,2,16.7369999999999,-61.43,63.3,6.0,Mb,282.0,1.0,NEI
1982-02-20 13:26:50.360,20,2,1982,13,-10.861,166.014999999999,36.0,6.0,Mb,180.0,1.13,NEI
1982-02-20 19:18:20.240,20,2,1982,19,33.579,140.999,18.0,6.2,Mb,306.0,0.95,NEI
1982-03-04 09:11:49.520,4,3,1982,9,-22.4259999999999,173.624,45.0,6.0,Ms,146.0,1.34,NEI
1982-03-10 21:58:43.530,10,3,1982,21,-56.03699999999991,-27.291,102.0,6.0,Mb,161.0,1.01,NEI
1982-03-11 10:32:27.100,11,3,1982,10,-9.265,118.479,33.0,6.1,Mb,186.0,1.28,NEI
1982-03-21 02:32:07.740,21,3,1982,2,42.158,142.360999999999,44.0,6.7,Ms,353.0,1.13,NEI
1982-03-25 05:05:39.610,25,3,1982,5,-52.732999999999905,-46.781999999999904,10.0,6.0,Ms,88.0,1.25,NEI
1982-03-27 13:45:35.790,27,3,1982,13,-11.102,162.943,73.0,6.1,Unk,86.0,1.12,NEI
1982-03-28 03:52:34.590,28,3,1982,3,-31.4849999999999,-178.66,79.0,6.1,Unk,263.0,1.06,NEI
1982-03-28 23:24:51.120,28,3,1982,23,-12.69,-76.0649999999999,95.0,6.1,Mb,270.0,1.03,NEI
1982-03-29 12:20:26.720,29,3,1982,12,-15.471,-179.61,33.0,6.3,Ms,136.0,1.28,NEI
1982-03-29 21:33:55.440,29,3,1982,21,0.088,123.331999999999,187.2,6.0,Mb,241.0,1.19,NEI
1982-04-06 19:56:53.450,6,4,1982,19,14.315,-92.08199999999991,64.8,6.0,Mb,281.0,1.01,NEI
1982-04-12 00:34:44.380,12,4,1982,0,-30.1849999999999,-177.889999999999,35.0,6.1,Ms,188.0,1.16,NEI
1982-04-16 14:04:51.230,16,4,1982,14,-15.792,-172.985,33.0,6.0,Ms,184.0,0.92,NEI
1982-04-17 09:20:57.860,17,4,1982,9,19.8709999999999,120.526,10.3,6.2,Mb,304.0,0.88,NEI
1982-05-02 11:19:38.010,2,5,1982,11,-29.318,-177.151,25.4,6.5,Ms,155.0,1.29,NEI
1982-05-07 05:38:34.890,7,5,1982,5,-60.597,-20.8769999999999,10.0,6.7,Ms,90.0,1.39,NEI
1982-05-31 10:21:15.010,31,5,1982,10,55.137999999999906,165.401,33.0,6.0,Mb,293.0,1.08,NEI
1982-05-31 15:18:55.740,31,5,1982,15,7.776,135.776999999999,33.0,6.0,Mb,172.0,1.26,NEI
1982-06-01 04:14:15.430,1,6,1982,4,-41.548,-75.10599999999991,33.0,6.1,Ms,220.0,1.05,NEI
1982-06-02 12:37:34.590,2,6,1982,12,-18.0829999999999,-172.491999999999,33.0,6.4,Ms,313.0,1.21,NEI
1982-06-07 06:52:37.370,7,6,1982,6,16.6069999999999,-98.149,40.5,6.0,Mb,272.0,1.09,NEI
1982-06-07 10:59:40.160,7,6,1982,10,16.558,-98.358,33.8,7.0,Ms,307.0,1.06,NEI
1982-06-11 00:38:09.800,11,6,1982,0,-17.616,-174.413999999999,123.0,6.9,Unk,339.0,1.05,NEI
1982-06-19 06:21:58.000,19,6,1982,6,13.313,-89.3389999999999,81.6,7.0,Unk,367.0,1.17,NEI
1982-06-22 04:18:40.500,22,6,1982,4,-7.339,126.043,450.0,6.8,Unk,312.0,1.09,NEI
1982-06-30 01:57:34.150,30,6,1982,1,44.679,151.143,33.0,6.9,Ms,336.0,0.83,NEI
1982-07-01 07:41:53.260,1,7,1982,7,51.426,-179.943,47.7,6.3,Mb,343.0,1.09,NEI
1982-07-04 01:20:06.800,4,7,1982,1,27.9289999999999,136.967,536.0,6.5,Unk,314.0,1.04,NEI
1982-07-07 10:43:03.740,7,7,1982,10,-51.225,160.513,10.0,7.0,Ms,286.0,1.29,NEI
1982-07-17 22:02:07.980,17,7,1982,22,-21.7349999999999,173.132,36.9,6.2,Ms,137.0,1.19,NEI
1982-07-23 14:23:53.570,23,7,1982,14,36.194,141.702,36.6,6.2,Mb,271.0,1.0,NEI
1982-07-31 06:29:15.520,31,7,1982,6,51.755,176.137,37.8,6.2,Mb,324.0,0.93,NEI
1982-08-05 20:32:52.950,5,8,1982,20,-12.597,165.931,30.7,7.1,Ms,165.0,1.42,NEI
1982-08-07 20:56:22.720,7,8,1982,20,-11.143,115.418,33.0,6.1,Mb,287.0,1.1,NEI
1982-08-17 22:22:24.430,17,8,1982,22,33.7719999999999,22.9609999999999,31.0,6.0,Mb,299.0,1.09,NEI
1982-08-19 15:59:01.530,19,8,1982,15,6.718,-82.68,10.0,6.2,Mb,199.0,1.21,NEI
1982-09-03 01:32:00.280,3,9,1982,1,43.912999999999904,148.478,33.0,6.0,Mb,300.0,1.08,NEI
1982-09-03 23:39:39.090,3,9,1982,23,-15.2959999999999,-173.089,33.0,6.3,Ms,207.0,1.15,NEI
1982-09-04 13:31:14.920,4,9,1982,13,-25.524,-176.245,33.0,6.0,Ms,200.0,1.01,NEI
1982-09-06 01:47:02.730,6,9,1982,1,29.3249999999999,140.36,175.8,6.7,Unk,413.0,1.07,NEI
1982-09-06 07:48:54.280,6,9,1982,7,56.75,-151.77,30.0,6.0,ML,0.0,0.0,AK
1982-09-14 18:17:02.840,14,9,1982,18,-7.23,147.991,36.8,6.4,Ms,26.0,1.32,NEI
1982-09-15 20:22:55.280,15,9,1982,20,-14.493,-70.7849999999999,128.3,6.3,Unk,343.0,1.03,NEI
1982-09-17 13:28:24.810,17,9,1982,13,-23.469,-179.852,546.0,6.2,Unk,273.0,0.86,NEI
1982-09-20 12:57:45.340,20,9,1982,12,-26.93,-175.962999999999,33.0,6.1,Ms,77.0,1.55,NEI
1982-09-28 15:14:36.790,28,9,1982,15,-24.271,-176.674,40.0,6.0,Mb,237.0,1.26,NEI
1982-10-07 07:15:56.630,7,10,1982,7,-7.156,125.876,515.2,6.6,Unk,309.0,0.96,NEI
1982-11-11 00:43:45.570,11,11,1982,0,-6.65,101.63,33.0,6.1,Mb,275.0,0.96,NEI
1982-11-18 14:57:52.400,18,11,1982,14,-1.719,-76.703,195.0,6.4,Unk,285.0,1.08,NEI
1982-11-19 04:27:13.840,19,11,1982,4,-10.599,-74.6989999999999,14.0,6.3,Ms,274.0,1.08,NEI
1982-11-27 09:55:38.940,27,11,1982,9,50.204999999999906,147.727,622.3,6.1,Unk,330.0,1.0,NEI
1982-12-03 22:29:59.730,3,12,1982,22,-13.323,167.205,256.7,6.1,Unk,232.0,1.14,NEI
1982-12-13 09:12:48.050,13,12,1982,9,14.701,44.378999999999905,5.0,6.0,Mb,303.0,0.0,NEI
1982-12-16 00:40:48.720,16,12,1982,0,36.148,69.01099999999991,36.0,6.2,Mb,296.0,1.11,NEI
1982-12-17 02:43:03.660,17,12,1982,2,24.5949999999999,122.547,86.9,6.1,Mb,298.0,1.16,NEI
1982-12-19 17:43:54.850,19,12,1982,17,-24.1329999999999,-175.864,33.0,7.7,Ms,104.0,1.53,NEI
1982-12-20 17:46:08.820,20,12,1982,17,-23.545,-175.938999999999,33.0,6.3,Ms,85.0,1.18,NEI
1982-12-28 13:49:29.000,28,12,1982,13,19.945,121.397,34.0,6.0,Mb,271.0,0.95,NEI
1983-01-01 05:31:56.130,1,1,1983,5,-16.943,-69.114,172.0,6.2,Unk,250.0,1.0,NEI
1983-01-08 11:21:29.540,8,1,1983,11,-15.394,-173.33,33.0,6.1,Mb,267.0,1.12,NEI
1983-01-14 18:20:48.180,14,1,1983,18,55.869999999999905,-154.21,0.0,6.0,ML,0.0,0.0,AK
1983-01-16 22:10:12.230,16,1,1983,22,-5.458,147.045999999999,234.9,6.5,Unk,309.0,0.94,NEI
1983-01-17 12:41:29.700,17,1,1983,12,38.026,20.228,14.3,6.1,Mb,329.0,1.32,NEI
1983-01-18 15:23:36.850,18,1,1983,15,-57.966,-24.311,56.0,6.5,Ms,108.0,1.19,NEI
1983-01-24 08:17:39.610,24,1,1983,8,16.1469999999999,-95.2319999999999,56.8,6.7,Ms,351.0,1.23,NEI
1983-01-24 23:09:21.430,24,1,1983,23,12.942,93.58199999999991,78.0,6.1,Mb,379.0,1.27,NEI
1983-01-26 04:43:20.580,26,1,1983,4,-49.555999999999905,-114.078999999999,10.0,6.0,Ms,39.0,1.42,NEI
1983-01-26 16:02:21.350,26,1,1983,16,-30.3829999999999,-179.339,238.0,6.0,Mb,367.0,1.21,NEI
1983-02-07 18:23:16.640,7,2,1983,18,-29.707,-177.836999999999,52.0,6.0,Mb,265.0,0.99,NEI
1983-02-13 06:35:30.000,13,2,1983,6,13.837,144.935,105.0,6.3,Unk,205.0,1.18,NEI
1983-02-14 08:10:03.610,14,2,1983,8,54.969,-159.235999999999,33.0,6.0,Mb,281.0,1.08,NEI
1983-02-26 07:10:59.160,26,2,1983,7,49.243,155.601,56.0,6.0,Mb,327.0,0.94,NEI
1983-03-10 00:27:48.360,10,3,1983,0,43.813,147.396999999999,33.0,6.2,Mb,334.0,0.97,NEI
1983-03-11 03:10:41.570,11,3,1983,3,-6.972,147.389,61.7,6.0,Mb,224.0,0.94,NEI
1983-03-12 01:36:35.810,12,3,1983,1,-4.056,127.924,16.9,6.0,Mb,257.0,1.08,NEI
1983-03-18 09:05:50.000,18,3,1983,9,-4.883,153.580999999999,88.8,7.6,Ms,334.0,1.31,NEI
1983-03-21 07:44:17.790,21,3,1983,7,-21.466,-175.450999999999,68.0,6.4,Unk,315.0,0.97,NEI
1983-04-03 02:50:01.180,3,4,1983,2,8.717,-83.123,37.0,7.3,Ms,318.0,1.04,NEI
1983-04-04 02:51:34.360,4,4,1983,2,5.723,94.72199999999991,78.5,6.8,Unk,426.0,1.03,NEI
1983-04-04 19:04:20.640,4,4,1983,19,52.930999999999905,159.858,38.0,6.0,Mb,287.0,0.89,NEI
1983-04-04 23:12:47.190,4,4,1983,23,49.408,155.602,51.0,6.1,Mb,335.0,0.94,NEI
1983-04-04 23:58:59.010,4,4,1983,23,-15.038,167.288999999999,123.0,6.2,Mb,196.0,1.03,NEI
1983-04-11 08:18:10.120,11,4,1983,8,10.419,-62.764,40.0,6.0,Mb,350.0,1.09,NEI
1983-04-12 12:07:54.520,12,4,1983,12,-4.843,-78.10299999999991,104.2,6.7,Unk,382.0,1.16,NEI
1983-04-17 14:06:56.610,17,4,1983,14,-20.725,169.232,26.1,6.2,Ms,198.0,1.31,NEI
1983-04-18 10:58:51.260,18,4,1983,10,27.7929999999999,62.054,64.0,6.5,Mb,369.0,1.17,NEI
1983-04-24 09:08:47.850,24,4,1983,9,-8.875,157.669,12.4,6.1,Ms,105.0,1.25,NEI
1983-04-30 14:03:49.230,30,4,1983,14,41.47299999999991,143.764,30.4,6.5,Mb,465.0,0.97,NEI
1983-05-01 18:10:40.390,1,5,1983,18,46.353,153.453,24.0,6.1,Mb,323.0,0.95,NEI
1983-05-02 23:42:38.060,2,5,1983,23,36.231699999999904,-120.312,10.18,6.7,ML,54.0,0.07,NC
1983-05-10 11:02:35.810,10,5,1983,11,-5.399,150.895999999999,112.4,6.1,Mb,301.0,1.03,NEI
1983-05-10 18:27:31.890,10,5,1983,18,-4.805,152.508999999999,71.6,6.5,Ms,293.0,0.95,NEI
1983-05-15 00:24:00.680,15,5,1983,0,-18.907,-175.640999999999,33.0,6.5,Ms,203.0,1.23,NEI
1983-05-26 02:59:59.600,26,5,1983,2,40.462,139.102,23.7,7.7,Ms,481.0,1.15,NEI
1983-06-01 01:59:54.680,1,6,1983,1,-17.038,-174.604999999999,179.6,6.6,Unk,343.0,0.95,NEI
1983-06-01 10:58:44.840,1,6,1983,10,-15.694,-172.812,33.0,6.1,Ms,118.0,1.41,NEI
1983-06-02 20:12:50.730,2,6,1983,20,-9.512,-71.24899999999991,598.6,6.2,Unk,343.0,0.98,NEI
1983-06-09 12:49:03.860,9,6,1983,12,40.237,139.023,30.6,6.3,Mb,443.0,0.93,NEI
1983-06-09 13:04:00.520,9,6,1983,13,40.268,139.023,28.0,6.3,Mb,402.0,1.06,NEI
1983-06-09 18:46:00.900,9,6,1983,18,51.414,-174.110999999999,20.8,6.2,Mb,357.0,1.02,NEI
1983-06-21 06:25:27.350,21,6,1983,6,41.345999999999904,139.098999999999,9.9,6.9,Ms,468.0,1.12,NEI
1983-06-24 07:18:22.140,24,6,1983,7,21.721,103.282,18.4,6.1,Mb,308.0,1.2,NEI
1983-06-24 09:06:45.800,24,6,1983,9,24.1759999999999,122.402,44.1,6.1,Mb,311.0,1.02,NEI
1983-07-03 02:49:27.970,3,7,1983,2,20.161,122.379,220.3,6.1,Mb,336.0,0.99,NEI
1983-07-05 11:11:39.890,5,7,1983,11,-22.599,171.02,33.0,6.1,Mb,208.0,1.08,NEI
1983-07-07 16:05:39.790,7,7,1983,16,-22.609,170.730999999999,33.7,6.2,Ms,154.0,1.19,NEI
1983-07-11 12:56:28.370,11,7,1983,12,-60.889,-53.02,10.0,6.9,Ms,202.0,1.19,NEI
1983-07-12 15:10:04.320,12,7,1983,15,61.02,-147.139999999999,17.0,6.4,ML,0.0,0.0,AK
1983-07-18 12:52:43.440,18,7,1983,12,12.669,-87.1809999999999,86.3,6.0,Unk,253.0,1.2,NEI
1983-07-24 23:07:30.970,24,7,1983,23,53.93,158.372,180.4,6.1,Mb,330.0,0.99,NEI
1983-08-02 02:17:41.030,2,8,1983,2,20.4349999999999,122.101,157.9,6.5,Unk,391.0,1.1,NEI
1983-08-06 15:43:51.240,6,8,1983,15,40.142,24.7659999999999,2.4,6.2,Mb,301.0,1.16,NEI
1983-08-17 10:55:54.130,17,8,1983,10,55.866999999999905,161.287,62.6,7.0,Unk,413.0,1.24,NEI
1983-08-17 12:17:56.010,17,8,1983,12,18.231,120.86,28.8,6.2,Mb,330.0,1.06,NEI
1983-08-25 20:23:33.320,25,8,1983,20,33.509,131.484,126.4,6.1,Mb,478.0,1.05,NEI
1983-08-30 08:50:17.180,30,8,1983,8,-16.7079999999999,-172.081999999999,38.7,6.0,Mb,298.0,1.05,NEI
1983-09-01 20:01:47.080,1,9,1983,20,-17.3299999999999,-69.932,105.3,6.0,Mb,247.0,0.97,NEI
1983-09-07 19:22:05.040,7,9,1983,19,60.96999999999991,-147.31,30.0,6.3,ML,0.0,0.0,AK
1983-09-12 15:42:08.550,12,9,1983,15,36.502,71.08199999999991,208.8,6.1,Mb,380.0,1.01,NEI
1983-09-14 11:25:00.900,14,9,1983,11,18.1039999999999,145.77,158.5,6.3,Unk,268.0,1.24,NEI
1983-09-16 08:09:26.680,16,9,1983,8,-24.032,-179.795999999999,510.2,6.0,Mb,192.0,1.02,NEI
1983-09-17 12:11:42.790,17,9,1983,12,-16.6359999999999,-177.476,33.0,6.1,Mb,211.0,1.23,NEI
1983-09-21 19:20:42.460,21,9,1983,19,24.0949999999999,122.148,28.2,6.0,Mb,315.0,1.05,NEI
1983-10-04 18:52:13.300,4,10,1983,18,-26.535,-70.563,14.8,7.3,Ms,285.0,1.17,NEI
1983-10-08 07:45:26.680,8,10,1983,7,44.22899999999991,130.741,557.9,6.3,Unk,333.0,0.97,NEI
1983-10-08 22:33:32.000,8,10,1983,22,-5.458,146.02,58.6,6.0,Unk,119.0,1.0,NEI
1983-10-15 10:56:50.800,15,10,1983,10,-8.101,156.311,7.4,6.7,Ms,187.0,1.03,NEI
1983-10-16 05:32:28.710,16,10,1983,5,1.084,121.052,40.1,6.0,Mb,186.0,1.13,NEI
1983-10-17 13:25:21.130,17,10,1983,13,-20.794,-173.758,30.4,6.0,Mb,171.0,1.27,NEI
1983-10-17 19:36:21.470,17,10,1983,19,37.588,-17.52,10.0,6.0,Mb,279.0,1.09,NEI
1983-10-22 04:21:35.010,22,10,1983,4,-60.66499999999991,-25.451,24.0,6.8,Ms,132.0,1.34,NEI
1983-10-22 05:53:23.710,22,10,1983,5,-60.404,-24.8649999999999,33.0,6.3,Mb,153.0,1.33,NEI
1983-10-22 13:07:39.170,22,10,1983,13,-60.619999999999905,-25.3919999999999,33.0,6.2,Mb,181.0,1.1,NEI
1983-10-27 19:43:48.410,27,10,1983,19,1.093,120.833,27.7,6.2,Ms,204.0,1.14,NEI
1983-10-28 14:06:06.610,28,10,1983,14,44.058,-113.857,10.0,6.2,Mb,377.0,1.14,NEI
1983-10-30 04:12:27.130,30,10,1983,4,40.329999999999906,42.186999999999905,11.6,6.1,Mb,357.0,1.14,NEI
1983-10-31 17:37:56.290,31,10,1983,17,-9.016,119.18,83.4,6.0,Mb,237.0,1.21,NEI
1983-11-07 16:26:31.750,7,11,1983,16,1.413,128.154,39.0,6.4,Ms,153.0,1.29,NEI
1983-11-16 16:13:00.140,16,11,1983,16,19.4293,-155.452,10.97,6.72,Md,36.0,0.12,HV
1983-11-20 20:32:20.520,20,11,1983,20,-7.45,130.645,59.3,6.0,Mb,244.0,0.98,NEI
1983-11-22 14:21:03.080,22,11,1983,14,0.482,-79.87699999999991,54.9,6.3,Mb,290.0,1.25,NEI
1983-11-24 05:30:34.230,24,11,1983,5,-7.481,128.168,178.5,7.1,Unk,364.0,1.19,NEI
1983-11-25 19:56:07.830,25,11,1983,19,-40.451,155.507,18.5,6.0,Mb,213.0,1.02,NEI
1983-11-30 17:46:00.670,30,11,1983,17,-6.852,72.1099999999999,10.0,7.6,Ms,402.0,1.16,NEI
1983-12-02 03:09:05.660,2,12,1983,3,14.066,-91.924,67.1,7.1,Unk,312.0,1.14,NEI
1983-12-03 01:23:55.300,3,12,1983,1,-15.24,-172.914999999999,33.0,6.0,Mb,204.0,1.27,NEI
1983-12-03 17:43:14.840,3,12,1983,17,-6.463,71.417,10.0,6.3,Ms,332.0,1.11,NEI
1983-12-11 09:13:49.230,11,12,1983,9,8.137,137.239,23.9,6.2,Mb,238.0,1.2,NEI
1983-12-12 09:26:07.000,12,12,1983,9,-7.583,127.288,136.9,6.1,Mb,302.0,1.08,NEI
1983-12-21 12:05:06.380,21,12,1983,12,-28.19,-63.171999999999905,601.9,6.9,Unk,346.0,1.04,NEI
1983-12-21 23:32:11.620,21,12,1983,23,-5.54,151.86,33.0,6.2,Ms,256.0,1.09,NEI
1983-12-22 04:11:29.230,22,12,1983,4,11.866,-13.529,11.3,6.4,Mb,343.0,0.98,NEI
1983-12-30 23:52:39.930,30,12,1983,23,36.372,70.738,214.5,7.2,Unk,485.0,1.02,NEI
1984-01-01 09:03:38.850,1,1,1984,9,33.683,136.894,368.1,6.8,Unk,412.0,1.22,NEI
1984-01-04 22:40:39.380,4,1,1984,22,45.476999999999904,151.413999999999,20.4,6.2,Mb,307.0,0.88,NEI
1984-01-08 15:24:13.560,8,1,1984,15,-2.823,118.806,33.0,6.0,Mb,240.0,1.26,NEI
1984-01-16 12:27:14.030,16,1,1984,12,-29.9819999999999,-112.319999999999,10.0,6.2,Ms,177.0,1.04,NEI
1984-01-19 16:15:16.300,19,1,1984,16,-23.6419999999999,-178.321,332.3,6.4,Unk,268.0,0.91,NEI
1984-02-01 07:28:28.700,1,2,1984,7,49.063,146.59,573.4,6.1,Unk,442.0,0.87,NEI
1984-02-07 21:33:21.490,7,2,1984,21,-10.012,160.468999999999,18.1,7.5,Ms,318.0,1.4,NEI
1984-02-08 00:39:51.090,8,2,1984,0,-9.815,160.268,27.0,6.0,Mb,197.0,1.0,NEI
1984-02-16 17:18:41.610,16,2,1984,17,36.430999999999905,70.82599999999991,207.6,6.1,Mb,390.0,0.99,NEI
1984-02-17 16:32:21.390,17,2,1984,16,-6.598,130.116999999999,158.1,6.1,Mb,290.0,0.85,NEI
1984-03-05 03:33:50.990,5,3,1984,3,8.147,123.762,649.1,6.6,Unk,489.0,0.95,NEI
1984-03-06 02:17:21.260,6,3,1984,2,29.384,138.935,457.4,6.6,Unk,477.0,1.02,NEI
1984-03-19 20:28:38.240,19,3,1984,20,40.32,63.35,14.5,7.0,Ms,427.0,0.9,NEI
1984-03-21 02:44:24.350,21,3,1984,2,49.176,155.384999999999,40.5,6.0,Mb,342.0,0.87,NEI
1984-03-24 09:44:02.600,24,3,1984,9,44.116999999999905,148.192,44.4,6.1,Mb,400.0,1.16,NEI
1984-03-27 20:06:33.250,27,3,1984,20,-4.647,145.805,27.6,6.6,Ms,194.0,1.2,NEI
1984-04-18 06:49:13.940,18,4,1984,6,-15.9339999999999,-174.352,149.7,6.4,Unk,303.0,1.08,NEI
1984-04-20 06:31:10.630,20,4,1984,6,50.119999999999905,148.745,582.0,6.0,Mb,400.0,0.88,NEI
1984-04-23 21:40:35.510,23,4,1984,21,47.45,146.692,414.1,6.0,Mb,458.0,0.99,NEI
1984-04-24 04:11:29.090,24,4,1984,4,30.9089999999999,138.431,403.1,6.1,Mb,488.0,1.15,NEI
1984-04-24 21:15:18.760,24,4,1984,21,37.30969999999991,-121.6788,8.53,6.2,ML,98.0,0.06,NC
1984-04-26 10:11:10.280,26,4,1984,10,-6.825,71.495,10.0,6.0,Mb,272.0,0.96,NEI
1984-05-08 03:37:14.560,8,5,1984,3,-30.305,-177.722,33.0,6.0,Ms,193.0,1.13,NEI
1984-05-26 03:58:56.950,26,5,1984,3,-43.548,38.944,10.0,6.4,Ms,135.0,1.26,NEI
1984-05-30 07:49:43.660,30,5,1984,7,-4.843,151.577,174.4,6.2,Mb,302.0,1.18,NEI
1984-06-11 02:05:34.080,11,6,1984,2,-30.707,-71.179,46.3,6.3,Mb,270.0,1.01,NEI
1984-06-15 14:22:23.080,15,6,1984,14,-15.816,-174.830999999999,246.6,6.1,Mb,323.0,0.86,NEI
1984-06-22 15:55:28.400,22,6,1984,15,-58.317999999999905,-15.786,10.0,6.2,Mb,132.0,1.2,NEI
1984-06-24 11:17:11.920,24,6,1984,11,17.984,-69.33799999999991,23.9,6.0,Mb,331.0,1.0,NEI
1984-07-05 05:21:48.930,5,7,1984,5,-6.056,154.424,33.0,6.0,Mb,238.0,1.1,NEI
1984-07-19 23:25:12.880,19,7,1984,23,28.106,129.525,47.4,6.1,Mb,311.0,1.04,NEI
1984-08-06 12:01:52.400,6,8,1984,12,-0.086,122.517,242.3,6.2,Mb,375.0,1.18,NEI
1984-08-06 19:06:38.360,6,8,1984,19,32.386,131.944999999999,46.2,6.7,Ms,475.0,1.16,NEI
1984-08-31 15:42:11.770,31,8,1984,15,-17.957,172.149,29.0,6.2,Ms,267.0,1.02,NEI
1984-09-10 03:14:10.100,10,9,1984,3,40.503,-126.831,10.0,6.1,Mb,267.0,0.96,NEI
1984-09-10 03:14:28.100,10,9,1984,3,40.503799999999906,-125.1303,4.9,6.6,ML,51.0,1.18,NC
1984-09-13 23:48:49.970,13,9,1984,23,35.789,137.488,10.0,6.0,Mb,456.0,1.17,NEI
1984-09-17 09:08:48.860,17,9,1984,9,-32.1569999999999,-178.319999999999,10.0,6.4,Ms,202.0,1.27,NEI
1984-09-18 17:02:44.310,18,9,1984,17,34.006,141.5,47.6,6.9,Ms,524.0,1.01,NEI
1984-09-22 21:44:17.220,22,9,1984,21,-32.0399999999999,-178.405,44.1,6.3,Ms,76.0,1.53,NEI
1984-09-28 00:03:34.540,28,9,1984,0,-25.849,-175.911,21.1,6.8,Ms,387.0,1.1,NEI
1984-09-28 03:03:46.850,28,9,1984,3,-21.51,-177.795999999999,363.9,6.2,Unk,316.0,1.0,NEI
1984-10-13 05:32:38.860,13,10,1984,5,-15.771,177.245,10.0,6.0,Ms,147.0,1.25,NEI
1984-10-13 17:18:13.830,13,10,1984,17,15.0239999999999,-94.304,31.4,6.1,Mb,212.0,1.05,NEI
1984-10-15 10:21:07.500,15,10,1984,10,-15.8599999999999,-173.643,128.4,7.1,Unk,397.0,1.22,NEI
1984-10-20 17:59:17.030,20,10,1984,17,-24.0719999999999,-66.83199999999991,192.0,6.0,Mb,219.0,1.01,NEI
1984-10-26 08:49:24.890,26,10,1984,8,1.623,126.291,56.4,6.0,Unk,244.0,1.24,NEI
1984-10-26 20:22:21.830,26,10,1984,20,39.155,71.328,33.0,6.0,Mb,319.0,0.98,NEI
1984-10-30 01:05:49.930,30,10,1984,1,-17.109,-174.075999999999,141.0,6.0,Mb,381.0,1.04,NEI
1984-11-01 04:48:50.270,1,11,1984,4,8.185,-38.793999999999905,10.0,7.1,Ms,373.0,1.05,NEI
1984-11-06 07:58:51.320,6,11,1984,7,-18.876,67.352,10.0,6.2,Mb,344.0,0.85,NEI
1984-11-15 02:46:19.880,15,11,1984,2,-22.0219999999999,170.949999999999,104.7,6.3,Mb,394.0,1.03,NEI
1984-11-17 06:49:30.020,17,11,1984,6,0.197,98.027,33.0,7.2,Ms,440.0,1.12,NEI
1984-11-17 13:45:49.160,17,11,1984,13,-18.785,-178.032,451.4,6.3,Unk,452.0,0.95,NEI
1984-11-17 22:43:39.720,17,11,1984,22,-18.404,-175.700999999999,33.0,6.1,Ms,104.0,1.4,NEI
1984-11-20 08:15:16.230,20,11,1984,8,5.167,125.124,202.2,6.4,Mb,452.0,1.28,NEI
1984-11-23 04:45:53.260,23,11,1984,4,-7.993,102.255,33.0,6.0,Mb,213.0,1.2,NEI
1984-11-23 04:46:06.380,23,11,1984,4,-14.3119999999999,171.283999999999,33.0,6.0,Mb,130.0,1.19,NEI
1984-11-23 18:08:25.360,23,11,1984,18,37.459699999999906,-118.6072,10.99,6.1,ML,30.0,0.08,NC
1984-12-02 06:09:44.010,2,12,1984,6,20.3569999999999,-115.765,10.0,6.0,Mb,264.0,1.18,NEI
1984-12-03 04:08:35.100,3,12,1984,4,44.212,148.138,64.5,6.4,Mb,490.0,0.98,NEI
1984-12-28 10:37:53.760,28,12,1984,10,56.194,163.46,33.0,6.2,Mb,401.0,1.09,NEI
1984-12-30 21:36:56.410,30,12,1984,21,-36.662999999999904,177.512,39.3,6.8,Ms,123.0,1.38,NEI
1985-01-05 11:11:31.150,5,1,1985,11,10.177,-80.027,32.8,6.1,Mb,313.0,0.93,NEI
1985-01-18 15:00:09.080,18,1,1985,15,-29.3739999999999,-70.793,83.2,6.0,Unk,224.0,1.22,NEI
1985-01-21 00:55:22.760,21,1,1985,0,-0.953,128.507,33.0,6.7,Ms,157.0,1.28,NEI
1985-01-26 03:06:57.890,26,1,1985,3,-33.0529999999999,-68.4669999999999,5.0,6.0,Mb,225.0,0.96,NEI
1985-01-31 04:32:57.680,31,1,1985,4,-46.082999999999906,165.092,10.0,6.1,Ms,208.0,1.17,NEI
1985-02-23 13:41:55.010,23,2,1985,13,-10.254,161.126,84.8,6.2,Unk,275.0,1.02,NEI
1985-03-03 22:47:07.280,3,3,1985,22,-33.1349999999999,-71.87099999999991,33.0,7.8,Ms,146.0,1.04,NEI
1985-03-03 23:38:31.430,3,3,1985,23,-32.738,-71.215,33.0,6.4,Ms,127.0,1.33,NEI
1985-03-04 00:32:21.870,4,3,1985,0,-33.207,-71.6629999999999,33.0,6.0,Mb,111.0,0.99,NEI
1985-03-04 15:01:07.090,4,3,1985,15,-33.8419999999999,-71.24899999999991,40.1,6.0,Mb,259.0,0.96,NEI
1985-03-09 14:08:02.610,9,3,1985,14,66.2999999999999,-149.83,7.0,6.2,ML,0.0,0.0,AK
1985-03-13 19:34:57.690,13,3,1985,19,43.509999999999906,-127.561,10.0,6.1,Mb,300.0,1.12,NEI
1985-03-16 14:54:00.720,16,3,1985,14,17.013,-62.448,13.4,6.3,Ms,400.0,1.05,NEI
1985-03-18 19:49:45.840,18,3,1985,19,7.758,123.544,33.0,6.0,Mb,275.0,1.12,NEI
1985-03-19 04:01:08.000,19,3,1985,4,-33.198,-71.653,42.2,6.6,Ms,235.0,1.24,NEI
1985-03-25 05:14:35.140,25,3,1985,5,-34.2539999999999,-72.185,45.0,6.0,Mb,253.0,1.06,NEI
1985-03-28 16:07:06.840,28,3,1985,16,40.31,140.361999999999,166.3,6.1,Mb,511.0,1.01,NEI
1985-04-03 20:21:36.260,3,4,1985,20,28.23,139.525,468.7,6.2,Unk,427.0,1.18,NEI
1985-04-07 00:19:33.190,7,4,1985,0,-56.39,-122.309,10.0,6.1,Ms,113.0,1.24,NEI
1985-04-09 01:56:59.480,9,4,1985,1,-34.131,-71.61799999999991,37.8,7.2,Ms,356.0,1.11,NEI
1985-04-13 01:06:00.190,13,4,1985,1,-9.24499999999999,114.185,98.9,6.2,Mb,329.0,1.04,NEI
1985-04-13 03:00:06.780,13,4,1985,3,1.622,126.411,50.7,6.7,Ms,394.0,1.16,NEI
1985-04-23 16:15:12.020,23,4,1985,16,15.3439999999999,120.61,188.4,6.3,Mb,511.0,1.13,NEI
1985-04-28 08:30:29.050,28,4,1985,8,-39.728,-75.664,10.0,6.1,Mb,215.0,1.11,NEI
1985-05-01 13:27:56.140,1,5,1985,13,-9.196,-71.23,599.9,6.1,Unk,376.0,0.95,NEI
1985-05-10 15:35:50.590,10,5,1985,15,-5.599,151.044999999999,26.7,7.1,Ms,269.0,1.29,NEI
1985-05-14 13:24:57.830,14,5,1985,13,-10.6099999999999,41.423,10.0,6.0,Mb,287.0,0.9,NEI
1985-05-14 18:11:08.950,14,5,1985,18,-10.5619999999999,41.42399999999991,10.0,6.4,Mb,355.0,0.93,NEI
1985-05-15 20:12:45.810,15,5,1985,20,-56.637,-25.3299999999999,33.0,6.3,Ms,196.0,1.15,NEI
1985-05-19 08:07:48.210,19,5,1985,8,53.610999999999905,160.526,62.6,6.1,Mb,318.0,0.91,NEI
1985-06-03 02:45:32.010,3,6,1985,2,13.175,-90.138,65.5,6.3,Unk,251.0,0.98,NEI
1985-06-03 12:06:21.130,3,6,1985,12,-15.289,-173.515999999999,33.0,6.8,Ms,374.0,0.99,NEI
1985-06-04 03:56:27.060,4,6,1985,3,4.873,127.480999999999,94.2,6.0,Mb,263.0,0.93,NEI
1985-06-05 23:04:55.510,5,6,1985,23,-4.646,153.173,68.0,6.3,Unk,223.0,1.02,NEI
1985-06-06 02:40:12.950,6,6,1985,2,0.932,-28.4319999999999,10.0,6.5,Ms,316.0,1.1,NEI
1985-06-23 13:01:37.150,23,6,1985,13,-11.012,163.584,35.8,6.5,Ms,171.0,1.27,NEI
1985-06-23 19:49:54.480,23,6,1985,19,-10.9369999999999,163.759999999999,32.1,6.0,Ms,175.0,1.17,NEI
1985-07-03 04:36:51.730,3,7,1985,4,-4.439,152.828,33.0,7.2,Ms,345.0,1.0,NEI
1985-07-03 15:55:48.770,3,7,1985,15,-17.2429999999999,167.834,28.6,6.4,Ms,173.0,1.07,NEI
1985-07-08 19:37:35.010,8,7,1985,19,-59.73199999999991,149.798,10.0,6.1,Ms,39.0,1.27,NEI
1985-07-22 09:26:53.810,22,7,1985,9,-6.291,148.782999999999,49.3,6.9,Ms,252.0,1.08,NEI
1985-07-28 22:59:54.580,28,7,1985,22,-60.241,-26.8829999999999,33.0,6.4,Ms,91.0,1.28,NEI
1985-07-29 07:54:44.070,29,7,1985,7,36.189999999999905,70.896,98.7,6.6,Mb,509.0,1.01,NEI
1985-08-02 07:46:53.300,2,8,1985,7,36.17399999999991,70.78,120.1,6.5,Unk,378.0,0.92,NEI
1985-08-11 00:19:01.550,11,8,1985,0,11.156,140.217,24.0,6.0,Ms,219.0,1.1,NEI
1985-08-12 03:49:18.090,12,8,1985,3,37.771,141.773,51.6,6.0,Mb,451.0,0.97,NEI
1985-08-21 11:26:28.710,21,8,1985,11,-9.159,-78.887,56.9,6.3,Unk,301.0,0.99,NEI
1985-08-23 12:41:56.160,23,8,1985,12,39.430999999999905,75.224,6.8,7.3,Ms,417.0,1.2,NEI
1985-08-26 14:08:23.180,26,8,1985,14,-6.895,148.932999999999,33.0,6.1,Ms,115.0,1.12,NEI
1985-08-28 20:50:48.340,28,8,1985,20,-21.0109999999999,-178.980999999999,624.6,6.2,Unk,370.0,1.04,NEI
1985-09-10 04:07:47.440,10,9,1985,4,-6.394,149.733,10.0,6.3,Ms,269.0,1.09,NEI
1985-09-10 06:39:01.740,10,9,1985,6,27.2079999999999,139.848,501.0,6.1,Unk,382.0,0.99,NEI
1985-09-15 01:29:23.310,15,9,1985,1,-4.09,136.242999999999,10.0,6.3,Ms,164.0,1.33,NEI
1985-09-15 07:57:53.590,15,9,1985,7,17.974,-97.158,64.8,6.1,Unk,317.0,1.01,NEI
1985-09-15 17:31:00.860,15,9,1985,17,-16.771,-173.88,81.1,6.1,Unk,208.0,1.26,NEI
1985-09-19 13:17:47.350,19,9,1985,13,18.19,-102.533,27.9,8.1,Ms,311.0,1.25,NEI
1985-09-21 01:37:13.470,21,9,1985,1,17.802,-101.647,30.8,7.6,Ms,344.0,1.18,NEI
1985-09-26 07:27:51.130,26,9,1985,7,-34.6929999999999,-178.656,51.6,7.0,Ms,448.0,1.11,NEI
1985-09-27 03:39:08.520,27,9,1985,3,-9.829,159.854,31.9,6.9,Ms,348.0,1.06,NEI
1985-09-27 10:10:18.900,27,9,1985,10,-22.1709999999999,-174.605999999999,33.0,6.2,Ms,237.0,1.29,NEI
1985-10-04 12:25:51.860,4,10,1985,12,35.816,140.092999999999,84.5,6.2,Unk,398.0,1.03,NEI
1985-10-05 15:24:02.270,5,10,1985,15,62.237,-124.266,10.0,6.6,Ms,425.0,0.99,NEI
1985-10-06 12:00:49.290,6,10,1985,12,-18.9609999999999,169.431999999999,272.5,6.2,Unk,307.0,0.91,NEI
1985-10-09 09:33:32.480,9,10,1985,9,54.765,-159.613,30.2,6.2,Mb,424.0,1.03,NEI
1985-10-12 02:12:57.900,12,10,1985,2,-21.6559999999999,-176.382,155.0,6.4,Unk,329.0,0.92,NEI
1985-10-23 00:49:11.170,23,10,1985,0,-11.109,125.159,13.8,6.0,Mb,264.0,0.95,NEI
1985-10-29 13:13:44.620,29,10,1985,13,36.680999999999905,54.75,52.9,6.0,Mb,330.0,0.98,NEI
1985-10-29 14:10:39.440,29,10,1985,14,-9.569,150.989,10.0,6.7,Ms,219.0,1.11,NEI
1985-11-07 19:12:31.010,7,11,1985,19,-35.2569999999999,-179.347,44.0,6.3,Ms,372.0,1.0,NEI
1985-11-17 09:40:21.290,17,11,1985,9,-1.639,134.911,10.0,7.1,Ms,179.0,1.37,NEI
1985-11-22 08:45:25.170,22,11,1985,8,-5.933,149.429,50.2,6.0,Ms,150.0,1.03,NEI
1985-11-28 02:25:42.340,28,11,1985,2,-14.0429999999999,166.24,33.0,7.0,Ms,336.0,1.02,NEI
1985-11-28 03:49:54.150,28,11,1985,3,-13.987,166.185,33.0,7.1,Ms,302.0,1.15,NEI
1985-12-16 08:04:07.060,16,12,1985,8,-14.073,166.251,37.2,6.7,Ms,228.0,1.2,NEI
1985-12-21 01:13:22.410,21,12,1985,1,-13.9659999999999,166.515999999999,43.0,6.0,Mb,263.0,1.24,NEI
1985-12-23 05:16:03.330,23,12,1985,5,62.222,-124.239,6.0,6.9,Ms,381.0,0.91,NEI
1985-12-24 04:09:41.270,24,12,1985,4,-35.09,54.271999999999906,10.0,6.0,Mb,229.0,1.05,NEI
1985-12-25 22:15:09.730,25,12,1985,22,-21.667,-178.532999999999,455.0,6.0,Unk,222.0,1.01,NEI
1985-12-28 15:41:03.710,28,12,1985,15,-13.192,166.507,36.0,6.2,Ms,191.0,1.18,NEI
1985-12-28 23:10:53.040,28,12,1985,23,-5.801,104.288,33.0,6.0,Ms,232.0,1.23,NEI
1986-01-15 20:17:31.440,15,1,1986,20,-21.369,170.327,146.3,6.0,Mb,349.0,1.23,NEI
1986-01-15 20:17:42.710,15,1,1986,20,-21.277,170.102,150.0,6.6,Unk,30.0,1.19,NEI
1986-01-22 12:26:45.450,22,1,1986,12,-10.199,161.006,94.6,6.0,Mb,281.0,1.03,NEI
1986-02-03 20:47:35.340,3,2,1986,20,27.791,139.551999999999,508.0,6.5,Unk,432.0,1.17,NEI
1986-02-12 02:59:30.420,12,2,1986,2,36.384,141.127999999999,30.0,6.1,Mb,428.0,1.15,NEI
1986-03-06 00:05:38.350,6,3,1986,0,40.368,51.555,33.0,6.2,Mb,346.0,1.15,NEI
1986-03-07 02:46:52.030,7,3,1986,2,-4.99,151.71,115.9,6.0,Mb,345.0,0.99,NEI
1986-03-13 05:36:28.840,13,3,1986,5,-7.059,155.616,65.6,6.0,Unk,247.0,1.13,NEI
1986-03-14 16:55:52.980,14,3,1986,16,-30.07,-176.559,42.1,6.1,Ms,238.0,1.13,NEI
1986-03-15 11:29:44.380,15,3,1986,11,-18.9089999999999,-67.391,243.1,6.0,Unk,245.0,1.03,NEI
1986-04-08 18:02:44.690,8,4,1986,18,-7.946,-73.8599999999999,173.0,6.5,Unk,339.0,0.89,NEI
1986-04-14 00:25:12.490,14,4,1986,0,-13.923,166.830999999999,29.4,6.2,Ms,266.0,1.29,NEI
1986-04-14 14:52:10.580,14,4,1986,14,-57.723999999999904,-24.373,11.1,6.3,Ms,107.0,1.34,NEI
1986-04-16 12:52:16.070,16,4,1986,12,43.89,147.569999999999,23.2,6.3,Mb,432.0,1.01,NEI
1986-04-20 07:03:30.860,20,4,1986,7,-2.394,139.309,33.0,6.1,Mb,281.0,1.07,NEI
1986-04-30 07:07:18.120,30,4,1986,7,18.404,-102.973,26.5,6.2,Mb,334.0,1.19,NEI
1986-05-02 10:30:02.850,2,5,1986,10,55.171999999999905,163.842999999999,14.8,6.0,Mb,356.0,1.0,NEI
1986-05-07 20:43:31.260,7,5,1986,20,51.384,-174.809,22.1,6.1,Mb,354.0,0.96,NEI
1986-05-07 22:47:10.870,7,5,1986,22,51.52,-174.776,33.0,7.7,Ms,513.0,1.1,NEI
1986-05-08 05:37:20.260,8,5,1986,5,51.335999999999906,-175.363,18.1,6.0,Mb,401.0,1.03,NEI
1986-05-11 01:24:25.790,11,5,1986,1,26.7429999999999,125.205,193.5,6.1,Unk,443.0,0.96,NEI
1986-05-20 05:25:46.960,20,5,1986,5,24.125,121.619,19.3,6.1,Mb,382.0,1.15,NEI
1986-05-21 05:47:10.870,21,5,1986,5,43.683999999999905,148.416,39.1,6.1,Mb,353.0,1.12,NEI
1986-05-26 18:40:44.260,26,5,1986,18,-21.8189999999999,-179.079,583.4,6.1,Mb,436.0,1.03,NEI
1986-05-26 19:06:15.990,26,5,1986,19,-20.19,178.86,538.3,6.7,Unk,508.0,0.88,NEI
1986-06-08 11:02:25.870,8,6,1986,11,43.268999999999906,146.491,56.2,6.0,Mb,346.0,0.85,NEI
1986-06-11 13:48:01.390,11,6,1986,13,10.597,-62.927999999999905,18.8,6.0,Mb,345.0,1.19,NEI
1986-06-15 03:10:57.190,15,6,1986,3,-29.872,-176.543,10.0,6.0,Ms,86.0,1.48,NEI
1986-06-16 10:48:25.780,16,6,1986,10,-22.0369999999999,-178.925,547.0,6.4,Unk,422.0,1.12,NEI
1986-06-17 18:13:11.550,17,6,1986,18,5.644,125.259,31.9,6.2,Mb,335.0,1.31,NEI
1986-06-19 09:09:09.210,19,6,1986,9,56.329999999999906,-152.91,16.0,6.0,ML,0.0,0.0,AK
1986-06-19 23:18:26.810,19,6,1986,23,-30.9439999999999,-177.757,10.0,6.3,Ms,132.0,1.32,NEI
1986-06-24 02:53:11.250,24,6,1986,2,34.7939999999999,140.595,62.6,6.3,Unk,403.0,1.03,NEI
1986-06-24 03:11:30.930,24,6,1986,3,-4.448,143.943,102.3,7.1,Ms,422.0,1.03,NEI
1986-06-28 05:03:47.470,28,6,1986,5,-20.0369999999999,-176.056,211.2,6.4,Unk,349.0,0.98,NEI
1986-06-29 11:57:42.770,29,6,1986,11,-28.024,-177.956999999999,10.0,6.1,Ms,130.0,1.2,NEI
1986-07-02 04:16:57.740,2,7,1986,4,-22.038,-179.533999999999,597.5,6.0,Unk,246.0,0.94,NEI
1986-07-07 16:26:56.610,7,7,1986,16,10.3889999999999,56.832,7.8,6.4,Mb,346.0,1.19,NEI
1986-07-09 23:10:53.100,9,7,1986,23,1.904,126.525,27.6,6.2,Mb,352.0,1.08,NEI
1986-07-16 12:41:28.320,16,7,1986,12,-19.5109999999999,169.164999999999,111.1,6.2,Mb,390.0,1.2,NEI
1986-07-21 14:42:26.000,21,7,1986,14,37.537999999999904,-118.4428,10.59,6.4,ML,41.0,0.06,NC
1986-08-10 04:40:49.770,10,8,1986,4,1.985,128.270999999999,104.2,6.1,Mb,335.0,1.12,NEI
1986-08-14 19:39:13.670,14,8,1986,19,1.795,126.519,33.0,7.2,Ms,441.0,1.36,NEI
1986-08-17 15:31:19.080,17,8,1986,15,2.161,127.113,33.0,6.0,Mb,68.0,1.23,NEI
1986-08-23 23:47:48.850,23,8,1986,23,-34.5489999999999,179.288,32.2,6.5,Ms,115.0,1.17,NEI
1986-08-26 09:43:00.390,26,8,1986,9,37.723999999999904,101.496,8.0,6.2,Mb,346.0,1.07,NEI
1986-08-30 21:28:35.450,30,8,1986,21,45.546999999999905,26.3159999999999,132.3,6.9,Ms,554.0,1.11,NEI
1986-09-11 00:18:25.590,11,9,1986,0,-5.187,152.442,51.2,6.4,Ms,298.0,1.33,NEI
1986-09-12 23:57:15.610,12,9,1986,23,56.2,-153.4,31.0,6.1,ML,0.0,0.0,AK
1986-09-13 17:24:31.490,13,9,1986,17,37.014,22.1759999999999,11.2,6.0,Mb,362.0,1.37,NEI
1986-09-16 18:20:17.750,16,9,1986,18,19.376,146.300999999999,47.7,6.7,Ms,521.0,1.1,NEI
1986-10-14 16:53:08.180,14,10,1986,16,-5.03,153.616,40.9,6.2,Mb,304.0,1.21,NEI
1986-10-17 07:32:51.300,17,10,1986,7,-5.272,131.431999999999,67.0,6.3,Mb,320.0,1.09,NEI
1986-10-20 06:46:09.980,20,10,1986,6,-28.117,-176.366999999999,29.1,8.1,Ms,489.0,1.21,NEI
1986-10-23 15:48:43.750,23,10,1986,15,-11.037,165.204,18.8,6.5,Ms,153.0,1.08,NEI
1986-10-23 16:23:49.280,23,10,1986,16,-11.086,165.537,23.6,6.4,Ms,153.0,1.04,NEI
1986-10-24 02:58:47.010,24,10,1986,2,-5.629,153.875,52.0,6.3,Ms,141.0,1.22,NEI
1986-10-30 01:28:54.590,30,10,1986,1,-21.702,-176.616,188.1,6.8,Unk,453.0,0.95,NEI
1986-11-07 19:48:58.880,7,11,1986,19,-28.591,-176.407,33.0,6.3,Ms,155.0,1.34,NEI
1986-11-14 21:20:10.550,14,11,1986,21,23.901,121.574,33.8,7.8,Ms,79.0,1.19,NEI
1986-11-14 23:04:37.090,14,11,1986,23,23.866,121.711,33.0,6.1,Mb,316.0,1.39,NEI
1986-11-23 01:39:23.900,23,11,1986,1,-3.342,-77.411,105.7,6.4,Mb,392.0,0.88,NEI
1986-11-30 20:15:30.320,30,11,1986,20,38.853,141.948,36.9,6.0,Mb,288.0,0.81,NEI
1986-12-01 12:30:02.110,1,12,1986,12,-27.305,-176.401999999999,33.0,6.0,Ms,159.0,1.05,NEI
1986-12-21 01:10:51.170,21,12,1986,1,-28.1009999999999,-176.736999999999,17.1,6.6,Ms,277.0,1.18,NEI
1986-12-22 14:18:37.910,22,12,1986,14,-56.878999999999905,-48.759999999999906,10.0,6.0,Mb,108.0,1.07,NEI
1986-12-28 20:04:35.130,28,12,1986,20,-38.774999999999906,78.69499999999991,10.0,6.1,Ms,55.0,1.3,NEI
1986-12-29 15:49:59.190,29,12,1986,15,15.22,119.88,53.1,6.0,Mb,301.0,0.88,NEI
1986-12-30 15:32:13.570,30,12,1986,15,-20.399,-174.071,23.7,6.1,Mb,319.0,1.03,NEI
1987-01-03 22:04:04.830,3,1,1987,22,-14.9979999999999,167.929,14.5,6.0,Mb,266.0,1.13,NEI
1987-01-05 12:11:55.770,5,1,1987,12,52.448,-169.381,33.0,6.7,Ms,361.0,1.09,NEI
1987-01-09 06:14:44.870,9,1,1987,6,39.895,141.676999999999,67.7,6.8,Unk,485.0,1.05,NEI
1987-01-09 08:01:35.950,9,1,1987,8,-19.469,-176.538,33.0,6.6,Ms,171.0,1.12,NEI
1987-01-14 11:03:48.750,14,1,1987,11,42.564999999999905,142.849999999999,102.0,6.6,Unk,521.0,1.06,NEI
1987-01-30 22:29:42.090,30,1,1987,22,-60.063,-26.916,47.6,7.0,Ms,172.0,1.41,NEI
1987-02-06 13:16:17.890,6,2,1987,13,36.988,141.688999999999,47.7,6.1,Mb,455.0,1.05,NEI
1987-02-07 11:57:33.940,7,2,1987,11,-5.8,147.741999999999,27.4,6.1,Ms,112.0,1.09,NEI
1987-02-08 18:33:58.390,8,2,1987,18,-6.088,147.688999999999,54.9,7.4,Ms,290.0,1.31,NEI
1987-02-10 00:59:28.570,10,2,1987,0,-19.489,-177.455999999999,394.5,6.4,Unk,376.0,1.05,NEI
1987-02-11 07:56:12.910,11,2,1987,7,-15.834,167.354999999999,23.9,6.4,Ms,310.0,1.15,NEI
1987-02-13 07:18:29.090,13,2,1987,7,0.67,126.167,32.2,6.2,Mb,344.0,1.29,NEI
1987-02-17 06:16:12.120,17,2,1987,6,-32.7929999999999,-179.304,10.0,6.6,Ms,294.0,1.15,NEI
1987-02-18 00:00:52.540,18,2,1987,0,51.298,-179.279,33.0,6.2,Mb,372.0,1.02,NEI
1987-02-27 08:31:54.400,27,2,1987,8,53.46999999999991,-167.291,10.0,6.2,Mb,428.0,1.08,NEI
1987-03-02 01:42:34.110,2,3,1987,1,-37.965,176.764999999999,19.2,6.6,Ms,198.0,1.5,NEI
1987-03-02 05:57:43.560,2,3,1987,5,-45.707999999999906,96.212,10.0,6.2,Ms,94.0,1.1,NEI
1987-03-05 09:17:05.280,5,3,1987,9,-24.388,-70.161,62.3,7.3,Ms,303.0,1.21,NEI
1987-03-06 01:54:50.490,6,3,1987,1,0.048,-77.653,14.1,6.1,Mb,354.0,0.93,NEI
1987-03-06 04:10:41.960,6,3,1987,4,0.151,-77.8209999999999,10.0,6.9,Ms,344.0,1.22,NEI
1987-03-13 08:21:49.090,13,3,1987,8,-23.7779999999999,-177.324999999999,32.1,6.0,Ms,207.0,1.16,NEI
1987-03-16 15:49:36.990,16,3,1987,15,-6.446,147.603,26.0,6.1,Ms,184.0,1.38,NEI
1987-03-18 03:36:30.330,18,3,1987,3,32.0339999999999,131.836999999999,54.0,6.7,Unk,534.0,1.2,NEI
1987-03-21 10:41:35.970,21,3,1987,10,52.055999999999905,-177.547,93.3,6.2,Unk,440.0,0.95,NEI
1987-04-01 01:48:08.520,1,4,1987,1,-22.7669999999999,-66.2049999999999,248.7,6.7,Unk,361.0,1.13,NEI
1987-04-07 00:40:43.400,7,4,1987,0,37.363,141.795999999999,29.4,6.6,Ms,545.0,1.05,NEI
1987-04-21 15:28:39.840,21,4,1987,15,-22.7399999999999,170.261,14.6,6.0,Ms,339.0,1.0,NEI
1987-04-22 20:13:23.150,22,4,1987,20,37.155,141.573,30.3,6.1,Mb,505.0,1.08,NEI
1987-04-25 12:16:52.440,25,4,1987,12,16.0659999999999,120.301,107.0,6.3,Mb,169.0,0.94,NEI
1987-04-29 14:27:35.740,29,4,1987,14,-19.013,-177.735999999999,384.9,6.5,Unk,441.0,1.12,NEI
1987-05-06 04:06:14.150,6,5,1987,4,51.271999999999906,-179.898,20.1,6.4,Ms,477.0,0.96,NEI
1987-05-07 03:05:49.170,7,5,1987,3,46.735999999999905,139.232,430.0,6.6,Unk,653.0,0.9,NEI
1987-05-11 09:59:34.120,11,5,1987,9,4.47,127.709,94.0,6.3,Unk,310.0,1.16,NEI
1987-05-12 01:30:25.030,12,5,1987,1,7.09,126.700999999999,24.7,6.2,Mb,455.0,1.11,NEI
1987-05-18 03:07:34.130,18,5,1987,3,49.281999999999904,147.693,542.0,6.3,Unk,604.0,0.97,NEI
1987-06-09 06:19:25.420,9,6,1987,6,-6.366,148.831999999999,54.3,6.2,Ms,175.0,1.27,NEI
1987-06-10 19:51:30.330,10,6,1987,19,-60.167,-26.954,33.0,6.1,Ms,70.0,1.16,NEI
1987-06-17 01:32:53.720,17,6,1987,1,-5.577,130.791,67.3,6.8,Unk,523.0,1.12,NEI
1987-06-18 14:03:15.190,18,6,1987,14,-10.707,162.325999999999,73.0,6.0,Mb,284.0,0.92,NEI
1987-06-21 05:46:10.010,21,6,1987,5,54.210999999999906,-162.601,33.6,6.2,Mb,418.0,1.1,NEI
1987-06-24 03:30:30.700,24,6,1987,3,-21.1789999999999,173.580999999999,33.0,6.4,Ms,204.0,1.25,NEI
1987-06-27 00:17:04.610,27,6,1987,0,-2.164,138.169999999999,20.7,6.5,Ms,231.0,1.27,NEI
1987-07-03 10:10:43.780,3,7,1987,10,31.196,130.322,168.2,6.1,Unk,402.0,0.91,NEI
1987-07-06 01:06:07.680,6,7,1987,1,-26.9989999999999,-108.285,10.0,6.3,Ms,291.0,1.14,NEI
1987-07-08 11:50:14.790,8,7,1987,11,-26.969,-108.156,10.0,6.1,Mb,315.0,0.9,NEI
1987-07-10 18:49:53.910,10,7,1987,18,55.137,165.525,33.0,6.1,Mb,464.0,1.1,NEI
1987-07-14 23:46:03.510,14,7,1987,23,49.631,147.828,576.4,6.0,Unk,489.0,0.83,NEI
1987-07-15 07:16:13.550,15,7,1987,7,17.5219999999999,-97.153,67.0,6.5,Unk,392.0,1.06,NEI
1987-08-08 15:48:56.750,8,8,1987,15,-19.0219999999999,-69.991,69.7,6.9,Ms,379.0,1.11,NEI
1987-08-13 15:23:06.930,13,8,1987,15,-17.8969999999999,-70.9309999999999,36.5,6.1,Mb,310.0,1.19,NEI
1987-08-15 18:04:23.120,15,8,1987,18,-28.135,-70.884,37.4,6.0,Mb,310.0,1.17,NEI
1987-08-29 14:15:18.350,29,8,1987,14,-56.536,-25.6209999999999,33.0,6.0,Mb,38.0,0.97,NEI
1987-09-01 04:26:07.460,1,9,1987,4,-23.052,-66.52899999999991,199.0,6.3,Unk,348.0,1.0,NEI
1987-09-03 08:01:36.240,3,9,1987,8,-59.537999999999904,159.005,33.0,6.1,Mb,275.0,1.18,NEI
1987-09-07 11:57:09.430,7,9,1987,11,-31.0889999999999,-177.967999999999,33.0,6.7,Ms,249.0,1.32,NEI
1987-09-17 04:47:13.330,17,9,1987,4,-4.118,145.705999999999,15.4,6.1,Ms,121.0,1.25,NEI
1987-09-22 13:43:37.680,22,9,1987,13,-0.978,-78.0499999999999,10.0,6.1,Mb,306.0,0.97,NEI
1987-09-23 15:14:56.290,23,9,1987,15,-50.716,139.279,10.0,6.1,Ms,230.0,1.01,NEI
1987-09-28 11:47:08.610,28,9,1987,11,-18.411,168.057999999999,30.7,6.8,Ms,199.0,1.35,NEI
1987-09-28 13:46:13.950,28,9,1987,13,-18.5459999999999,168.161,25.1,6.5,Ms,254.0,1.14,NEI
1987-09-30 01:39:28.090,30,9,1987,1,-18.1619999999999,167.865,51.4,6.3,Ms,206.0,1.16,NEI
1987-10-03 10:16:26.270,3,10,1987,10,-5.447,131.012,73.5,6.4,Mb,433.0,0.92,NEI
1987-10-04 18:34:22.610,4,10,1987,18,55.585,161.622999999999,53.7,6.0,Mb,430.0,0.97,NEI
1987-10-06 04:19:06.080,6,10,1987,4,-17.94,-172.224999999999,16.0,7.3,Ms,455.0,1.03,NEI
1987-10-06 20:11:35.140,6,10,1987,20,52.956,159.972,33.7,6.1,Mb,467.0,1.03,NEI
1987-10-08 03:20:45.770,8,10,1987,3,-19.599,-173.110999999999,40.4,6.2,Mb,276.0,1.23,NEI
1987-10-12 13:57:04.790,12,10,1987,13,-7.288,154.371,24.7,6.8,Ms,363.0,1.14,NEI
1987-10-16 20:48:01.640,16,10,1987,20,-6.266,149.06,47.8,7.4,Ms,345.0,1.24,NEI
1987-10-25 16:54:05.690,25,10,1987,16,-2.323,138.364,33.0,6.2,Mb,290.0,1.12,NEI
1987-10-27 21:58:17.000,27,10,1987,21,-28.6759999999999,-62.929,604.5,6.0,Mb,378.0,1.03,NEI
1987-10-29 20:23:41.000,29,10,1987,20,4.817,127.688,152.9,6.1,Mb,387.0,1.09,NEI
1987-11-01 08:42:06.530,1,11,1987,8,-28.6739999999999,-177.553,59.8,6.1,Mb,256.0,0.93,NEI
1987-11-03 08:15:00.380,3,11,1987,8,-17.204,-173.757,88.0,6.1,Mb,325.0,0.92,NEI
1987-11-07 16:23:55.900,7,11,1987,16,5.634,126.614,80.0,6.2,Mb,382.0,1.04,NEI
1987-11-17 03:40:08.970,17,11,1987,3,12.534,-87.03,76.2,6.2,Unk,392.0,1.21,NEI
1987-11-17 08:46:53.320,17,11,1987,8,58.579999999999906,-143.27,10.0,6.6,ML,0.0,0.0,AK
1987-11-24 01:54:14.660,24,11,1987,1,33.09,-115.792,10.81,6.2,Mw,46.0,0.32,CI
1987-11-24 13:15:56.710,24,11,1987,13,33.015,-115.852,11.18,6.6,Mw,71.0,0.39,CI
1987-11-26 01:43:14.050,26,11,1987,1,-8.247,124.155,33.0,6.5,Ms,158.0,1.33,NEI
1987-11-26 17:28:54.730,26,11,1987,17,-16.3509999999999,168.119,18.2,6.3,Ms,169.0,1.19,NEI
1987-11-27 13:33:18.050,27,11,1987,13,-16.373,168.116999999999,28.8,6.4,Ms,174.0,1.13,NEI
1987-11-30 19:23:19.590,30,11,1987,19,58.67,-142.78,10.0,6.7,ML,0.0,0.0,AK
1987-12-12 04:51:50.510,12,12,1987,4,29.692,140.025,164.0,6.3,Mb,494.0,1.04,NEI
1987-12-17 02:08:19.920,17,12,1987,2,35.362,140.214,62.9,6.4,Unk,535.0,1.03,NEI
1987-12-28 08:16:21.370,28,12,1987,8,-28.055,-70.61499999999991,51.8,6.1,Mb,303.0,0.91,NEI
1988-01-02 12:42:02.520,2,1,1988,12,43.295,142.419,177.1,6.4,Unk,530.0,0.86,NEI
1988-01-12 07:29:27.960,12,1,1988,7,-28.827,-177.423,14.8,6.1,Mb,373.0,1.13,NEI
1988-01-15 08:40:23.930,15,1,1988,8,-20.789,-175.992999999999,213.7,6.2,Mb,404.0,0.99,NEI
1988-01-19 07:30:31.860,19,1,1988,7,-24.71,-70.5679999999999,33.0,6.7,Ms,296.0,1.31,NEI
1988-01-22 00:35:58.070,22,1,1988,0,-19.847,133.803,5.0,6.3,Ms,270.0,1.05,NEI
1988-01-22 03:57:25.260,22,1,1988,3,-19.7979999999999,133.91,5.0,6.4,Ms,309.0,1.03,NEI
1988-01-22 12:04:57.880,22,1,1988,12,-19.829,133.882,5.0,6.7,Ms,344.0,1.06,NEI
1988-01-29 16:48:01.370,29,1,1988,16,-15.349,-174.125,106.2,6.2,Unk,219.0,1.08,NEI
1988-02-05 14:01:02.750,5,2,1988,14,-24.753,-70.433,36.9,6.2,Mb,313.0,1.12,NEI
1988-02-05 18:49:31.850,5,2,1988,18,-24.893,-70.554,30.7,6.0,Mb,259.0,1.01,NEI
1988-02-06 18:03:54.780,6,2,1988,18,-17.756,-66.9579999999999,285.2,6.2,Unk,345.0,1.07,NEI
1988-02-07 18:15:05.630,7,2,1988,18,50.784999999999904,173.465,33.0,6.2,Mb,445.0,1.12,NEI
1988-02-24 03:52:03.290,24,2,1988,3,13.477,124.616,24.9,6.0,Mb,453.0,1.04,NEI
1988-02-26 06:17:31.530,26,2,1988,6,-37.319,47.988999999999905,10.0,6.1,Mb,375.0,1.09,NEI
1988-02-29 05:31:41.470,29,2,1988,5,55.149,167.43,33.0,6.1,Mb,446.0,1.12,NEI
1988-03-06 22:35:38.140,6,3,1988,22,56.95,-143.03,10.0,6.8,ML,0.0,0.0,AK
1988-03-06 23:14:38.460,6,3,1988,23,57.49,-142.8,10.0,6.2,ML,0.0,0.0,AK
1988-03-09 21:33:53.790,9,3,1988,21,-17.327,-74.15399999999991,32.3,6.0,Mb,292.0,1.04,NEI
1988-03-10 06:17:23.310,10,3,1988,6,10.4019999999999,-60.587,56.2,6.2,Mb,458.0,1.1,NEI
1988-03-10 10:25:05.300,10,3,1988,10,-20.917,-178.645,623.0,6.1,Mb,327.0,1.13,NEI
1988-03-18 22:51:19.630,18,3,1988,22,-3.667,146.561,33.0,6.1,Ms,132.0,1.29,NEI
1988-03-21 23:31:21.680,21,3,1988,23,77.6009999999999,125.450999999999,10.0,6.0,Mb,421.0,0.93,NEI
1988-03-25 19:36:46.470,25,3,1988,19,62.154,-124.182,10.0,6.1,Mb,382.0,0.9,NEI
1988-04-02 14:26:29.040,2,4,1988,14,-15.4469999999999,-173.080999999999,33.0,6.1,Ms,193.0,1.08,NEI
1988-04-08 23:13:24.140,8,4,1988,23,-3.409,145.697,32.3,6.4,Ms,121.0,1.27,NEI
1988-04-12 23:19:55.570,12,4,1988,23,-17.192,-72.305,33.1,6.1,Mb,353.0,1.15,NEI
1988-04-17 05:11:34.650,17,4,1988,5,-58.427999999999905,-25.0659999999999,33.0,6.1,Ms,127.0,1.09,NEI
1988-04-25 10:10:33.830,25,4,1988,10,-7.791,158.255,44.3,6.1,Mb,325.0,0.95,NEI
1988-05-04 23:47:02.440,4,5,1988,23,18.512,145.858,122.5,6.4,Unk,275.0,1.19,NEI
1988-05-05 10:04:14.050,5,5,1988,10,-26.867,-113.268,10.0,6.3,Ms,202.0,1.07,NEI
1988-05-06 14:46:17.010,6,5,1988,14,11.493,-85.911,86.7,6.0,Unk,403.0,1.38,NEI
1988-05-07 01:59:26.240,7,5,1988,1,42.60099999999991,143.751,72.3,6.1,Mb,498.0,0.99,NEI
1988-05-16 23:07:36.610,16,5,1988,23,-13.941,166.335,16.0,6.0,Mb,268.0,1.11,NEI
1988-05-17 14:25:53.070,17,5,1988,14,-11.401,170.657999999999,30.1,6.0,Ms,200.0,1.21,NEI
1988-05-30 21:11:11.310,30,5,1988,21,-7.501,128.324999999999,86.3,6.5,Mb,410.0,1.06,NEI
1988-06-03 23:27:35.260,3,6,1988,23,-45.003,167.598999999999,82.7,6.2,Unk,293.0,1.07,NEI
1988-06-05 18:22:48.360,5,6,1988,18,-15.397,167.578,110.2,6.0,Mb,346.0,0.89,NEI
1988-06-11 12:17:27.040,11,6,1988,12,-14.994,-173.468999999999,35.7,6.1,Ms,250.0,1.29,NEI
1988-06-12 13:39:37.460,12,6,1988,13,-10.747,165.170999999999,14.4,6.4,Ms,247.0,1.29,NEI
1988-06-24 08:57:53.330,24,6,1988,8,10.209,-60.558999999999905,38.5,6.0,Mb,440.0,0.98,NEI
1988-07-03 11:43:12.670,3,7,1988,11,8.919,137.895999999999,14.6,6.3,Ms,228.0,1.12,NEI
1988-07-05 20:32:07.200,5,7,1988,20,-5.964,148.78,53.4,6.8,Ms,112.0,0.98,NEI
1988-07-19 01:00:19.690,19,7,1988,1,-19.576,-175.038,137.0,6.1,Mb,390.0,1.04,NEI
1988-07-23 15:17:08.180,23,7,1988,15,-6.526,152.779,16.6,6.7,Ms,402.0,0.91,NEI
1988-07-25 06:46:06.690,25,7,1988,6,-6.081,133.667,27.7,6.7,Ms,419.0,1.01,NEI
1988-07-27 16:58:17.040,27,7,1988,16,18.606,145.598,217.1,6.0,Unk,182.0,1.03,NEI
1988-07-27 21:55:09.650,27,7,1988,21,-13.112,167.050999999999,171.6,6.4,Unk,341.0,1.07,NEI
1988-07-30 21:07:21.160,30,7,1988,21,44.771,149.889999999999,61.4,6.3,Mb,461.0,0.82,NEI
1988-08-06 00:36:24.650,6,8,1988,0,25.149,95.12699999999991,90.5,7.2,Ms,654.0,1.07,NEI
1988-08-06 09:03:21.950,6,8,1988,9,36.460999999999906,71.043,195.0,6.1,Mb,506.0,1.04,NEI
1988-08-10 04:38:26.170,10,8,1988,4,-10.366,160.818999999999,34.0,7.4,Ms,255.0,1.48,NEI
1988-08-10 13:11:19.440,10,8,1988,13,-14.88,167.293,124.8,6.2,Mb,404.0,1.05,NEI
1988-08-17 01:59:07.710,17,8,1988,1,-7.698,107.15,27.1,6.1,Mb,351.0,1.02,NEI
1988-08-20 23:09:09.560,20,8,1988,23,26.7549999999999,86.616,57.4,6.6,Ms,555.0,1.14,NEI
1988-08-27 16:30:16.900,27,8,1988,16,-15.864,-172.067,27.9,6.0,Mb,280.0,0.94,NEI
1988-09-07 11:53:24.130,7,9,1988,11,30.245,137.431,485.1,6.1,Mb,483.0,1.26,NEI
1988-09-15 18:48:01.110,15,9,1988,18,-1.442,-77.866,170.2,6.3,Unk,423.0,0.97,NEI
1988-10-04 15:37:57.470,4,10,1988,15,-3.53,150.401999999999,28.5,6.0,Ms,115.0,1.32,NEI
1988-10-08 04:46:24.530,8,10,1988,4,-18.771,-172.414999999999,35.2,6.8,Ms,500.0,1.01,NEI
1988-10-10 18:20:25.050,10,10,1988,18,-28.6439999999999,-177.553,27.7,6.5,Mb,411.0,0.97,NEI
1988-11-01 22:31:09.330,1,11,1988,22,-57.29299999999991,-25.135,33.0,6.1,Ms,172.0,1.13,NEI
1988-11-03 14:47:10.780,3,11,1988,14,13.881,-90.45,68.5,6.0,Unk,334.0,1.13,NEI
1988-11-06 13:03:19.340,6,11,1988,13,22.789,99.611,17.8,6.1,Mb,397.0,1.55,NEI
1988-11-06 13:15:43.380,6,11,1988,13,23.181,99.43899999999991,10.0,6.4,Mb,318.0,1.0,NEI
1988-11-07 03:50:00.800,7,11,1988,3,-22.239,175.018,21.8,6.7,Ms,211.0,1.12,NEI
1988-11-07 23:15:41.750,7,11,1988,23,1.533,126.357,65.7,6.2,Mb,367.0,1.17,NEI
1988-11-14 02:15:39.130,14,11,1988,2,-3.527,150.12,33.0,6.6,Ms,131.0,1.41,NEI
1988-11-17 06:55:46.060,17,11,1988,6,12.3989999999999,124.537,19.3,6.0,Mb,288.0,1.53,NEI
1988-11-18 19:38:54.620,18,11,1988,19,-6.125,149.785,61.0,6.4,Ms,252.0,1.25,NEI
1988-11-25 08:35:41.760,25,11,1988,8,-47.896999999999906,99.4549999999999,10.0,6.2,Ms,108.0,1.17,NEI
1988-12-05 16:05:32.760,5,12,1988,16,-15.259,-173.525,40.1,6.3,Ms,275.0,1.1,NEI
1988-12-07 07:41:24.200,7,12,1988,7,40.987,44.185,5.4,6.2,Mb,530.0,1.27,NEI
1988-12-16 09:57:16.590,16,12,1988,9,-29.7899999999999,-177.914999999999,30.7,6.1,Mb,340.0,1.06,NEI
1989-01-02 01:52:08.040,2,1,1989,1,-18.5889999999999,-174.559,108.4,6.4,Unk,394.0,0.93,NEI
1989-01-09 13:42:36.430,9,1,1989,13,46.985999999999905,153.479,13.5,6.0,Mb,361.0,1.3,NEI
1989-01-17 00:35:23.180,17,1,1989,0,-6.151,148.947,31.8,6.4,Ms,284.0,1.21,NEI
1989-01-20 02:03:54.690,20,1,1989,2,-41.905999999999906,79.93,10.0,6.1,Ms,40.0,1.41,NEI
1989-01-22 22:20:17.970,22,1,1989,22,41.805999999999905,144.282,25.0,6.0,Mb,473.0,0.85,NEI
1989-01-27 08:34:51.140,27,1,1989,8,56.201999999999906,164.375,28.4,6.2,Ms,258.0,1.12,NEI
1989-02-04 22:10:38.900,4,2,1989,22,-4.625,153.066,52.2,6.1,Mb,368.0,0.93,NEI
1989-02-10 11:15:24.680,10,2,1989,11,2.305,126.76,44.0,6.2,Mb,376.0,1.34,NEI
1989-02-14 06:20:21.330,14,2,1989,6,-10.4469999999999,161.372,31.9,6.4,Ms,272.0,1.11,NEI
1989-02-16 16:36:52.130,16,2,1989,16,-56.404,-121.964,10.0,6.0,Ms,141.0,1.37,NEI
1989-02-25 11:26:35.470,25,2,1989,11,-29.9149999999999,-177.884999999999,30.5,6.7,Ms,353.0,1.1,NEI
1989-02-27 23:39:10.820,27,2,1989,23,2.301,128.008999999999,53.7,6.0,Ms,183.0,1.19,NEI
1989-03-10 21:49:45.860,10,3,1989,21,-13.702,34.42,30.3,6.2,Mb,448.0,0.88,NEI
1989-03-11 05:05:00.630,11,3,1989,5,-17.7659999999999,-174.761,230.1,6.7,Unk,515.0,1.27,NEI
1989-03-17 19:33:08.600,17,3,1989,19,-34.4789999999999,-178.394,59.2,6.0,Unk,331.0,1.06,NEI
1989-04-06 08:05:57.100,6,4,1989,8,-19.306,169.002,165.7,6.3,Unk,282.0,1.35,NEI
1989-04-11 03:56:36.910,11,4,1989,3,49.488,159.185,16.4,6.6,Ms,545.0,1.03,NEI
1989-04-15 20:34:08.930,15,4,1989,20,29.9869999999999,99.19499999999991,13.3,6.2,Mb,406.0,1.17,NEI
1989-04-20 22:59:54.070,20,4,1989,22,57.165999999999904,121.976,26.3,6.1,Mb,545.0,0.9,NEI
1989-04-25 02:13:20.830,25,4,1989,2,30.0479999999999,99.4189999999999,7.7,6.2,Mb,441.0,0.95,NEI
1989-04-25 14:29:00.510,25,4,1989,14,16.773,-99.328,19.2,6.8,Ms,380.0,1.19,NEI
1989-04-27 02:20:04.740,27,4,1989,2,30.6009999999999,140.589,84.6,6.6,Unk,454.0,0.96,NEI
1989-05-03 05:53:01.170,3,5,1989,5,30.091,99.47499999999991,14.0,6.1,Mb,422.0,1.02,NEI
1989-05-05 18:28:39.450,5,5,1989,18,-8.281,-71.381,593.4,6.7,Unk,589.0,0.95,NEI
1989-05-19 02:21:56.380,19,5,1989,2,54.305,-165.574,104.0,6.1,Mb,611.0,0.97,NEI
1989-05-23 10:54:46.320,23,5,1989,10,-52.341,160.568,10.0,8.2,Ms,399.0,1.25,NEI
1989-05-31 05:54:20.560,31,5,1989,5,-45.383,167.086,23.2,6.3,Ms,278.0,1.15,NEI
1989-06-12 00:04:09.760,12,6,1989,0,21.861,89.763,5.8,6.1,Mb,412.0,0.93,NEI
1989-06-16 23:42:35.120,16,6,1989,23,31.8069999999999,137.982,359.9,6.2,Unk,484.0,0.89,NEI
1989-06-26 03:27:03.890,26,6,1989,3,19.3587999999999,-155.083499999999,9.3,6.21,ML,53.0,0.11,HV
1989-07-14 20:42:40.060,14,7,1989,20,-8.081,125.129,9.8,6.4,Mb,394.0,1.24,NEI
1989-07-22 05:02:11.510,22,7,1989,5,2.299,128.142,141.8,6.4,Mb,578.0,1.08,NEI
1989-07-31 17:07:27.870,31,7,1989,17,-8.048,121.384,13.8,6.3,Mb,229.0,1.33,NEI
1989-08-01 00:18:04.890,1,8,1989,0,-4.511,139.021999999999,14.3,6.0,Mb,235.0,1.25,NEI
1989-08-20 11:46:28.070,20,8,1989,11,11.884,41.811999999999905,10.0,6.1,Mb,369.0,0.98,NEI
1989-08-20 19:25:56.510,20,8,1989,19,11.904,41.823999999999906,11.7,6.2,Mb,426.0,0.98,NEI
1989-08-21 01:09:06.630,21,8,1989,1,11.874,41.869999999999905,15.8,6.3,Mb,484.0,0.96,NEI
1989-08-29 04:16:23.020,29,8,1989,4,18.039,-105.667,21.4,6.6,Ms,214.0,1.21,NEI
1989-09-04 05:20:55.930,4,9,1989,5,-4.219,136.667,9.1,6.0,Ms,274.0,0.98,NEI
1989-09-04 13:14:58.250,4,9,1989,13,55.54299999999991,-156.835,11.4,6.9,Ms,507.0,1.17,NEI
1989-09-09 01:40:35.770,9,9,1989,1,2.435,-79.76099999999991,6.5,6.0,Mb,438.0,0.86,NEI
1989-09-13 11:40:46.040,13,9,1989,11,-35.5769999999999,-17.0629999999999,11.9,6.2,Ms,79.0,1.27,NEI
1989-09-14 19:10:25.700,14,9,1989,19,1.644,127.322,103.2,6.0,Mb,376.0,1.23,NEI
1989-09-16 02:05:08.910,16,9,1989,2,40.337,51.53399999999991,54.8,6.5,Ms,563.0,0.96,NEI
1989-09-16 23:20:53.220,16,9,1989,23,16.497,-93.671,108.3,6.6,Unk,415.0,1.25,NEI
1989-09-17 00:53:39.770,17,9,1989,0,40.203,51.749,51.4,6.1,Mb,533.0,0.98,NEI
1989-09-22 02:25:50.880,22,9,1989,2,31.5829999999999,102.433,14.6,6.1,Mb,441.0,1.08,NEI
1989-09-25 14:17:47.080,25,9,1989,14,-20.355,169.276999999999,33.9,6.3,Ms,455.0,1.05,NEI
1989-10-07 15:48:29.060,7,10,1989,15,51.314,-179.027999999999,19.6,6.1,Mb,533.0,0.97,NEI
1989-10-09 18:01:07.870,9,10,1989,18,51.78,171.869,26.2,6.0,Mb,456.0,0.85,NEI
1989-10-18 00:04:15.190,18,10,1989,0,37.0362,-121.8798,17.43,7.0,ML,80.0,0.08,NC
1989-10-18 11:40:50.220,18,10,1989,11,-10.1549999999999,161.062999999999,45.4,6.1,Mb,287.0,1.09,NEI
1989-10-27 21:04:51.820,27,10,1989,21,-11.022,162.349999999999,24.7,7.0,Ms,354.0,1.13,NEI
1989-10-29 05:25:38.270,29,10,1989,5,39.570999999999906,143.333,9.6,6.0,Mb,409.0,1.04,NEI
1989-11-01 18:25:34.940,1,11,1989,18,39.837,142.759999999999,28.6,7.4,Ms,550.0,1.11,NEI
1989-11-01 18:36:33.890,1,11,1989,18,39.637,143.137,30.2,6.0,Mb,229.0,0.98,NEI
1989-11-06 20:52:21.200,6,11,1989,20,-11.315,162.435,39.2,6.0,Ms,140.0,1.15,NEI
1989-11-16 08:39:42.770,16,11,1989,8,-17.76,-178.99,537.6,6.0,Unk,434.0,0.97,NEI
1989-11-29 01:00:14.850,29,11,1989,1,-15.808,-73.242,70.8,6.5,Unk,366.0,1.14,NEI
1989-12-03 14:16:48.790,3,12,1989,14,-7.631,-74.459,153.0,6.2,Unk,411.0,1.11,NEI
1989-12-07 13:38:44.850,7,12,1989,13,-6.436,146.383,104.4,6.4,Unk,344.0,0.9,NEI
1989-12-09 20:38:08.590,9,12,1989,20,0.141,123.34,151.0,6.8,Unk,427.0,1.15,NEI
1989-12-15 18:43:45.030,15,12,1989,18,8.337,126.729,24.4,6.2,Mb,204.0,1.39,NEI
1989-12-15 18:53:38.220,15,12,1989,18,8.397,126.485,33.0,6.0,Mb,48.0,0.98,NEI
1989-12-20 00:08:20.610,20,12,1989,0,8.09399999999999,126.828,21.0,6.3,Ms,267.0,1.23,NEI
1989-12-25 14:24:32.690,25,12,1989,14,60.079999999999906,-73.44499999999991,5.1,6.2,Mb,465.0,0.8,NEI
1989-12-30 23:18:51.640,30,12,1989,23,-3.406,145.966,38.3,6.6,Ms,144.0,1.3,NEI
1990-01-04 05:32:21.040,4,1,1990,5,-15.397,-172.849999999999,53.5,6.4,Ms,411.0,1.18,NEI
1990-01-09 18:51:29.210,9,1,1990,18,24.753,95.241,119.2,6.1,Mb,442.0,1.09,NEI
1990-01-14 03:03:19.230,14,1,1990,3,37.819,91.971,12.2,6.1,Mb,437.0,1.08,NEI
1990-01-14 21:04:03.260,14,1,1990,21,-29.709,-177.467,58.3,6.0,Ms,208.0,1.26,NEI
1990-01-18 12:45:23.600,18,1,1990,12,-30.1409999999999,-177.687999999999,13.4,6.0,Mb,262.0,1.15,NEI
1990-01-22 17:26:11.460,22,1,1990,17,3.885,96.09999999999991,45.7,6.0,Mb,494.0,0.99,NEI
1990-02-05 05:16:46.150,5,2,1990,5,37.046999999999905,71.25,109.9,6.1,Mb,552.0,1.05,NEI
1990-02-08 07:15:32.230,8,2,1990,7,9.755,124.694,25.9,6.2,Mb,322.0,1.39,NEI
1990-02-08 07:46:59.780,8,2,1990,7,9.725,124.625,30.3,6.0,Mb,248.0,1.18,NEI
1990-02-10 03:27:41.280,10,2,1990,3,-42.343,172.798,9.8,6.0,Ms,102.0,1.31,NEI
1990-02-19 06:48:10.120,19,2,1990,6,-15.465,166.384999999999,12.1,6.7,Ms,375.0,1.24,NEI
1990-02-20 06:53:39.890,20,2,1990,6,34.706,139.252,14.2,6.1,Mb,380.0,1.25,NEI
1990-02-24 19:13:14.870,24,2,1990,19,-15.523,-175.235999999999,33.0,6.0,Ms,161.0,1.15,NEI
1990-02-26 19:06:36.440,26,2,1990,19,-26.651,-114.726,14.2,6.1,Ms,197.0,1.06,NEI
1990-03-03 12:16:27.960,3,3,1990,12,-22.122,175.163,33.2,7.4,Ms,322.0,1.32,NEI
1990-03-03 12:44:22.420,3,3,1990,12,-22.405,174.163999999999,33.0,6.1,Mb,156.0,1.02,NEI
1990-03-05 16:38:12.570,5,3,1990,16,-18.318,168.062999999999,20.7,7.0,Ms,335.0,1.24,NEI
1990-03-12 14:41:19.480,12,3,1990,14,51.484,-175.032,13.8,6.2,Ms,487.0,1.13,NEI
1990-03-21 16:46:05.450,21,3,1990,16,-31.0919999999999,-179.092999999999,144.8,6.2,Mb,480.0,1.1,NEI
1990-03-25 13:22:55.600,25,3,1990,13,9.919,-84.808,22.2,6.2,Mb,494.0,1.08,NEI
1990-03-25 14:17:18.820,25,3,1990,14,37.03399999999991,72.94199999999991,33.0,6.0,Mb,474.0,1.25,NEI
1990-04-05 21:12:35.550,5,4,1990,21,15.125,147.596,11.4,7.5,Ms,328.0,1.18,NEI
1990-04-17 01:59:33.400,17,4,1990,1,39.436,74.9,33.0,6.2,Ms,277.0,1.19,NEI
1990-04-18 13:39:19.010,18,4,1990,13,1.186,122.857,25.7,6.2,Mb,294.0,1.23,NEI
1990-04-19 12:40:38.690,19,4,1990,12,1.108,123.429,23.7,6.2,Ms,224.0,1.24,NEI
1990-04-21 18:54:52.460,21,4,1990,18,-36.98499999999991,-73.3029999999999,11.9,6.0,Mb,182.0,1.06,NEI
1990-04-26 09:37:15.040,26,4,1990,9,35.9859999999999,100.245,8.1,6.9,Ms,127.0,1.23,NEI
1990-04-26 09:37:45.380,26,4,1990,9,36.238999999999905,100.254,9.6,6.3,Mb,39.0,1.06,NEI
1990-05-01 16:12:21.440,1,5,1990,16,58.84,-156.858,211.0,6.3,Unk,678.0,0.97,NEI
1990-05-01 16:13:05.700,1,5,1990,16,61.856299999999905,-158.3372,49.0,6.1,ML,20.0,24.3,AK
1990-05-02 22:50:29.560,2,5,1990,22,-5.604,150.163999999999,81.6,6.2,Mb,348.0,1.02,NEI
1990-05-08 00:01:40.020,8,5,1990,0,6.905,-82.622,9.6,6.3,Ms,462.0,1.01,NEI
1990-05-09 04:21:10.190,9,5,1990,4,-56.381,-27.058,33.0,6.0,Mb,154.0,1.0,NEI
1990-05-11 13:10:20.290,11,5,1990,13,41.82,130.858,578.5,6.3,Unk,549.0,0.91,NEI
1990-05-12 04:50:08.710,12,5,1990,4,49.03699999999991,141.847,605.7,6.8,Unk,697.0,0.84,NEI
1990-05-13 04:23:09.600,13,5,1990,4,-40.29599999999991,176.063999999999,20.6,6.3,Ms,395.0,1.15,NEI
1990-05-17 23:28:00.120,17,5,1990,23,26.619,127.846,32.6,6.0,Mb,389.0,0.94,NEI
1990-05-20 02:22:01.620,20,5,1990,2,5.121,32.145,14.9,7.1,Ms,494.0,1.07,NEI
1990-05-20 07:32:37.270,20,5,1990,7,-18.102,-175.13,232.2,6.2,Unk,341.0,1.01,NEI
1990-05-20 09:53:47.490,20,5,1990,9,-32.5,179.624,345.6,6.4,Unk,346.0,1.06,NEI
1990-05-24 20:00:08.190,24,5,1990,20,5.358,31.8479999999999,16.0,7.0,Ms,404.0,1.04,NEI
1990-05-24 20:09:23.240,24,5,1990,20,-7.363,120.363,588.9,6.4,Mb,412.0,0.9,NEI
1990-05-30 02:34:05.880,30,5,1990,2,-6.016,-77.2289999999999,24.2,6.1,Mb,461.0,1.01,NEI
1990-05-30 10:40:06.140,30,5,1990,10,45.841,26.6679999999999,89.3,7.1,Unk,648.0,1.03,NEI
1990-05-31 00:17:47.850,31,5,1990,0,45.811,26.7689999999999,88.2,6.5,Unk,572.0,1.03,NEI
1990-06-07 09:25:19.190,7,6,1990,9,-3.563,144.431999999999,29.3,6.5,Ms,140.0,1.2,NEI
1990-06-08 15:05:09.520,8,6,1990,15,-18.8739999999999,-178.788999999999,499.2,6.2,Unk,324.0,1.12,NEI
1990-06-14 07:40:56.210,14,6,1990,7,11.76,121.899,18.1,6.0,Mb,283.0,1.24,NEI
1990-06-14 12:47:28.820,14,6,1990,12,47.869,85.07599999999991,57.9,6.1,Mb,501.0,1.03,NEI
1990-06-15 08:12:26.250,15,6,1990,8,-5.041,152.081999999999,60.1,6.0,Unk,250.0,0.88,NEI
1990-06-20 21:00:09.980,20,6,1990,21,36.957,49.40899999999991,18.5,7.7,Ms,352.0,1.21,NEI
1990-06-23 21:38:18.750,23,6,1990,21,-21.568,-176.483,180.5,6.5,Unk,537.0,1.03,NEI
1990-06-26 12:08:29.390,26,6,1990,12,-22.015,-179.473,586.8,6.0,Mb,406.0,0.97,NEI
1990-07-09 15:11:20.380,9,7,1990,15,5.395,31.654,12.6,6.4,Ms,387.0,1.21,NEI
1990-07-10 03:17:59.290,10,7,1990,3,-10.353,161.119,66.3,6.2,Unk,266.0,1.01,NEI
1990-07-14 05:54:25.490,14,7,1990,5,0.003,-17.376,11.1,6.2,Mb,515.0,0.96,NEI
1990-07-16 07:26:34.610,16,7,1990,7,15.679,121.172,25.1,7.8,Ms,487.0,1.08,NEI
1990-07-17 21:14:43.860,17,7,1990,21,16.495,120.980999999999,23.1,6.1,Mb,483.0,1.31,NEI
1990-07-27 12:37:59.550,27,7,1990,12,-15.355,167.464,125.7,6.9,Unk,476.0,0.97,NEI
1990-08-03 09:15:06.150,3,8,1990,9,47.963,84.9609999999999,33.4,6.0,Mb,553.0,0.97,NEI
1990-08-05 01:34:55.830,5,8,1990,1,29.5509999999999,137.63,496.2,6.5,Unk,466.0,1.06,NEI
1990-08-10 17:47:36.780,10,8,1990,17,-19.805,-177.384999999999,372.9,6.1,Unk,401.0,1.0,NEI
1990-08-12 21:25:21.950,12,8,1990,21,-19.4349999999999,169.132,140.4,6.6,Unk,551.0,1.1,NEI
1990-08-17 13:07:17.420,17,8,1990,13,-11.164,161.997,29.1,6.8,Ms,334.0,1.36,NEI
1990-08-20 00:03:52.780,20,8,1990,0,46.189,142.288999999999,309.4,6.2,Unk,514.0,0.77,NEI
1990-08-21 14:13:04.840,21,8,1990,14,-27.4869999999999,-104.266,10.5,6.0,Mb,294.0,0.96,NEI
1990-08-25 15:47:53.890,25,8,1990,15,0.525,126.084,11.3,6.0,Mb,351.0,1.12,NEI
1990-09-09 05:35:45.910,9,9,1990,5,-5.178,151.729,73.8,6.1,Unk,277.0,0.84,NEI
1990-09-17 13:47:26.640,17,9,1990,13,-53.155,159.632,10.0,6.0,Ms,140.0,1.3,NEI
1990-09-23 17:54:02.960,23,9,1990,17,-17.7319999999999,167.611999999999,10.0,6.2,Ms,214.0,1.31,NEI
1990-09-23 21:13:07.460,23,9,1990,21,33.267,138.643,10.0,6.0,Mb,286.0,1.34,NEI
1990-09-28 19:44:47.120,28,9,1990,19,-13.5589999999999,167.079,176.0,6.0,Mb,349.0,1.09,NEI
1990-10-10 01:00:05.500,10,10,1990,1,-19.503,-66.61799999999991,266.0,6.4,Unk,370.0,1.16,NEI
1990-10-10 05:54:53.540,10,10,1990,5,-23.497,179.029,548.5,6.6,Unk,483.0,0.89,NEI
1990-10-16 06:13:13.740,16,10,1990,6,49.04299999999991,155.075999999999,82.9,6.0,Mb,454.0,0.91,NEI
1990-10-17 14:30:13.160,17,10,1990,14,-10.97,-70.77599999999991,598.8,6.8,Unk,608.0,1.02,NEI
1990-10-25 04:53:59.980,25,10,1990,4,35.121,70.486,113.9,6.0,Mb,444.0,0.98,NEI
1990-11-06 18:45:52.230,6,11,1990,18,28.251,55.462,10.6,6.2,Mb,558.0,1.03,NEI
1990-11-06 20:14:29.740,6,11,1990,20,53.451999999999906,169.871,24.8,7.0,Ms,561.0,0.92,NEI
1990-11-13 02:35:07.870,13,11,1990,2,46.10399999999991,138.637,14.1,6.2,Mb,508.0,1.05,NEI
1990-11-15 02:34:32.400,15,11,1990,2,3.908,97.45699999999991,48.4,6.0,Mb,433.0,1.15,NEI
1990-11-22 20:49:06.740,22,11,1990,20,-5.575,150.992999999999,28.7,6.0,Ms,283.0,1.03,NEI
1990-12-11 14:41:42.550,11,12,1990,14,-15.461,-173.116999999999,12.8,6.1,Ms,190.0,1.18,NEI
1990-12-13 12:26:40.750,13,12,1990,12,1.116,124.034,33.0,6.0,Mb,249.0,1.15,NEI
1990-12-21 05:29:28.720,21,12,1990,5,-20.4669999999999,-174.161,13.3,6.2,Ms,277.0,1.25,NEI
1990-12-24 10:12:13.060,24,12,1990,10,-5.376,151.49,53.0,6.0,Unk,261.0,0.86,NEI
1990-12-28 22:32:17.270,28,12,1990,22,-14.875,66.777,17.2,6.0,Mb,370.0,0.95,NEI
1990-12-30 19:14:18.930,30,12,1990,19,-5.097,150.967,178.6,6.6,Mb,341.0,1.16,NEI
1991-01-01 00:06:31.400,1,1,1991,0,18.068,-105.846999999999,35.0,6.2,Ms,145.0,1.19,NEI
1991-01-03 13:18:49.280,3,1,1991,13,-7.179,148.539999999999,14.0,6.0,Mb,319.0,0.99,NEI
1991-01-05 14:57:11.590,5,1,1991,14,23.613,95.90099999999991,19.7,6.2,Mb,400.0,1.27,NEI
1991-01-08 22:04:09.490,8,1,1991,22,-18.0569999999999,-173.533999999999,32.9,6.1,Mb,462.0,0.95,NEI
1991-01-18 10:45:18.470,18,1,1991,10,-51.145,139.414999999999,10.0,6.3,Ms,170.0,1.35,NEI
1991-01-25 17:40:16.450,25,1,1991,17,-2.275,139.205999999999,33.0,6.4,Mb,50.0,0.67,NEI
1991-01-31 23:03:33.670,31,1,1991,23,35.993,70.423,142.4,6.6,Unk,530.0,1.16,NEI
1991-02-09 02:08:50.900,9,2,1991,2,-15.348,-176.901,27.6,6.0,Ms,194.0,1.15,NEI
1991-02-09 16:18:58.370,9,2,1991,16,-9.929,159.139,10.0,6.9,Ms,334.0,1.15,NEI
1991-02-16 01:23:40.440,16,2,1991,1,48.268,154.328,38.9,6.3,Mb,558.0,0.89,NEI
1991-02-18 02:37:25.120,18,2,1991,2,8.86999999999999,126.48,23.9,6.0,Mb,319.0,1.33,NEI
1991-02-21 02:35:34.050,21,2,1991,2,58.427,-175.449999999999,20.2,6.5,Ms,472.0,0.97,NEI
1991-03-01 17:30:26.050,1,3,1991,17,10.939,-84.637,196.5,6.1,Mb,504.0,1.05,NEI
1991-03-03 15:20:24.730,3,3,1991,15,-21.867,-175.056999999999,16.1,6.1,Ms,388.0,1.04,NEI
1991-03-08 11:36:28.430,8,3,1991,11,60.904,167.023,13.0,6.6,Ms,492.0,1.27,NEI
1991-03-16 06:02:10.930,16,3,1991,6,10.1739999999999,-85.1839999999999,33.3,6.3,Ms,300.0,1.15,NEI
1991-04-01 05:25:27.090,1,4,1991,5,-4.919,152.018,89.7,6.0,Mb,322.0,0.92,NEI
1991-04-04 03:22:57.910,4,4,1991,3,7.017,-78.153,32.9,6.1,Mb,463.0,1.02,NEI
1991-04-04 15:23:20.700,4,4,1991,15,-6.038,-77.12999999999991,20.7,6.3,Ms,356.0,0.99,NEI
1991-04-05 04:19:49.520,5,4,1991,4,-5.982,-77.09399999999991,19.8,6.8,Ms,534.0,0.95,NEI
1991-04-06 14:34:20.700,6,4,1991,14,-15.0079999999999,-175.520999999999,16.0,6.7,Ms,233.0,1.09,NEI
1991-04-09 06:02:24.510,9,4,1991,6,-9.788,-74.7019999999999,123.9,6.3,Unk,418.0,0.93,NEI
1991-04-14 08:08:55.700,14,4,1991,8,27.155,127.419,83.0,6.2,Mb,473.0,1.02,NEI
1991-04-19 11:25:34.550,19,4,1991,11,-14.8829999999999,-174.953,19.5,6.0,Ms,167.0,1.2,NEI
1991-04-22 21:56:51.820,22,4,1991,21,9.685,-83.07299999999991,10.0,7.6,Ms,432.0,1.22,NEI
1991-04-29 09:12:48.100,29,4,1991,9,42.453,43.673,17.2,6.2,Mb,500.0,1.15,NEI
1991-05-01 07:18:43.840,1,5,1991,7,62.475299999999905,-151.4103,115.1,6.5,ML,20.0,0.17,AK
1991-05-03 02:14:14.430,3,5,1991,2,28.0799999999999,139.585,433.1,6.0,Mb,537.0,1.03,NEI
1991-05-04 03:42:54.530,4,5,1991,3,9.542,-82.418,10.0,6.2,Ms,256.0,1.26,NEI
1991-05-07 13:09:28.750,7,5,1991,13,39.43,144.714,10.0,6.4,Mb,495.0,0.97,NEI
1991-05-17 02:31:25.700,17,5,1991,2,-4.39,142.715,59.0,6.0,Unk,255.0,1.21,NEI
1991-05-19 00:58:01.730,19,5,1991,0,1.156,122.956999999999,33.0,6.8,Ms,228.0,1.22,NEI
1991-05-21 11:00:19.080,21,5,1991,11,-7.517,126.539,18.4,6.2,Mb,290.0,1.11,NEI
1991-05-24 20:50:55.840,24,5,1991,20,-16.506,-70.70099999999991,127.7,6.3,Mb,526.0,1.01,NEI
1991-05-30 13:17:41.970,30,5,1991,13,54.567,-161.605999999999,28.4,6.7,Ms,584.0,1.14,NEI
1991-05-31 05:28:02.670,31,5,1991,5,-6.048,130.598999999999,33.0,6.0,Mb,332.0,1.0,NEI
1991-06-07 11:51:25.970,7,6,1991,11,-7.204,122.533,536.4,6.2,Mb,178.0,1.14,NEI
1991-06-09 07:45:02.130,9,6,1991,7,-20.2519999999999,-176.217999999999,265.5,6.1,Mb,626.0,0.97,NEI
1991-06-10 17:35:49.480,10,6,1991,17,23.771,-45.368,9.7,6.1,Mb,557.0,0.82,NEI
1991-06-15 00:59:20.310,15,6,1991,0,42.460999999999906,44.009,9.4,6.1,Mb,458.0,1.23,NEI
1991-06-15 23:02:14.370,15,6,1991,23,10.098,125.855,71.0,6.0,Mb,427.0,1.08,NEI
1991-06-20 05:18:52.510,20,6,1991,5,1.196,122.787,31.4,6.2,Mb,367.0,1.19,NEI
1991-06-23 21:22:28.940,23,6,1991,21,-26.802,-63.348999999999904,558.0,6.4,Mb,578.0,0.98,NEI
1991-07-02 06:08:09.250,2,7,1991,6,-23.233,-179.126,429.2,6.2,Unk,309.0,1.08,NEI
1991-07-04 11:43:10.490,4,7,1991,11,-8.099,124.681,28.8,6.2,Mb,328.0,1.07,NEI
1991-07-06 12:19:49.560,6,7,1991,12,-13.108,-72.1869999999999,104.5,6.5,Unk,449.0,1.17,NEI
1991-07-13 02:50:14.690,13,7,1991,2,42.182,-125.641,11.0,6.2,Mb,535.0,1.02,NEI
1991-07-14 09:09:11.910,14,7,1991,9,36.334,71.119,212.9,6.4,Mb,623.0,1.05,NEI
1991-08-06 02:17:31.600,6,8,1991,2,3.827,95.37399999999991,18.1,6.0,Mb,445.0,0.92,NEI
1991-08-14 12:53:26.020,14,8,1991,12,54.389,-169.295999999999,274.8,6.1,Unk,521.0,1.03,NEI
1991-08-14 19:15:03.670,14,8,1991,19,-13.593,167.607,13.8,6.6,Ms,355.0,1.33,NEI
1991-08-17 19:29:40.000,17,8,1991,19,40.2517,-124.285799999999,9.05,6.0,ML,30.0,0.09,NC
1991-08-17 22:17:14.680,17,8,1991,22,41.820999999999906,-125.397,13.5,6.2,Mb,431.0,1.24,NEI
1991-09-03 09:05:28.310,3,9,1991,9,-17.91,-116.001,8.5,6.0,Mb,384.0,0.99,NEI
1991-09-28 20:26:56.150,28,9,1991,20,-5.814,150.959,28.0,6.6,Ms,370.0,1.09,NEI
1991-09-30 00:21:46.410,30,9,1991,0,-20.878,-178.591,566.4,6.5,Unk,452.0,1.01,NEI
1991-09-30 00:42:25.310,30,9,1991,0,-20.9409999999999,-178.712999999999,590.6,6.1,Unk,236.0,0.76,NEI
1991-10-08 03:31:15.600,8,10,1991,3,45.587,149.049,145.9,6.0,Mb,581.0,0.92,NEI
1991-10-13 18:12:20.330,13,10,1991,18,-56.097,-122.633,10.0,6.2,Ms,83.0,1.34,NEI
1991-10-14 15:58:12.790,14,10,1991,15,-9.09399999999999,158.442,23.4,7.1,Ms,377.0,1.29,NEI
1991-10-19 21:23:14.300,19,10,1991,21,30.78,78.774,10.3,7.0,Ms,525.0,1.19,NEI
1991-10-30 10:35:41.440,30,10,1991,10,-15.31,-173.187,17.8,6.4,Ms,335.0,1.16,NEI
1991-11-01 16:23:22.370,1,11,1991,16,-30.2549999999999,-177.980999999999,21.4,6.5,Ms,484.0,1.06,NEI
1991-11-05 21:16:16.020,5,11,1991,21,-16.908,66.162,10.0,6.0,Ms,147.0,1.4,NEI
1991-11-11 22:34:40.900,11,11,1991,22,24.7049999999999,142.569999999999,24.9,6.0,Mb,397.0,1.01,NEI
1991-11-13 11:12:13.240,13,11,1991,11,8.361,126.371,35.9,6.1,Mb,399.0,1.15,NEI
1991-11-19 22:28:51.090,19,11,1991,22,4.554,-77.44199999999991,21.3,7.0,Ms,447.0,1.19,NEI
1991-11-20 09:23:09.460,20,11,1991,9,-36.515,178.384999999999,79.2,6.2,Unk,271.0,1.4,NEI
1991-11-21 12:38:28.570,21,11,1991,12,5.782,126.831999999999,73.3,6.0,Mb,298.0,1.19,NEI
1991-11-26 19:40:48.570,26,11,1991,19,42.051,142.523,56.3,6.1,Mb,525.0,0.97,NEI
1991-12-03 10:33:39.920,3,12,1991,10,-26.483,178.715,561.0,6.0,Mb,369.0,0.95,NEI
1991-12-11 17:03:10.640,11,12,1991,17,-17.821,-116.017,18.9,6.1,Ms,307.0,0.92,NEI
1991-12-11 20:39:39.200,11,12,1991,20,-23.3679999999999,171.044,36.6,6.5,Ms,418.0,1.37,NEI
1991-12-13 02:33:51.850,13,12,1991,2,45.578,151.56,30.0,6.1,Mb,509.0,1.09,NEI
1991-12-13 05:45:29.030,13,12,1991,5,45.567,151.53,25.8,6.0,Mb,459.0,0.81,NEI
1991-12-13 18:59:06.560,13,12,1991,18,45.521,151.706999999999,18.7,6.1,Mb,536.0,0.93,NEI
1991-12-13 19:58:18.530,13,12,1991,19,45.439,151.426999999999,19.7,6.1,Mb,280.0,0.85,NEI
1991-12-17 03:41:08.140,17,12,1991,3,-62.551,155.054,10.0,6.1,Ms,70.0,1.19,NEI
1991-12-19 01:33:40.430,19,12,1991,1,45.253,151.175999999999,27.2,6.0,Mb,529.0,1.03,NEI
1991-12-22 08:43:13.410,22,12,1991,8,45.533,151.020999999999,24.7,7.4,Ms,552.0,0.93,NEI
1991-12-23 13:10:04.910,23,12,1991,13,45.85399999999991,151.961999999999,23.6,6.0,Mb,413.0,0.78,NEI
1991-12-27 04:05:58.240,27,12,1991,4,-56.031999999999904,-25.2659999999999,10.0,7.2,Ms,341.0,1.36,NEI
1991-12-28 00:52:10.160,28,12,1991,0,-56.101999999999904,-24.614,10.0,6.7,Ms,285.0,1.08,NEI
1991-12-29 18:39:09.460,29,12,1991,18,-4.421,132.727,36.7,6.0,Mb,173.0,1.09,NEI
1992-01-13 11:58:23.140,13,1,1992,11,1.342,127.373,112.9,6.0,Mb,290.0,1.13,NEI
1992-01-20 13:37:03.080,20,1,1992,13,27.983,139.405,498.5,6.0,Unk,478.0,1.18,NEI
1992-02-02 00:31:30.940,2,2,1992,0,-51.546999999999905,139.704,10.0,6.3,Ms,184.0,1.27,NEI
1992-02-13 01:29:13.190,13,2,1992,1,-15.894,166.318,9.6,6.8,Ms,381.0,1.16,NEI
1992-02-27 20:05:23.840,27,2,1992,20,-6.191,147.575999999999,38.5,6.6,Ms,260.0,1.08,NEI
1992-03-02 12:29:39.590,2,3,1992,12,52.91499999999991,159.886,38.6,6.8,Ms,611.0,1.06,NEI
1992-03-04 03:49:54.800,4,3,1992,3,-3.008,147.882,19.4,6.5,Ms,299.0,1.25,NEI
1992-03-05 14:39:10.250,5,3,1992,14,52.899999999999906,159.619,45.2,6.3,Mb,617.0,0.97,NEI
1992-03-07 01:53:37.760,7,3,1992,1,10.21,-84.32299999999991,78.9,6.2,Mb,572.0,1.03,NEI
1992-03-07 18:37:13.000,7,3,1992,18,-3.477,146.316,14.9,6.2,Ms,129.0,1.37,NEI
1992-03-11 19:42:59.210,11,3,1992,19,-3.438,146.734,27.8,6.1,Ms,115.0,1.49,NEI
1992-03-13 16:01:04.480,13,3,1992,16,52.451,-178.944999999999,197.4,6.3,Unk,551.0,1.04,NEI
1992-03-13 17:18:39.980,13,3,1992,17,39.71,39.604999999999905,27.2,6.2,Mb,584.0,1.11,NEI
1992-04-03 03:19:51.430,3,4,1992,3,-5.696,151.163999999999,27.4,6.5,Ms,434.0,0.94,NEI
1992-04-06 13:54:40.220,6,4,1992,13,50.723999999999904,-130.092,19.7,6.0,Mb,322.0,1.02,NEI
1992-04-18 09:16:52.850,18,4,1992,9,-5.454,103.001,29.3,6.4,Ms,351.0,1.28,NEI
1992-04-23 04:50:23.230,23,4,1992,4,33.96,-116.316999999999,12.33,6.1,Mw,150.0,0.26,CI
1992-04-25 18:06:05.180,25,4,1992,18,40.335299999999904,-124.2287,10.55,6.69,Mw,7.0,0.07,NC
1992-04-26 07:41:40.090,26,4,1992,7,40.432499999999905,-124.566,19.57,6.45,Mw,30.0,0.12,NC
1992-04-26 11:18:25.980,26,4,1992,11,40.3828,-124.555,22.62,6.57,Mw,20.0,0.07,NC
1992-05-12 18:05:42.600,12,5,1992,18,-16.524,-172.366999999999,15.0,6.8,Ms,583.0,1.13,NEI
1992-05-15 07:05:05.340,15,5,1992,7,-6.075,147.572,58.0,7.1,Unk,420.0,1.09,NEI
1992-05-17 09:49:19.110,17,5,1992,9,7.239,126.645,32.8,6.2,Mb,533.0,1.23,NEI
1992-05-17 10:15:31.310,17,5,1992,10,7.191,126.762,33.0,7.5,Ms,480.0,1.1,NEI
1992-05-20 12:20:32.850,20,5,1992,12,33.377,71.31699999999991,16.3,6.0,Mb,432.0,1.07,NEI
1992-05-22 21:40:37.290,22,5,1992,21,-3.506,144.221,33.0,6.2,Ms,113.0,1.16,NEI
1992-05-25 16:55:04.170,25,5,1992,16,19.613,-77.872,23.1,6.9,Ms,492.0,0.94,NEI
1992-05-27 05:13:38.810,27,5,1992,5,-11.122,165.239,18.8,7.0,Ms,456.0,0.94,NEI
1992-05-28 21:24:46.340,28,5,1992,21,47.625,155.562,14.1,6.0,Mb,470.0,0.9,NEI
1992-05-30 16:30:01.950,30,5,1992,16,14.442,-92.9309999999999,54.9,6.2,Ms,335.0,1.04,NEI
1992-06-21 17:43:08.840,21,6,1992,17,-37.689,176.860999999999,10.0,6.1,Ms,301.0,1.21,NEI
1992-06-22 04:00:41.000,22,6,1992,4,-60.728,-21.969,11.8,6.1,Ms,185.0,1.09,NEI
1992-06-25 06:30:51.000,25,6,1992,6,-28.314,-176.716,20.0,6.5,Ms,398.0,1.18,NEI
1992-06-28 11:57:34.130,28,6,1992,11,34.2,-116.437,0.97,7.3,Mw,109.0,0.19,CI
1992-06-28 15:05:30.730,28,6,1992,15,34.203,-116.827,5.38,6.3,Mw,37.0,0.23,CI
1992-07-10 09:31:27.590,10,7,1992,9,44.695,149.482,19.9,6.2,Mb,575.0,0.99,NEI
1992-07-11 10:44:19.760,11,7,1992,10,-22.483,-178.413,377.2,6.4,Unk,591.0,1.14,NEI
1992-07-12 11:08:55.360,12,7,1992,11,41.457,142.031,63.8,6.0,Mb,546.0,0.92,NEI
1992-07-13 18:11:33.710,13,7,1992,18,-3.919,-76.602,96.5,6.4,Unk,569.0,0.92,NEI
1992-07-18 08:36:58.700,18,7,1992,8,39.418999999999905,143.33,28.6,6.2,Mb,506.0,0.98,NEI
1992-07-18 08:39:05.790,18,7,1992,8,39.674999999999905,143.026999999999,34.7,6.1,Mb,106.0,1.23,NEI
1992-07-18 10:20:11.940,18,7,1992,10,39.436,143.026,26.7,6.1,Mb,465.0,0.97,NEI
1992-08-02 05:50:11.690,2,8,1992,5,-0.883,127.581999999999,18.9,6.1,Ms,288.0,1.12,NEI
1992-08-02 12:03:20.350,2,8,1992,12,-7.126,121.748,485.9,6.2,Mb,477.0,0.95,NEI
1992-08-04 21:08:41.780,4,8,1992,21,-12.127,166.589,91.0,6.1,Mb,362.0,1.0,NEI
1992-08-07 18:19:24.450,7,8,1992,18,57.6098,-142.9288,10.0,6.4,ML,19.0,0.14,AK
1992-08-09 19:49:44.130,9,8,1992,19,4.005,126.36,73.4,6.1,Mb,394.0,0.9,NEI
1992-08-16 10:23:28.470,16,8,1992,10,-5.368,146.669,215.2,6.0,Mb,447.0,1.13,NEI
1992-08-19 00:57:40.270,19,8,1992,0,50.502,-174.922,9.9,6.2,Mb,570.0,0.96,NEI
1992-08-19 02:04:37.410,19,8,1992,2,42.142,73.575,27.4,7.4,Ms,636.0,1.13,NEI
1992-08-19 02:12:57.480,19,8,1992,2,42.1,73.543,33.0,6.1,Mb,61.0,1.23,NEI
1992-08-19 03:12:04.970,19,8,1992,3,42.10699999999991,73.26399999999991,21.1,6.0,Mb,519.0,1.01,NEI
1992-08-19 03:20:27.940,19,8,1992,3,42.10399999999991,73.23699999999991,18.5,6.1,Mb,377.0,1.14,NEI
1992-08-24 06:59:39.910,24,8,1992,6,41.976999999999904,140.66,120.5,6.3,Unk,681.0,0.84,NEI
1992-08-28 18:18:46.440,28,8,1992,18,-0.965,-13.5619999999999,15.5,7.0,Ms,578.0,0.96,NEI
1992-08-29 19:19:05.590,29,8,1992,19,33.1899999999999,137.974999999999,289.4,6.0,Mb,597.0,0.83,NEI
1992-09-01 16:41:13.350,1,9,1992,16,23.7489999999999,121.685,54.4,6.0,Mb,418.0,1.06,NEI
1992-09-02 00:16:01.690,2,9,1992,0,11.742,-87.34,44.8,7.2,Ms,212.0,1.25,NEI
1992-09-05 21:48:12.120,5,9,1992,21,11.999,-87.319,10.0,6.0,Ms,225.0,1.4,NEI
1992-09-10 10:43:20.380,10,9,1992,10,-22.562,-174.973999999999,37.7,6.0,Ms,205.0,1.16,NEI
1992-09-11 03:57:26.500,11,9,1992,3,-6.087,26.651,10.8,6.7,Mb,642.0,0.98,NEI
1992-09-15 21:03:59.910,15,9,1992,21,-14.053,167.269,184.2,6.3,Mb,479.0,1.02,NEI
1992-09-26 22:15:57.510,26,9,1992,22,1.289,129.117999999999,27.7,6.5,Ms,270.0,1.17,NEI
1992-09-30 05:34:00.300,30,9,1992,5,51.280999999999906,-178.037,33.0,6.6,Ms,592.0,1.04,NEI
1992-09-30 09:42:50.950,30,9,1992,9,51.148,-178.175,13.7,6.0,Ms,529.0,0.9,NEI
1992-10-11 19:24:26.290,11,10,1992,19,-19.247,168.948,129.0,6.8,Ms,605.0,1.12,NEI
1992-10-15 22:37:05.910,15,10,1992,22,-14.537,166.711,25.0,6.2,Mb,524.0,1.42,NEI
1992-10-17 08:32:40.510,17,10,1992,8,6.845,-76.8059999999999,14.3,6.7,Ms,494.0,1.04,NEI
1992-10-18 15:11:59.110,18,10,1992,15,7.075,-76.86199999999991,10.0,7.3,Ms,544.0,1.3,NEI
1992-10-21 12:11:13.880,21,10,1992,12,-6.87,144.174,19.3,6.0,Ms,287.0,1.1,NEI
1992-10-22 09:04:23.400,22,10,1992,9,-30.227,-177.205,26.3,6.6,Ms,268.0,1.2,NEI
1992-10-22 23:08:27.180,22,10,1992,23,-30.125,-177.0,15.7,6.4,Ms,254.0,1.15,NEI
1992-10-23 13:04:40.710,23,10,1992,13,-5.352,152.616,30.7,6.5,Ms,287.0,1.04,NEI
1992-10-23 21:24:36.140,23,10,1992,21,-9.46899999999999,122.56,33.0,6.0,Mb,289.0,1.35,NEI
1992-10-23 23:19:45.200,23,10,1992,23,42.588999999999906,45.10399999999991,16.4,6.1,Mb,591.0,1.03,NEI
1992-10-24 08:23:01.120,24,10,1992,8,-29.536,-177.279,18.7,6.2,Ms,281.0,1.15,NEI
1992-10-30 02:49:48.170,30,10,1992,2,29.9409999999999,138.974999999999,393.1,6.0,Mb,627.0,0.92,NEI
1992-10-31 14:34:22.480,31,10,1992,14,-2.321,141.262,5.7,6.4,Ms,411.0,1.02,NEI
1992-11-04 01:59:26.900,4,11,1992,1,-61.542,154.573,10.0,6.2,Ms,128.0,1.14,NEI
1992-11-04 18:13:13.460,4,11,1992,18,-14.238,167.640999999999,14.1,6.1,Ms,275.0,1.07,NEI
1992-11-05 19:53:22.970,5,11,1992,19,-5.263,152.574999999999,19.8,6.0,Ms,363.0,1.2,NEI
1992-11-08 03:43:20.480,8,11,1992,3,-15.727,-179.703,9.7,6.5,Ms,340.0,1.28,NEI
1992-11-21 22:39:32.920,21,11,1992,22,-56.66499999999991,-26.405,20.1,6.6,Ms,235.0,1.12,NEI
1992-11-28 03:13:33.360,28,11,1992,3,-31.3299999999999,-71.992,11.7,6.5,Ms,337.0,0.96,NEI
1992-11-30 09:32:37.570,30,11,1992,9,35.692,-34.584,19.6,6.1,Mb,521.0,0.84,NEI
1992-12-08 07:08:39.920,8,12,1992,7,9.291,93.4789999999999,66.0,6.0,Mb,532.0,1.08,NEI
1992-12-12 05:29:26.350,12,12,1992,5,-8.48,121.896,27.7,7.5,Ms,457.0,1.36,NEI
1992-12-12 06:38:29.490,12,12,1992,6,-8.517,121.928,20.8,6.1,Mb,198.0,1.14,NEI
1992-12-18 03:14:04.240,18,12,1992,3,-6.487,147.144,29.3,6.0,Ms,450.0,1.02,NEI
1992-12-19 12:14:22.080,19,12,1992,12,51.905999999999906,158.411,53.0,6.1,Mb,597.0,0.92,NEI
1992-12-20 20:52:47.280,20,12,1992,20,-6.582,130.393,77.7,7.0,Ms,602.0,1.15,NEI
1992-12-23 03:00:44.980,23,12,1992,3,-6.541,130.417,101.7,6.1,Mb,407.0,0.93,NEI
1992-12-24 00:34:13.810,24,12,1992,0,-15.2929999999999,-173.127999999999,23.4,6.4,Ms,339.0,1.13,NEI
1992-12-26 19:52:24.900,26,12,1992,19,-0.564,-19.318,27.1,6.2,Ms,213.0,1.19,NEI
1992-12-31 20:17:08.640,31,12,1992,20,-32.015,-178.025,16.4,6.3,Ms,238.0,1.07,NEI
1993-01-04 20:41:11.200,4,1,1993,20,-22.055,-174.866,33.0,6.2,Ms,267.0,1.12,NEI
1993-01-10 14:39:00.390,10,1,1993,14,-59.274,-26.2049999999999,61.0,6.7,Unk,284.0,1.0,NEI
1993-01-13 18:50:42.510,13,1,1993,18,-50.790999999999904,139.505,9.9,6.3,Ms,297.0,1.4,NEI
1993-01-15 11:06:01.960,15,1,1993,11,42.98199999999991,144.164999999999,112.3,6.1,Mb,595.0,0.91,NEI
1993-01-15 11:06:05.950,15,1,1993,11,43.299999999999905,143.691,102.2,7.1,Ms,203.0,1.54,NEI
1993-01-18 01:18:06.340,18,1,1993,1,18.414,145.734,151.1,6.4,Unk,308.0,1.18,NEI
1993-01-19 14:39:26.170,19,1,1993,14,38.649,133.465,448.3,6.6,Unk,657.0,0.94,NEI
1993-01-20 02:30:54.730,20,1,1993,2,3.144,97.63299999999991,67.8,6.2,Mb,659.0,1.06,NEI
1993-01-20 17:31:15.570,20,1,1993,17,-7.205,128.566,33.0,6.2,Ms,256.0,1.22,NEI
1993-02-07 13:27:42.010,7,2,1993,13,37.634,137.245,10.6,6.3,Mb,673.0,0.93,NEI
1993-02-13 10:55:56.150,13,2,1993,10,-14.926,-176.924,33.0,6.0,Ms,188.0,1.18,NEI
1993-03-01 01:39:27.880,1,3,1993,1,-3.744,138.536,88.8,6.2,Unk,365.0,0.99,NEI
1993-03-06 03:05:49.870,6,3,1993,3,-10.972,164.181,20.4,7.1,Ms,304.0,1.18,NEI
1993-03-06 05:50:02.750,6,3,1993,5,-11.025,163.920999999999,27.5,6.0,Ms,143.0,1.25,NEI
1993-03-06 10:02:06.950,6,3,1993,10,-26.536,-177.354999999999,18.2,6.6,Ms,274.0,1.21,NEI
1993-03-06 16:26:56.960,6,3,1993,16,-11.0619999999999,163.386,25.3,6.6,Ms,207.0,1.13,NEI
1993-03-09 01:29:14.640,9,3,1993,1,-55.677999999999905,146.999,10.0,6.0,Ms,132.0,1.22,NEI
1993-03-09 07:45:43.670,9,3,1993,7,-59.624,-25.709,33.0,6.1,Ms,162.0,1.09,NEI
1993-03-10 12:39:23.900,10,3,1993,12,-59.7,-25.719,33.0,6.4,Ms,148.0,1.16,NEI
1993-03-12 14:01:35.400,12,3,1993,14,-14.385,-178.252,9.6,6.4,Ms,463.0,1.24,NEI
1993-03-15 16:08:57.880,15,3,1993,16,-26.7079999999999,-70.918,28.9,6.2,Ms,399.0,1.12,NEI
1993-03-20 09:20:32.590,20,3,1993,9,-56.084,-27.803,115.9,6.3,Unk,355.0,1.17,NEI
1993-03-21 05:04:59.190,21,3,1993,5,-18.042,-178.527999999999,588.9,6.5,Unk,564.0,0.94,NEI
1993-04-05 04:00:05.390,5,4,1993,4,-59.801,-26.312,33.0,6.2,Ms,246.0,0.93,NEI
1993-04-16 14:08:38.930,16,4,1993,14,-17.7779999999999,-178.864,565.1,6.9,Unk,585.0,1.13,NEI
1993-04-17 20:32:44.510,17,4,1993,20,-16.5949999999999,-177.396999999999,9.7,6.0,Ms,282.0,1.37,NEI
1993-04-18 09:16:23.220,18,4,1993,9,-11.6519999999999,-76.53,106.3,6.3,Unk,513.0,0.96,NEI
1993-04-18 14:10:38.420,18,4,1993,14,-53.957999999999906,-133.867999999999,10.0,6.1,Ms,113.0,1.38,NEI
1993-04-19 21:01:48.940,19,4,1993,21,4.015,128.204,23.6,6.7,Ms,439.0,1.25,NEI
1993-04-24 09:54:21.050,24,4,1993,9,-17.8709999999999,179.848999999999,599.3,6.3,Unk,434.0,1.07,NEI
1993-05-02 11:26:54.870,2,5,1993,11,-56.41499999999991,-24.491,12.9,6.4,Ms,279.0,1.07,NEI
1993-05-06 13:03:18.110,6,5,1993,13,-8.472,-71.4849999999999,572.8,6.1,Unk,555.0,0.97,NEI
1993-05-11 18:26:51.320,11,5,1993,18,7.219,126.569999999999,58.7,6.6,Ms,630.0,1.14,NEI
1993-05-13 11:59:49.250,13,5,1993,11,55.177,-160.458,32.3,6.8,Ms,766.0,0.0,NEI
1993-05-15 03:12:32.720,15,5,1993,3,16.698,-98.39499999999991,20.8,6.1,Mb,215.0,1.03,NEI
1993-05-15 21:52:25.340,15,5,1993,21,51.374,-178.669,32.0,6.2,Mb,661.0,1.07,NEI
1993-05-16 21:44:48.940,16,5,1993,21,-15.286,-173.331999999999,21.3,6.7,Ms,515.0,1.25,NEI
1993-05-17 16:02:53.120,17,5,1993,16,-5.343,151.985,17.3,6.3,Ms,345.0,1.05,NEI
1993-05-17 23:20:50.100,17,5,1993,23,37.176299999999905,-117.8323,9.13,6.1,Mc,99.0,0.11,NN
1993-05-18 10:19:33.780,18,5,1993,10,19.914,122.45,168.6,6.8,Unk,606.0,1.25,NEI
1993-05-24 23:51:20.830,24,5,1993,23,-23.238,-66.631,221.0,6.2,Mb,565.0,1.01,NEI
1993-05-24 23:51:28.240,24,5,1993,23,-22.6709999999999,-66.543,221.0,7.0,Unk,37.0,0.84,NEI
1993-05-25 23:16:43.440,25,5,1993,23,55.021,-160.513,36.8,6.2,Mb,606.0,0.94,NEI
1993-05-29 06:50:13.420,29,5,1993,6,19.0719999999999,-26.4759999999999,12.0,6.2,Ms,602.0,0.91,NEI
1993-05-30 17:08:53.950,30,5,1993,17,1.546,127.206999999999,80.9,6.1,Unk,282.0,0.95,NEI
1993-06-03 09:38:25.680,3,6,1993,9,-14.8409999999999,167.299,151.8,6.1,Unk,309.0,0.95,NEI
1993-06-06 13:23:20.860,6,6,1993,13,15.823,146.595,13.5,6.6,Ms,323.0,1.22,NEI
1993-06-08 13:03:36.480,8,6,1993,13,51.218,157.829,70.6,7.3,Ms,662.0,1.02,NEI
1993-06-08 23:17:41.440,8,6,1993,23,-31.5599999999999,-69.23399999999991,112.7,6.5,Mb,558.0,0.94,NEI
1993-06-12 05:45:21.210,12,6,1993,5,-11.14,162.937,14.9,6.1,Ms,164.0,1.22,NEI
1993-06-12 18:26:42.220,12,6,1993,18,-4.375,135.117999999999,9.9,6.1,Ms,209.0,1.15,NEI
1993-06-12 20:33:25.700,12,6,1993,20,51.259,157.692,44.2,6.0,Ms,588.0,0.94,NEI
1993-06-15 13:06:34.280,15,6,1993,13,-4.991,145.459,227.2,6.2,Unk,178.0,0.94,NEI
1993-06-18 11:52:51.680,18,6,1993,11,-29.053,-176.752999999999,15.6,6.7,Ms,55.0,1.21,NEI
1993-06-18 17:57:46.610,18,6,1993,17,-28.678,-176.893,10.7,6.7,Ms,322.0,1.13,NEI
1993-06-18 19:34:37.730,18,6,1993,19,-28.817,-176.803,28.9,6.0,Ms,79.0,1.46,NEI
1993-06-23 11:29:19.350,23,6,1993,11,-60.54899999999991,-56.375999999999905,10.0,6.2,Mb,100.0,1.31,NEI
1993-06-30 23:47:33.940,30,6,1993,23,-20.8359999999999,172.956999999999,12.6,6.7,Ms,270.0,1.25,NEI
1993-07-06 02:53:03.780,6,7,1993,2,-24.6009999999999,-111.888,10.0,6.1,Ms,124.0,1.07,NEI
1993-07-09 15:37:53.650,9,7,1993,15,-19.782,-177.485999999999,398.2,6.1,Unk,439.0,1.02,NEI
1993-07-11 13:36:21.240,11,7,1993,13,-25.3039999999999,-70.1659999999999,47.5,6.2,Mb,459.0,1.21,NEI
1993-07-12 13:17:11.960,12,7,1993,13,42.85099999999991,139.197,16.7,7.6,Ms,762.0,1.02,NEI
1993-07-12 14:45:05.570,12,7,1993,14,43.124,139.182999999999,33.0,6.0,Mb,496.0,1.12,NEI
1993-07-12 16:01:07.170,12,7,1993,16,42.825,139.288,28.5,6.0,Mb,507.0,1.07,NEI
1993-07-22 04:57:07.050,22,7,1993,4,6.47,-71.20999999999991,20.3,6.1,Mb,557.0,1.14,NEI
1993-07-22 06:16:09.490,22,7,1993,6,-54.439,-119.333,10.0,6.0,Ms,153.0,1.2,NEI
1993-07-24 20:24:50.100,24,7,1993,20,-13.06,167.056,193.5,6.0,Unk,441.0,0.98,NEI
1993-08-04 11:31:18.030,4,8,1993,11,-1.629,99.61499999999991,31.6,6.3,Ms,434.0,0.97,NEI
1993-08-07 00:00:37.070,7,8,1993,0,26.585,125.611999999999,155.0,6.4,Unk,562.0,1.12,NEI
1993-08-07 17:53:24.200,7,8,1993,17,-23.866,179.846,523.1,6.7,Unk,524.0,0.95,NEI
1993-08-07 19:42:41.910,7,8,1993,19,41.98499999999991,139.839,13.8,6.2,Mb,587.0,0.92,NEI
1993-08-08 08:34:24.930,8,8,1993,8,12.9819999999999,144.800999999999,59.3,8.0,Ms,438.0,1.07,NEI
1993-08-09 11:38:30.530,9,8,1993,11,36.436,70.7109999999999,204.2,6.4,Unk,628.0,1.04,NEI
1993-08-09 12:42:48.190,9,8,1993,12,36.378999999999905,70.86799999999991,214.5,7.0,Unk,601.0,1.17,NEI
1993-08-10 00:51:53.250,10,8,1993,0,-45.277,166.926999999999,28.1,7.0,Ms,420.0,1.06,NEI
1993-08-10 09:46:35.350,10,8,1993,9,-38.52,177.553,14.4,6.0,Ms,280.0,1.15,NEI
1993-08-11 14:17:37.720,11,8,1993,14,13.178,145.651,21.6,6.1,Ms,333.0,1.28,NEI
1993-08-13 11:02:20.390,13,8,1993,11,-35.9889999999999,178.509999999999,95.2,6.3,Unk,352.0,1.27,NEI
1993-08-16 04:33:48.440,16,8,1993,4,12.9659999999999,144.972,18.3,6.0,Ms,297.0,1.32,NEI
1993-08-20 05:06:53.850,20,8,1993,5,-5.997,142.742999999999,14.6,6.0,Ms,475.0,1.06,NEI
1993-08-21 09:42:35.910,21,8,1993,9,-21.2779999999999,-178.023,426.9,6.1,Unk,482.0,1.09,NEI
1993-09-01 14:03:19.160,1,9,1993,14,2.986,96.122,34.0,6.2,Ms,437.0,1.22,NEI
1993-09-03 12:35:00.270,3,9,1993,12,14.523,-92.71299999999991,26.5,6.8,Ms,416.0,1.06,NEI
1993-09-04 11:38:38.930,4,9,1993,11,36.429,70.8119999999999,194.5,6.0,Unk,668.0,0.96,NEI
1993-09-06 03:56:00.100,6,9,1993,3,-4.641,153.230999999999,49.0,6.6,Ms,492.0,0.9,NEI
1993-09-07 02:48:50.850,7,9,1993,2,-31.635,-179.44,10.0,6.5,Ms,206.0,1.18,NEI
1993-09-10 18:58:57.020,10,9,1993,18,14.4149999999999,-92.76399999999991,63.3,6.0,Unk,272.0,1.01,NEI
1993-09-10 19:12:54.620,10,9,1993,19,14.717,-92.64499999999991,34.1,6.2,Mb,466.0,1.33,NEI
1993-09-13 12:37:51.930,13,9,1993,12,-29.492,-177.136,19.7,6.2,Ms,233.0,1.27,NEI
1993-09-18 05:02:27.010,18,9,1993,5,36.42099999999991,71.5919999999999,112.6,6.3,Unk,465.0,1.05,NEI
1993-09-19 14:10:56.180,19,9,1993,14,14.362,-93.325,18.0,6.4,Ms,393.0,1.2,NEI
1993-09-20 10:17:42.060,20,9,1993,10,0.75,-29.3539999999999,10.0,6.0,Ms,371.0,1.44,NEI
1993-09-21 05:45:35.230,21,9,1993,5,42.3575,-122.0583,10.3,6.0,Mc,17.0,0.08,UW
1993-09-22 12:37:03.520,22,9,1993,12,-6.47,154.901,27.5,6.1,Mb,587.0,0.95,NEI
1993-09-26 03:31:14.630,26,9,1993,3,9.997,138.222,10.0,6.1,Mb,382.0,1.07,NEI
1993-09-27 13:37:32.970,27,9,1993,13,-53.651,-51.621,33.0,6.6,Ms,189.0,1.19,NEI
1993-09-29 11:16:03.540,29,9,1993,11,0.494,121.528,96.6,6.4,Unk,326.0,1.16,NEI
1993-09-29 22:25:48.620,29,9,1993,22,18.0659999999999,76.45099999999991,6.8,6.3,Mb,625.0,0.98,NEI
1993-09-30 18:27:50.810,30,9,1993,18,15.417,-94.69799999999991,19.2,6.4,Ms,346.0,1.08,NEI
1993-10-02 08:42:32.710,2,10,1993,8,38.189999999999905,88.6629999999999,14.1,6.3,Ms,556.0,1.12,NEI
1993-10-05 05:09:45.760,5,10,1993,5,-6.13,128.965,13.1,6.1,Ms,245.0,1.22,NEI
1993-10-11 13:07:29.560,11,10,1993,13,-17.8449999999999,-178.726,554.5,6.0,Unk,457.0,1.03,NEI
1993-10-11 15:54:21.240,11,10,1993,15,32.02,137.831999999999,350.7,6.9,Unk,668.0,0.98,NEI
1993-10-13 02:06:00.340,13,10,1993,2,-5.889,146.02,25.3,7.0,Ms,423.0,1.27,NEI
1993-10-13 03:07:30.990,13,10,1993,3,-5.932,146.152999999999,33.0,6.7,Ms,267.0,1.17,NEI
1993-10-16 03:05:30.300,16,10,1993,3,-5.898,146.202,27.1,6.4,Ms,382.0,0.99,NEI
1993-10-19 04:02:21.900,19,10,1993,4,-22.378,-65.971,272.0,6.0,Unk,416.0,1.1,NEI
1993-10-24 07:52:15.630,24,10,1993,7,16.7549999999999,-98.7169999999999,20.7,6.7,Ms,506.0,0.96,NEI
1993-10-25 10:27:04.510,25,10,1993,10,-5.909,145.99,30.4,7.0,Ms,416.0,1.15,NEI
1993-10-30 17:59:02.770,30,10,1993,17,-31.704,-68.2319999999999,107.3,6.3,Unk,293.0,1.02,NEI
1993-11-05 22:37:20.180,5,11,1993,22,-3.188,148.339,14.4,6.2,Ms,208.0,1.23,NEI
1993-11-11 00:28:33.540,11,11,1993,0,50.2,-177.446,18.8,6.3,Mb,623.0,0.96,NEI
1993-11-13 01:18:04.180,13,11,1993,1,51.933999999999905,158.646999999999,34.0,7.0,Ms,699.0,0.96,NEI
1993-11-17 11:18:51.620,17,11,1993,11,51.816,158.658999999999,33.2,6.1,Mb,574.0,0.91,NEI
1993-11-19 01:43:23.780,19,11,1993,1,54.28699999999991,-164.163999999999,30.3,6.4,Ms,634.0,1.25,NEI
1993-11-20 19:24:53.340,20,11,1993,19,60.0257,-153.0258,121.36,6.0,ML,50.0,0.2,AK
1993-11-26 23:20:04.170,26,11,1993,23,-9.597,158.148,17.1,6.2,Ms,246.0,1.1,NEI
1993-12-09 04:32:19.520,9,12,1993,4,0.486,125.995,14.5,6.7,Ms,493.0,1.2,NEI
1993-12-09 11:38:27.960,9,12,1993,11,0.425,125.891,15.9,6.4,Ms,362.0,1.17,NEI
1993-12-14 06:31:19.330,14,12,1993,6,-20.704,-173.450999999999,30.6,6.1,Ms,120.0,1.13,NEI
1993-12-20 13:56:14.870,20,12,1993,13,-6.876,131.34,7.7,6.4,Mb,433.0,1.2,NEI
1993-12-29 07:48:14.200,29,12,1993,7,-20.23,169.788999999999,33.0,6.1,Mb,339.0,1.13,NEI
1993-12-29 08:39:44.830,29,12,1993,8,-19.9899999999999,169.857,33.0,6.1,Mb,286.0,1.09,NEI
1994-01-03 13:24:13.840,3,1,1994,13,-49.265,164.222,15.5,6.0,Ms,185.0,1.19,NEI
1994-01-04 19:31:59.880,4,1,1994,19,-4.301,135.145,11.0,6.0,Ms,139.0,1.13,NEI
1994-01-10 15:53:50.110,10,1,1994,15,-13.339,-69.4459999999999,596.0,6.9,Unk,601.0,0.96,NEI
1994-01-11 00:51:56.380,11,1,1994,0,25.231,97.203,9.9,6.0,Mb,365.0,1.07,NEI
1994-01-17 12:30:55.390,17,1,1994,12,34.213,-118.537,18.4,6.7,Mw,147.0,0.31,CI
1994-01-19 01:53:34.900,19,1,1994,1,-3.176,135.97,23.2,6.8,Ms,283.0,1.22,NEI
1994-01-19 16:26:48.060,19,1,1994,16,-17.584,-178.495,533.3,6.1,Unk,212.0,1.13,NEI
1994-01-20 09:06:52.770,20,1,1994,9,-6.002,-77.052,122.5,6.0,Unk,391.0,0.91,NEI
1994-01-21 02:24:29.960,21,1,1994,2,1.015,127.733,19.9,7.2,Ms,260.0,1.19,NEI
1994-01-21 18:00:17.670,21,1,1994,18,-4.859,103.664,89.9,6.1,Mb,447.0,0.87,NEI
1994-01-30 20:57:43.480,30,1,1994,20,-29.184,-177.589,60.8,6.0,Unk,247.0,1.08,NEI
1994-02-05 23:34:09.970,5,2,1994,23,0.593,30.0369999999999,14.2,6.0,Ms,413.0,1.14,NEI
1994-02-11 21:17:31.120,11,2,1994,21,-18.773,169.169,205.7,6.9,Unk,576.0,1.16,NEI
1994-02-12 04:16:26.890,12,2,1994,4,-10.786,-128.798,15.0,6.6,Ms,373.0,1.3,NEI
1994-02-12 17:58:23.990,12,2,1994,17,-20.553,169.360999999999,27.7,7.1,Ms,536.0,1.04,NEI
1994-02-15 17:07:43.800,15,2,1994,17,-4.967,104.302,23.1,7.0,Ms,360.0,1.28,NEI
1994-02-15 21:11:56.420,15,2,1994,21,-20.399,168.866,19.5,6.4,Ms,211.0,1.35,NEI
1994-02-16 06:46:57.020,16,2,1994,6,-20.094,168.906,12.9,6.3,Ms,204.0,1.05,NEI
1994-02-16 06:48:58.040,16,2,1994,6,-18.991,168.133999999999,13.3,6.4,Ms,55.0,1.44,NEI
1994-02-18 04:19:07.570,18,2,1994,4,-45.329999999999906,96.2319999999999,10.0,6.1,Ms,103.0,1.27,NEI
1994-02-23 08:02:04.720,23,2,1994,8,30.853,60.595999999999904,6.0,6.1,Ms,510.0,1.0,NEI
1994-02-24 00:11:12.320,24,2,1994,0,30.7749999999999,60.494999999999905,9.6,6.1,Ms,479.0,0.87,NEI
1994-02-24 15:25:35.820,24,2,1994,15,-17.4209999999999,-174.287,124.2,6.1,Unk,343.0,1.0,NEI
1994-02-26 02:31:11.090,26,2,1994,2,30.8969999999999,60.54899999999991,9.4,6.0,Ms,391.0,1.18,NEI
1994-03-01 03:49:00.830,1,3,1994,3,29.096,52.616999999999905,12.9,6.0,Ms,407.0,1.11,NEI
1994-03-09 23:28:06.780,9,3,1994,23,-18.039,-178.413,562.5,7.6,Unk,655.0,0.98,NEI
1994-03-09 23:50:24.250,9,3,1994,23,-17.9849999999999,-178.257,590.9,6.0,Mb,90.0,0.96,NEI
1994-03-14 04:30:07.660,14,3,1994,4,-1.083,-23.9289999999999,10.0,6.0,Mb,156.0,1.34,NEI
1994-03-14 04:30:15.750,14,3,1994,4,-1.278,-23.5689999999999,10.0,6.4,Ms,220.0,1.39,NEI
1994-03-31 22:40:52.150,31,3,1994,22,-22.0569999999999,-179.532999999999,579.8,6.5,Unk,491.0,0.94,NEI
1994-04-05 09:35:44.880,5,4,1994,9,51.29599999999991,-178.151999999999,19.6,6.0,Ms,480.0,0.94,NEI
1994-04-08 01:10:40.840,8,4,1994,1,40.607999999999905,143.682999999999,13.3,6.0,Mb,418.0,0.98,NEI
1994-04-10 17:36:57.160,10,4,1994,17,14.72,-92.004,100.1,6.0,Unk,231.0,1.07,NEI
1994-04-13 22:22:29.900,13,4,1994,22,-3.136,135.967999999999,28.5,6.3,Ms,318.0,1.1,NEI
1994-04-18 17:29:54.140,18,4,1994,17,-6.47,154.934,26.3,6.7,Ms,543.0,1.19,NEI
1994-04-23 15:00:52.770,23,4,1994,15,-14.175,167.537,10.8,6.0,Ms,445.0,1.07,NEI
1994-04-27 09:23:26.270,27,4,1994,9,-21.515,-173.667,28.1,6.2,Mb,509.0,0.94,NEI
1994-04-29 07:11:29.680,29,4,1994,7,-28.2989999999999,-63.252,561.5,6.9,Unk,539.0,0.87,NEI
1994-05-01 12:00:35.760,1,5,1994,12,36.901,67.1629999999999,18.5,6.0,Mb,460.0,1.07,NEI
1994-05-02 17:14:00.880,2,5,1994,17,-1.116,97.48699999999991,15.1,6.2,Mb,452.0,1.0,NEI
1994-05-04 06:37:36.080,4,5,1994,6,-17.047,168.264999999999,206.4,6.2,Unk,458.0,1.01,NEI
1994-05-09 12:36:37.260,9,5,1994,12,-2.06,99.73099999999991,27.6,6.0,Mb,313.0,0.97,NEI
1994-05-10 06:36:28.380,10,5,1994,6,-28.501,-63.095999999999904,600.5,6.9,Unk,601.0,0.97,NEI
1994-05-11 08:18:15.670,11,5,1994,8,-2.008,99.76999999999991,20.5,6.3,Ms,455.0,1.0,NEI
1994-05-18 03:54:00.550,18,5,1994,3,44.726999999999904,149.401,26.0,6.0,Mb,507.0,1.01,NEI
1994-05-23 01:41:42.290,23,5,1994,1,18.1649999999999,-100.527,55.3,6.3,Unk,450.0,1.04,NEI
1994-05-23 05:36:01.630,23,5,1994,5,24.166,122.535,19.8,6.0,Ms,366.0,0.96,NEI
1994-05-23 06:46:16.120,23,5,1994,6,35.5589999999999,24.727,76.0,6.1,Unk,523.0,1.0,NEI
1994-05-23 15:16:57.160,23,5,1994,15,24.065,122.56,25.5,6.0,Mb,366.0,1.04,NEI
1994-05-24 04:00:42.180,24,5,1994,4,23.959,122.447999999999,16.3,6.2,Mb,437.0,1.16,NEI
1994-05-24 21:13:19.330,24,5,1994,21,56.17,161.169,95.2,6.3,Unk,509.0,0.88,NEI
1994-05-25 04:03:41.260,25,5,1994,4,-4.199,135.489,33.0,6.4,Ms,234.0,1.21,NEI
1994-05-29 14:11:50.960,29,5,1994,14,20.556,94.1599999999999,35.6,6.2,Ms,564.0,1.02,NEI
1994-05-31 17:41:55.580,31,5,1994,17,7.414,-72.033,11.6,6.3,Mb,487.0,0.91,NEI
1994-06-02 18:17:34.020,2,6,1994,18,-10.477,112.834999999999,18.4,7.2,Ms,139.0,1.1,NEI
1994-06-03 21:06:59.880,3,6,1994,21,-10.362,112.892,25.9,6.4,Ms,332.0,1.16,NEI
1994-06-04 00:57:50.660,4,6,1994,0,-10.7769999999999,113.366,11.2,6.3,Ms,295.0,1.23,NEI
1994-06-05 01:09:30.150,5,6,1994,1,24.5109999999999,121.905,11.4,6.1,Mb,421.0,1.19,NEI
1994-06-05 01:45:02.160,5,6,1994,1,-10.349,113.398,25.9,6.1,Unk,142.0,1.29,NEI
1994-06-06 20:47:40.530,6,6,1994,20,2.917,-76.057,12.1,6.6,Ms,582.0,1.1,NEI
1994-06-09 00:33:16.230,9,6,1994,0,-13.8409999999999,-67.5529999999999,631.3,8.2,Unk,676.0,1.13,NEI
1994-06-09 01:15:17.880,9,6,1994,1,-14.365,-68.43899999999991,650.0,6.1,Mb,59.0,1.34,NEI
1994-06-09 16:22:22.090,9,6,1994,16,13.259,124.281,75.9,6.2,Unk,281.0,1.07,NEI
1994-06-13 21:15:02.650,13,6,1994,21,-5.472,151.841,17.5,6.0,Ms,229.0,1.1,NEI
1994-06-15 09:22:57.220,15,6,1994,9,-10.335,113.66,19.9,6.1,Ms,334.0,1.4,NEI
1994-06-16 10:12:46.920,16,6,1994,10,-7.391,128.125,108.6,6.0,Mb,402.0,1.11,NEI
1994-06-16 18:41:28.280,16,6,1994,18,-15.25,-70.2939999999999,199.5,6.0,Unk,401.0,0.98,NEI
1994-06-18 03:25:15.830,18,6,1994,3,-42.963,171.657999999999,13.6,7.1,Ms,339.0,1.26,NEI
1994-06-30 09:23:21.350,30,6,1994,9,36.326,71.12999999999991,226.6,6.5,Unk,588.0,0.92,NEI
1994-07-01 10:12:41.210,1,7,1994,10,40.23199999999991,53.383,40.8,6.0,Mb,516.0,1.03,NEI
1994-07-04 21:36:41.960,4,7,1994,21,14.888,-97.322,14.6,6.1,Mb,442.0,1.05,NEI
1994-07-13 02:35:56.020,13,7,1994,2,-16.62,167.518,33.0,7.3,Ms,390.0,1.29,NEI
1994-07-13 03:13:19.310,13,7,1994,3,-16.812,167.249,33.0,6.7,Unk,341.0,1.28,NEI
1994-07-13 11:45:23.360,13,7,1994,11,-7.532,127.77,158.8,6.8,Unk,679.0,1.06,NEI
1994-07-21 18:36:31.740,21,7,1994,18,42.34,132.865,471.4,7.3,Unk,833.0,0.88,NEI
1994-07-24 17:55:40.380,24,7,1994,17,-16.966,167.574,20.5,6.5,Ms,334.0,1.25,NEI
1994-07-24 21:57:27.400,24,7,1994,21,-10.654,113.269,34.3,6.0,Mb,199.0,1.14,NEI
1994-07-25 22:00:22.980,25,7,1994,22,-56.362,-27.3649999999999,81.3,6.6,Unk,287.0,1.17,NEI
1994-07-29 00:17:45.410,29,7,1994,0,52.398,-168.333,11.0,6.0,Mb,478.0,1.03,NEI
1994-08-02 14:17:52.190,2,8,1994,14,52.427999999999905,158.044,144.7,6.0,Mb,630.0,0.91,NEI
1994-08-04 22:15:37.770,4,8,1994,22,-6.338,131.574999999999,33.0,6.2,Mb,405.0,0.92,NEI
1994-08-08 21:08:31.660,8,8,1994,21,24.721,95.2,121.7,6.1,Unk,538.0,1.02,NEI
1994-08-14 00:46:20.440,14,8,1994,0,44.709,150.103,16.9,6.0,Mb,529.0,1.03,NEI
1994-08-14 01:31:12.940,14,8,1994,1,44.694,150.011,19.0,6.2,Mb,563.0,1.08,NEI
1994-08-18 00:45:47.200,18,8,1994,0,-7.433,31.751,25.2,6.0,Mb,408.0,1.0,NEI
1994-08-18 04:42:57.380,18,8,1994,4,44.767,150.157999999999,14.7,6.2,Mb,602.0,1.08,NEI
1994-08-19 10:02:51.830,19,8,1994,10,-26.6419999999999,-63.42099999999991,563.6,6.5,Unk,615.0,0.93,NEI
1994-08-20 02:21:11.090,20,8,1994,2,44.606,149.324999999999,22.9,6.0,Mb,461.0,0.94,NEI
1994-08-20 04:38:50.570,20,8,1994,4,44.655999999999906,149.175999999999,24.4,6.2,Mb,541.0,1.1,NEI
1994-08-22 17:26:37.590,22,8,1994,17,-11.509,166.452,142.1,6.2,Mb,454.0,0.88,NEI
1994-08-28 18:37:20.670,28,8,1994,18,44.783,150.061,18.6,6.6,Ms,502.0,1.15,NEI
1994-08-30 06:13:35.830,30,8,1994,6,44.737,150.116999999999,50.6,6.2,Mb,528.0,0.84,NEI
1994-08-30 19:42:46.510,30,8,1994,19,-6.965,124.111,595.6,6.2,Unk,369.0,1.0,NEI
1994-08-31 09:07:25.930,31,8,1994,9,43.719,146.013,76.0,6.2,Unk,582.0,0.87,NEI
1994-09-01 15:15:53.080,1,9,1994,15,40.402,-125.68,10.0,7.0,Ms,624.0,1.01,NEI
1994-09-03 17:46:41.560,3,9,1994,17,-21.212,173.639999999999,33.0,6.2,Ms,189.0,1.22,NEI
1994-09-16 06:20:18.740,16,9,1994,6,22.5279999999999,118.711,13.1,6.7,Ms,525.0,1.16,NEI
1994-09-23 07:59:38.920,23,9,1994,7,-3.379,148.537,33.0,6.0,Ms,205.0,1.18,NEI
1994-09-28 16:39:51.670,28,9,1994,16,-5.786,110.352,637.5,6.6,Unk,554.0,1.0,NEI
1994-09-28 17:33:58.210,28,9,1994,17,-5.731,110.364,628.2,6.0,Unk,298.0,0.94,NEI
1994-10-01 16:35:20.790,1,10,1994,16,-17.745,167.681999999999,16.6,6.5,Ms,378.0,1.14,NEI
1994-10-01 17:46:37.580,1,10,1994,17,-17.768,167.83,33.0,6.3,Ms,326.0,1.06,NEI
1994-10-04 13:22:55.840,4,10,1994,13,43.773,147.321,14.0,8.1,Ms,672.0,0.93,NEI
1994-10-04 13:42:52.310,4,10,1994,13,43.787999999999904,147.187,61.2,6.1,Mb,229.0,1.22,NEI
1994-10-04 15:24:15.980,4,10,1994,15,43.526,147.907999999999,19.5,6.3,Mb,485.0,0.97,NEI
1994-10-04 16:01:02.470,4,10,1994,16,43.706,147.991,15.5,6.3,Mb,507.0,0.94,NEI
1994-10-04 16:06:20.640,4,10,1994,16,43.43,147.901999999999,17.7,6.0,Mb,259.0,1.26,NEI
1994-10-04 19:16:28.980,4,10,1994,19,43.774,147.503999999999,34.9,6.0,Mb,506.0,0.87,NEI
1994-10-05 20:37:29.310,5,10,1994,20,43.591999999999906,147.449,13.2,6.0,Unk,451.0,0.89,NEI
1994-10-05 20:39:48.420,5,10,1994,20,43.954,147.336,40.0,6.2,Mb,474.0,0.91,NEI
1994-10-07 02:36:09.290,7,10,1994,2,43.613999999999905,147.288999999999,52.0,6.1,Mb,539.0,0.83,NEI
1994-10-07 15:24:03.440,7,10,1994,15,42.877,146.062999999999,23.6,6.0,Mb,423.0,0.85,NEI
1994-10-08 21:44:07.210,8,10,1994,21,-1.258,127.98,16.6,6.8,Ms,260.0,1.23,NEI
1994-10-09 07:55:39.580,9,10,1994,7,43.905,147.916,33.0,7.1,Ms,644.0,0.9,NEI
1994-10-13 05:04:24.980,13,10,1994,5,-1.212,127.912,10.7,6.3,Ms,269.0,1.31,NEI
1994-10-15 00:39:25.490,15,10,1994,0,-3.804,152.148,8.8,6.1,Ms,152.0,1.06,NEI
1994-10-16 05:10:00.930,16,10,1994,5,45.749,149.167,116.6,6.8,Unk,665.0,0.93,NEI
1994-10-18 17:12:50.920,18,10,1994,17,43.576,147.097,60.3,6.2,Mb,556.0,0.84,NEI
1994-10-20 01:15:16.180,20,10,1994,1,-39.186999999999905,-70.811,161.8,6.0,Unk,279.0,1.04,NEI
1994-10-25 00:54:34.300,25,10,1994,0,36.359,70.95699999999991,238.7,6.2,Unk,566.0,1.03,NEI
1994-10-27 22:20:28.540,27,10,1994,22,-25.7779999999999,179.339,518.7,6.7,Unk,457.0,1.0,NEI
1994-10-31 11:48:13.920,31,10,1994,11,3.019,96.19199999999991,29.4,6.2,Ms,377.0,1.08,NEI
1994-11-04 01:13:20.150,4,11,1994,1,-9.379,-71.334,591.3,6.1,Unk,538.0,0.99,NEI
1994-11-05 02:16:03.320,5,11,1994,2,-57.192999999999905,157.858,24.7,6.1,Ms,202.0,1.24,NEI
1994-11-09 18:21:02.680,9,11,1994,18,43.555999999999905,147.144,53.8,6.2,Mb,609.0,0.83,NEI
1994-11-14 19:15:30.660,14,11,1994,19,13.525,121.066999999999,31.5,7.1,Ms,411.0,1.11,NEI
1994-11-15 20:18:11.310,15,11,1994,20,-5.589,110.186,560.6,6.5,Unk,672.0,0.94,NEI
1994-11-20 16:59:05.630,20,11,1994,16,-2.001,135.931999999999,16.0,6.3,Ms,193.0,1.13,NEI
1994-11-20 18:34:34.490,20,11,1994,18,4.33,97.59099999999991,153.4,6.1,Unk,422.0,1.26,NEI
1994-12-07 03:37:54.830,7,12,1994,3,-23.422,-66.63899999999991,235.0,6.0,Unk,351.0,1.25,NEI
1994-12-10 16:17:38.510,10,12,1994,16,18.1359999999999,-101.384,48.1,6.6,Mb,554.0,1.15,NEI
1994-12-12 07:41:55.410,12,12,1994,7,-17.477,-69.5979999999999,148.2,6.3,Unk,449.0,1.26,NEI
1994-12-15 11:20:22.150,15,12,1994,11,-37.281999999999904,177.523,33.0,6.4,Ms,94.0,1.31,NEI
1994-12-27 17:32:50.810,27,12,1994,17,-31.965,179.86,212.4,6.4,Unk,487.0,0.98,NEI
1994-12-28 12:19:23.030,28,12,1994,12,40.524999999999906,143.419,26.5,7.5,Ms,470.0,1.06,NEI
1994-12-28 22:23:55.890,28,12,1994,22,-32.9609999999999,179.861999999999,54.4,6.0,Ms,40.0,1.54,NEI
1994-12-30 15:12:25.280,30,12,1994,15,18.552,145.363,219.2,6.3,Unk,319.0,1.01,NEI
1995-01-01 06:59:55.950,1,1,1995,6,40.701,143.549,15.2,6.2,Ms,377.0,1.14,NEI
1995-01-03 16:11:57.090,3,1,1995,16,-57.698999999999906,-65.88299999999991,13.9,6.2,Mb,355.0,0.95,NEI
1995-01-06 22:37:34.320,6,1,1995,22,40.246,142.175,26.9,6.9,Ms,611.0,0.87,NEI
1995-01-07 02:36:06.770,7,1,1995,2,40.258,142.364,32.0,6.3,Mb,510.0,0.81,NEI
1995-01-12 10:26:47.430,12,1,1995,10,44.061,147.032999999999,34.9,6.1,Mb,494.0,1.0,NEI
1995-01-16 18:14:49.460,16,1,1995,18,51.259999999999906,179.168,33.0,6.1,Ms,370.0,0.97,NEI
1995-01-16 20:46:52.120,16,1,1995,20,34.5829999999999,135.018,21.9,6.8,Ms,503.0,1.0,NEI
1995-01-17 16:54:11.810,17,1,1995,16,-20.8329999999999,-179.235999999999,633.5,6.3,Unk,375.0,1.01,NEI
1995-01-19 15:05:03.410,19,1,1995,15,5.05,-72.9159999999999,17.3,6.6,Ms,607.0,0.95,NEI
1995-01-21 07:30:22.950,21,1,1995,7,2.563,126.882,42.2,6.2,Mb,342.0,1.14,NEI
1995-01-21 08:47:29.640,21,1,1995,8,43.377,146.72,58.9,6.5,Mb,621.0,0.83,NEI
1995-01-24 22:36:34.190,24,1,1995,22,-5.902,154.491999999999,24.5,6.1,Ms,163.0,1.06,NEI
1995-01-27 20:16:52.170,27,1,1995,20,-4.434,134.476,22.3,6.8,Ms,196.0,1.21,NEI
1995-02-03 02:31:35.240,3,2,1995,2,-62.710999999999906,155.666,10.0,6.3,Ms,127.0,1.06,NEI
1995-02-05 22:51:05.140,5,2,1995,22,-37.759,178.752,21.1,7.5,Ms,566.0,1.01,NEI
1995-02-08 18:40:25.380,8,2,1995,18,4.104,-76.622,73.5,6.4,Unk,568.0,0.94,NEI
1995-02-10 01:45:03.910,10,2,1995,1,-37.854999999999905,178.602,28.3,6.4,Ms,223.0,1.25,NEI
1995-02-12 20:13:37.240,12,2,1995,20,59.436999999999905,-153.125699999999,110.26,6.1,ML,31.0,0.22,AK
1995-02-13 00:11:47.060,13,2,1995,0,-37.621,178.628999999999,28.2,6.2,Ms,130.0,1.24,NEI
1995-02-13 08:43:37.250,13,2,1995,8,-1.278,127.444,14.2,6.2,Mb,183.0,1.12,NEI
1995-02-13 12:29:53.080,13,2,1995,12,-1.31,127.429,17.2,6.0,Mb,195.0,1.14,NEI
1995-02-13 15:04:24.080,13,2,1995,15,-1.318,127.438,14.2,6.7,Ms,348.0,1.21,NEI
1995-02-14 15:53:55.710,14,2,1995,15,-23.366,-67.688,147.4,6.0,Unk,302.0,1.02,NEI
1995-02-19 00:17:45.190,19,2,1995,0,5.244,126.265,75.8,6.1,Mb,338.0,1.1,NEI
1995-02-19 04:03:16.190,19,2,1995,4,40.555999999999905,-125.539,10.0,6.8,Ms,527.0,1.14,NEI
1995-02-23 05:27:39.880,23,2,1995,5,39.787999999999904,143.572,33.0,6.1,Unk,206.0,1.17,NEI
1995-03-08 03:45:58.690,8,3,1995,3,16.562,-59.558999999999905,8.1,6.3,Mb,637.0,0.81,NEI
1995-03-12 12:09:41.760,12,3,1995,12,-5.346,146.730999999999,217.0,6.0,Unk,283.0,1.03,NEI
1995-03-14 17:33:50.750,14,3,1995,17,54.776,-161.339,35.1,6.1,Mb,563.0,1.0,NEI
1995-03-19 18:34:04.480,19,3,1995,18,-4.231,135.013,19.2,6.1,Ms,196.0,1.25,NEI
1995-03-19 23:53:14.920,19,3,1995,23,-4.183,135.109,33.0,7.1,Ms,334.0,1.37,NEI
1995-03-25 22:44:28.910,25,3,1995,22,-10.9979999999999,166.122999999999,79.4,6.2,Unk,356.0,0.92,NEI
1995-03-31 14:01:40.080,31,3,1995,14,38.212,135.012,354.4,6.2,Unk,631.0,0.75,NEI
1995-04-07 22:06:56.890,7,4,1995,22,-15.199,-173.529,21.2,8.0,Ms,670.0,1.1,NEI
1995-04-08 17:45:12.920,8,4,1995,17,21.8329999999999,142.691,267.4,6.7,Unk,385.0,0.87,NEI
1995-04-13 02:34:37.950,13,4,1995,2,-13.446,170.434,637.7,6.2,Unk,435.0,1.02,NEI
1995-04-17 23:28:06.890,17,4,1995,23,45.927999999999905,151.282999999999,23.1,6.4,Ms,651.0,0.96,NEI
1995-04-20 08:45:11.670,20,4,1995,8,6.279,126.777,94.1,6.6,Unk,510.0,1.06,NEI
1995-04-21 00:09:54.360,21,4,1995,0,12.0109999999999,125.656,20.1,6.2,Mb,439.0,1.02,NEI
1995-04-21 00:30:10.820,21,4,1995,0,11.925,125.563999999999,17.4,7.2,Ms,443.0,1.05,NEI
1995-04-21 00:34:46.090,21,4,1995,0,12.0589999999999,125.58,20.7,7.3,Ms,201.0,1.15,NEI
1995-04-21 05:17:01.330,21,4,1995,5,12.047,125.92,27.4,6.9,Ms,234.0,1.08,NEI
1995-04-23 02:55:55.110,23,4,1995,2,51.334,179.714,16.9,6.5,Ms,573.0,0.98,NEI
1995-04-23 05:08:01.970,23,4,1995,5,12.39,125.396,24.1,6.6,Ms,463.0,1.02,NEI
1995-04-23 06:38:11.200,23,4,1995,6,5.954,123.818,530.5,6.1,Unk,212.0,1.21,NEI
1995-04-27 12:44:41.200,27,4,1995,12,1.297,-85.031,20.2,6.0,Ms,167.0,1.37,NEI
1995-04-28 16:30:00.700,28,4,1995,16,44.072,148.003999999999,28.8,6.8,Ms,571.0,0.9,NEI
1995-04-28 17:08:43.230,28,4,1995,17,44.091,148.074,35.0,6.1,Mb,449.0,0.86,NEI
1995-04-29 09:43:57.770,29,4,1995,9,11.853,125.982,15.0,6.0,Ms,240.0,1.14,NEI
1995-05-02 06:06:05.690,2,5,1995,6,-3.792,-76.917,97.0,6.7,Unk,604.0,0.96,NEI
1995-05-04 02:18:47.920,4,5,1995,2,1.889,128.478,23.4,6.0,Mb,367.0,1.06,NEI
1995-05-05 03:53:45.050,5,5,1995,3,12.6259999999999,125.297,16.0,7.0,Ms,338.0,0.85,NEI
1995-05-05 22:48:04.460,5,5,1995,22,-18.553,168.779,116.7,6.2,Unk,414.0,0.87,NEI
1995-05-06 01:59:07.130,6,5,1995,1,24.9869999999999,95.2939999999999,117.5,6.4,Mb,589.0,0.98,NEI
1995-05-08 18:08:06.290,8,5,1995,18,11.465,125.962,12.0,6.2,Ms,68.0,1.09,NEI
1995-05-13 08:47:12.730,13,5,1995,8,40.149,21.695,14.0,6.6,Ms,580.0,1.18,NEI
1995-05-14 11:33:18.870,14,5,1995,11,-8.378,125.127,11.2,6.9,Ms,299.0,1.41,NEI
1995-05-16 20:12:44.220,16,5,1995,20,-23.0079999999999,169.9,20.2,7.7,Ms,592.0,1.29,NEI
1995-05-17 11:23:49.540,17,5,1995,11,-23.03,170.108,19.7,6.5,Ms,347.0,1.37,NEI
1995-05-18 00:06:27.460,18,5,1995,0,-0.893,-21.9959999999999,12.2,6.2,Ms,536.0,0.99,NEI
1995-05-22 03:45:02.680,22,5,1995,3,-22.795,170.009999999999,18.6,6.0,Ms,355.0,1.07,NEI
1995-05-23 22:10:11.840,23,5,1995,22,-55.945,-3.361,10.0,6.5,Ms,80.0,1.27,NEI
1995-05-26 03:11:17.180,26,5,1995,3,12.115,57.939,62.4,6.5,Unk,224.0,1.04,NEI
1995-05-27 13:03:52.650,27,5,1995,13,52.628999999999905,142.827,11.0,7.5,Ms,599.0,0.95,NEI
1995-05-29 07:29:45.740,29,5,1995,7,-10.246,164.001,26.4,6.4,Ms,287.0,1.15,NEI
1995-06-15 00:15:48.730,15,6,1995,0,38.401,22.283,14.2,6.1,Mb,606.0,1.27,NEI
1995-06-21 15:28:51.710,21,6,1995,15,-61.673,154.765999999999,10.0,6.7,Ms,230.0,1.32,NEI
1995-06-24 06:58:06.690,24,6,1995,6,-3.959,153.93,386.0,6.8,Unk,496.0,1.02,NEI
1995-06-25 02:10:39.770,25,6,1995,2,-3.321,150.458,32.3,6.3,Ms,192.0,1.03,NEI
1995-06-29 07:45:09.940,29,6,1995,7,48.79299999999991,154.446,64.1,6.0,Unk,476.0,0.8,NEI
1995-06-29 12:24:03.250,29,6,1995,12,-19.544,169.287,139.4,6.9,Unk,466.0,0.98,NEI
1995-07-03 19:50:50.620,3,7,1995,19,-29.2109999999999,-177.589,35.3,7.2,Ms,538.0,1.16,NEI
1995-07-03 21:56:51.420,3,7,1995,21,-29.117,-177.627,54.4,6.1,Mb,400.0,0.96,NEI
1995-07-07 21:15:19.700,7,7,1995,21,33.972,137.127,333.3,6.0,Unk,548.0,0.94,NEI
1995-07-08 17:15:25.760,8,7,1995,17,53.578,-163.74,21.1,6.0,Mb,482.0,1.19,NEI
1995-07-11 21:46:39.780,11,7,1995,21,21.966,99.1959999999999,12.5,7.1,Ms,411.0,1.27,NEI
1995-07-12 15:46:56.850,12,7,1995,15,-23.26,170.865,11.4,6.4,Ms,467.0,1.05,NEI
1995-07-26 23:42:02.780,26,7,1995,23,2.534,127.681,65.4,6.7,Unk,343.0,1.09,NEI
1995-07-27 05:51:18.940,27,7,1995,5,-12.59,79.22799999999991,16.2,6.2,Mb,482.0,0.81,NEI
1995-07-28 14:29:11.030,28,7,1995,14,-21.1819999999999,-175.394,92.4,6.6,Unk,561.0,0.82,NEI
1995-07-30 05:11:23.630,30,7,1995,5,-23.34,-70.2939999999999,45.6,7.3,Ms,489.0,1.11,NEI
1995-08-02 00:14:09.440,2,8,1995,0,-23.23,-70.677,33.0,6.0,Mw,198.0,1.34,NEI
1995-08-03 01:57:19.900,3,8,1995,1,-23.062,-70.58799999999991,16.8,6.4,Mw,281.0,1.17,NEI
1995-08-07 19:44:25.430,7,8,1995,19,4.041,143.77,12.6,6.2,Mw,182.0,1.33,NEI
1995-08-14 04:37:17.500,14,8,1995,4,-4.836,151.514999999999,127.9,6.7,Me,549.0,1.0,NEI
1995-08-16 10:27:28.630,16,8,1995,10,-5.799,154.178,30.1,7.7,Mw,459.0,1.25,NEI
1995-08-16 16:24:26.520,16,8,1995,16,-5.429,153.773,18.7,6.6,Mw,391.0,1.08,NEI
1995-08-16 23:10:23.980,16,8,1995,23,-5.771,154.347,33.0,7.2,Me,365.0,1.23,NEI
1995-08-17 00:15:50.470,17,8,1995,0,-5.934,154.212999999999,14.1,6.4,Mw,296.0,1.13,NEI
1995-08-17 05:35:37.170,17,8,1995,5,-21.8479999999999,170.436,73.1,6.1,Mw,215.0,0.93,NEI
1995-08-17 10:01:25.990,17,8,1995,10,-5.168,153.447,21.0,6.4,Mw,252.0,1.25,NEI
1995-08-18 02:16:25.990,18,8,1995,2,-55.933999999999905,-28.832,41.9,6.2,Me,211.0,1.28,NEI
1995-08-19 21:43:31.920,19,8,1995,21,5.139,-75.5769999999999,119.6,6.6,Mw,621.0,1.02,NEI
1995-08-23 07:06:02.760,23,8,1995,7,18.856,145.217999999999,594.9,7.1,Me,623.0,0.88,NEI
1995-08-23 13:14:42.430,23,8,1995,13,-56.883,-141.654,12.0,6.3,Me,336.0,1.03,NEI
1995-08-24 01:55:34.630,24,8,1995,1,18.902,145.047,587.7,6.2,Me,510.0,0.93,NEI
1995-08-24 07:54:42.970,24,8,1995,7,18.823,145.042,612.4,6.1,Mw,324.0,1.0,NEI
1995-08-24 07:55:26.240,24,8,1995,7,18.849,145.089,585.8,6.2,Mw,161.0,0.99,NEI
1995-08-25 16:51:46.600,25,8,1995,16,-18.686,-175.408999999999,224.5,6.0,Mw,285.0,1.02,NEI
1995-08-26 06:57:16.630,26,8,1995,6,-5.643,153.541,17.3,6.0,Me,206.0,1.2,NEI
1995-08-28 10:46:12.060,28,8,1995,10,26.0919999999999,-110.284,12.2,6.6,Mw,207.0,1.13,NEI
1995-08-29 07:25:49.250,29,8,1995,7,-47.936999999999905,99.4669999999999,10.0,6.4,Mw,154.0,1.1,NEI
1995-08-29 08:51:30.730,29,8,1995,8,-21.1589999999999,-174.354,18.8,6.1,Mw,180.0,0.99,NEI
1995-08-31 17:10:35.080,31,8,1995,17,-15.8379999999999,166.425999999999,16.8,6.4,Mw,460.0,0.95,NEI
1995-09-06 22:48:49.600,6,9,1995,22,14.943,-94.253,12.4,6.0,Me,333.0,1.01,NEI
1995-09-08 01:15:28.290,8,9,1995,1,-56.222,-122.419,10.0,6.3,Mw,192.0,1.03,NEI
1995-09-14 14:04:31.430,14,9,1995,14,16.779,-98.59699999999991,23.0,7.4,Me,565.0,1.18,NEI
1995-09-16 01:03:36.930,16,9,1995,1,-6.323,155.206999999999,151.0,6.1,Me,321.0,1.06,NEI
1995-09-17 17:09:20.620,17,9,1995,17,-17.093,66.70699999999991,8.3,6.5,Mw,344.0,0.9,NEI
1995-09-18 06:56:31.290,18,9,1995,6,-6.925,128.967999999999,180.6,6.0,Mw,164.0,1.17,NEI
1995-09-22 05:39:30.530,22,9,1995,5,-6.053,146.543,45.2,6.2,Mw,313.0,1.11,NEI
1995-09-23 02:34:12.780,23,9,1995,2,-5.968,146.634999999999,27.1,6.0,Me,271.0,1.04,NEI
1995-09-23 16:05:49.560,23,9,1995,16,-5.561,104.062,45.4,6.0,Me,382.0,0.9,NEI
1995-09-23 22:31:56.360,23,9,1995,22,-10.68,-78.581,59.9,6.5,Me,436.0,1.17,NEI
1995-09-30 10:47:58.110,30,9,1995,10,50.829,157.341,44.8,6.0,Mw,467.0,0.93,NEI
1995-10-01 15:57:16.200,1,10,1995,15,38.063,30.134,33.0,6.4,Mw,491.0,1.1,NEI
1995-10-01 17:06:03.450,1,10,1995,17,29.311,139.039999999999,430.8,6.1,Mw,454.0,0.9,NEI
1995-10-02 23:48:23.260,2,10,1995,23,-15.221,-174.934,33.0,6.1,Mw,182.0,1.28,NEI
1995-10-03 01:51:23.900,3,10,1995,1,-2.75,-77.881,24.4,7.0,Me,650.0,0.94,NEI
1995-10-03 12:44:58.090,3,10,1995,12,-2.778,-77.8509999999999,16.7,6.5,Me,527.0,0.95,NEI
1995-10-06 05:23:18.540,6,10,1995,5,65.17019999999991,-148.5653,9.09,6.2,ML,18.0,0.18,AK
1995-10-06 11:39:34.810,6,10,1995,11,-20.0019999999999,-175.920999999999,197.8,6.4,Me,476.0,0.93,NEI
1995-10-06 18:09:45.900,6,10,1995,18,-2.045,101.436,33.0,6.8,Mw,356.0,1.13,NEI
1995-10-09 13:43:41.320,9,10,1995,13,-21.474,170.175999999999,104.8,6.3,Me,284.0,1.16,NEI
1995-10-09 15:35:53.910,9,10,1995,15,19.055,-104.205,33.0,8.0,Me,615.0,1.26,NEI
1995-10-12 16:52:53.000,12,10,1995,16,18.8099999999999,-104.017,16.1,6.0,Me,345.0,1.12,NEI
1995-10-12 23:41:45.350,12,10,1995,23,-35.2879999999999,-106.266,8.4,6.0,Mw,202.0,1.14,NEI
1995-10-13 15:22:23.450,13,10,1995,15,-59.014,158.28,14.4,6.1,Mw,306.0,0.97,NEI
1995-10-14 08:00:49.990,14,10,1995,8,-25.7579999999999,-177.521999999999,147.9,6.2,Me,552.0,0.99,NEI
1995-10-14 20:44:57.470,14,10,1995,20,-6.435,154.556,18.6,6.1,Mw,211.0,1.24,NEI
1995-10-15 15:04:08.160,15,10,1995,15,-6.514,154.631,14.4,6.1,Mw,213.0,1.05,NEI
1995-10-18 09:30:38.500,18,10,1995,9,36.43,70.387,222.7,6.3,Mw,456.0,1.04,NEI
1995-10-18 10:37:26.380,18,10,1995,10,27.9289999999999,130.175,28.4,7.1,Me,521.0,1.21,NEI
1995-10-18 23:25:58.770,18,10,1995,23,28.2029999999999,130.211,27.6,6.1,Me,401.0,1.16,NEI
1995-10-19 00:32:06.440,19,10,1995,0,28.164,130.156,33.0,6.3,Me,459.0,1.02,NEI
1995-10-19 02:41:36.190,19,10,1995,2,28.094,130.148,19.7,6.8,Me,439.0,1.22,NEI
1995-10-20 19:21:28.760,20,10,1995,19,18.7079999999999,145.544,224.8,6.1,Mw,165.0,1.12,NEI
1995-10-21 02:38:57.120,21,10,1995,2,16.84,-93.46899999999991,159.3,7.2,Me,640.0,1.13,NEI
1995-10-23 22:46:50.810,23,10,1995,22,26.003,102.227,10.0,6.2,Mw,460.0,1.05,NEI
1995-10-29 19:24:33.600,29,10,1995,19,0.858,125.886,68.8,6.0,Me,384.0,1.06,NEI
1995-10-29 19:40:57.920,29,10,1995,19,-21.7929999999999,-179.387,618.3,6.1,Me,468.0,0.91,NEI
1995-11-01 00:35:32.700,1,11,1995,0,-28.9059999999999,-71.417,19.9,6.7,Me,521.0,1.11,NEI
1995-11-05 16:29:58.350,5,11,1995,16,-4.92,103.22,36.2,6.3,Mw,591.0,0.87,NEI
1995-11-08 07:14:18.610,8,11,1995,7,1.833,95.0499999999999,33.0,6.9,Mw,492.0,1.08,NEI
1995-11-08 16:01:19.160,8,11,1995,16,1.29,121.678,19.8,6.0,Mw,214.0,1.04,NEI
1995-11-13 02:17:51.080,13,11,1995,2,3.588,126.647,33.0,6.3,Me,358.0,1.03,NEI
1995-11-13 07:38:42.630,13,11,1995,7,-15.114,-173.473,10.0,6.0,Me,283.0,1.01,NEI
1995-11-22 04:15:11.940,22,11,1995,4,28.826,34.7989999999999,10.0,7.2,Mw,542.0,1.29,NEI
1995-11-24 06:18:56.470,24,11,1995,6,-42.984,171.793,10.0,6.2,Mw,163.0,1.14,NEI
1995-11-24 17:24:11.870,24,11,1995,17,44.53699999999991,149.103,27.8,6.6,Me,680.0,0.87,NEI
1995-11-27 15:52:56.910,27,11,1995,15,44.567999999999905,149.143,20.5,6.3,Me,568.0,0.95,NEI
1995-11-30 15:09:22.490,30,11,1995,15,44.277,145.619,136.9,6.0,Me,651.0,0.87,NEI
1995-11-30 23:37:36.390,30,11,1995,23,44.47299999999991,149.342,23.4,6.3,Me,535.0,0.89,NEI
1995-12-01 05:20:28.830,1,12,1995,5,10.16,-104.0,10.0,6.6,Me,242.0,1.14,NEI
1995-12-02 17:13:18.630,2,12,1995,17,44.505,149.236999999999,18.1,6.6,Me,558.0,1.24,NEI
1995-12-03 18:01:08.990,3,12,1995,18,44.662999999999904,149.3,33.0,7.9,Me,703.0,1.1,NEI
1995-12-03 18:14:28.400,3,12,1995,18,44.956,150.674,33.0,6.4,Mb,487.0,1.08,NEI
1995-12-03 21:38:38.790,3,12,1995,21,44.726999999999904,150.032999999999,33.0,6.0,Mb,194.0,1.27,NEI
1995-12-05 06:32:06.100,5,12,1995,6,-9.02699999999999,124.67,33.0,6.4,Mw,240.0,1.25,NEI
1995-12-07 19:30:24.230,7,12,1995,19,44.906999999999904,149.526999999999,27.7,6.0,Me,532.0,0.99,NEI
1995-12-10 22:23:12.350,10,12,1995,22,44.35099999999991,149.741999999999,16.0,6.4,Me,471.0,0.97,NEI
1995-12-10 22:48:08.300,10,12,1995,22,44.231,149.800999999999,33.0,6.2,Mw,392.0,1.19,NEI
1995-12-10 23:46:59.690,10,12,1995,23,-21.513,-178.077,412.5,6.2,Mw,544.0,1.09,NEI
1995-12-11 14:09:23.790,11,12,1995,14,18.9259999999999,-105.471,20.0,6.4,Mw,316.0,1.34,NEI
1995-12-11 19:44:09.210,11,12,1995,19,18.5829999999999,-105.517,20.3,6.1,Mw,246.0,1.19,NEI
1995-12-19 23:28:12.180,19,12,1995,23,-3.703,140.233,63.4,6.5,Mw,397.0,1.04,NEI
1995-12-25 03:06:31.950,25,12,1995,3,-28.148,-176.794,14.8,6.1,Mw,176.0,1.13,NEI
1995-12-25 04:43:24.460,25,12,1995,4,-6.903,129.151,141.9,7.1,Me,558.0,1.04,NEI
1995-12-30 02:07:17.800,30,12,1995,2,63.2122,-150.6052,137.28,6.0,ML,24.0,0.21,AK
1995-12-30 03:26:10.980,30,12,1995,3,-4.387,-104.646,10.0,6.1,Mw,105.0,1.3,NEI
1995-12-30 12:11:05.660,30,12,1995,12,40.752,143.339,22.0,6.3,Me,357.0,0.99,NEI
1996-01-01 01:34:16.000,1,1,1996,1,-20.3909999999999,-174.234,33.0,6.0,Mw,168.0,1.16,NEI
1996-01-01 08:05:10.830,1,1,1996,8,0.729,119.931,24.0,7.9,Me,368.0,1.18,NEI
1996-01-17 10:06:46.710,17,1,1996,10,-4.399,140.068,109.1,6.1,Me,295.0,1.33,NEI
1996-01-22 23:19:57.450,22,1,1996,23,-60.613999999999905,-25.901,10.1,6.2,Me,190.0,1.03,NEI
1996-01-27 17:48:09.380,27,1,1996,17,9.18699999999999,126.416,33.0,6.0,Mw,237.0,0.95,NEI
1996-01-30 22:00:09.580,30,1,1996,22,-32.953,-178.252999999999,14.2,6.1,Mw,132.0,1.06,NEI
1996-01-30 22:29:57.150,30,1,1996,22,-32.9209999999999,-178.298,33.0,6.4,Mw,137.0,1.02,NEI
1996-01-31 20:30:42.370,31,1,1996,20,44.468,149.37,20.6,6.0,Me,465.0,0.89,NEI
1996-02-01 07:18:04.230,1,2,1996,7,44.853,146.273,170.0,6.2,Me,596.0,0.93,NEI
1996-02-03 11:14:20.120,3,2,1996,11,27.291,100.276,11.1,6.6,Me,604.0,1.16,NEI
1996-02-07 07:57:18.110,7,2,1996,7,1.019,120.187,13.8,6.1,Me,202.0,1.23,NEI
1996-02-07 21:36:46.300,7,2,1996,21,45.323999999999906,149.892,42.6,7.2,Me,642.0,1.14,NEI
1996-02-09 17:33:54.290,9,2,1996,17,-6.0,146.628999999999,68.5,6.1,Mw,227.0,1.03,NEI
1996-02-12 09:08:07.990,12,2,1996,9,-11.044,118.67,8.0,6.1,Me,249.0,1.38,NEI
1996-02-16 09:44:58.410,16,2,1996,9,-1.496,-15.279,10.6,6.6,Mw,465.0,1.07,NEI
1996-02-16 11:34:31.110,16,2,1996,11,-15.282,-173.217999999999,33.0,6.0,Mw,149.0,1.29,NEI
1996-02-16 15:22:58.830,16,2,1996,15,37.353,142.38,40.8,6.7,Me,627.0,1.07,NEI
1996-02-17 05:59:30.550,17,2,1996,5,-0.891,136.952,33.0,8.2,Me,370.0,1.33,NEI
1996-02-17 14:21:22.350,17,2,1996,14,-0.567,135.84,19.2,6.5,Me,294.0,1.14,NEI
1996-02-17 20:18:07.020,17,2,1996,20,-0.917,136.224999999999,31.9,6.5,Mw,127.0,1.27,NEI
1996-02-18 02:25:33.350,18,2,1996,2,-1.336,136.464,10.0,6.4,Mw,244.0,1.36,NEI
1996-02-18 23:49:28.160,18,2,1996,23,-1.266,-14.273,10.0,6.6,Mw,534.0,1.12,NEI
1996-02-19 07:10:06.480,19,2,1996,7,-42.131999999999906,-75.283,7.6,6.0,Me,287.0,1.1,NEI
1996-02-21 12:51:01.300,21,2,1996,12,-9.593,-79.587,10.0,7.5,Mw,238.0,1.24,NEI
1996-02-22 13:40:53.470,22,2,1996,13,-33.6719999999999,-71.671,43.3,6.0,Mw,335.0,1.05,NEI
1996-02-22 14:59:08.980,22,2,1996,14,45.262999999999906,148.542,124.2,6.3,Me,662.0,0.93,NEI
1996-02-24 15:52:59.100,24,2,1996,15,-0.869,137.346,33.0,6.2,Me,167.0,1.12,NEI
1996-02-25 03:08:15.870,25,2,1996,3,15.978,-98.06999999999991,21.1,7.1,Me,403.0,1.23,NEI
1996-02-25 09:17:57.040,25,2,1996,9,16.122,-97.93,12.3,6.2,Me,266.0,0.97,NEI
1996-02-28 09:44:10.920,28,2,1996,9,1.756,126.048,115.5,6.4,Me,435.0,1.2,NEI
1996-03-02 01:50:04.520,2,3,1996,1,-5.973,146.565,58.7,6.2,Mw,314.0,0.96,NEI
1996-03-03 14:55:11.860,3,3,1996,14,11.657,-86.85599999999991,33.0,6.8,Mw,307.0,1.32,NEI
1996-03-03 16:37:31.520,3,3,1996,16,11.9049999999999,-86.772,33.0,6.8,Mw,293.0,1.17,NEI
1996-03-05 14:52:28.680,5,3,1996,14,24.0919999999999,122.215,29.5,6.5,Mw,360.0,1.03,NEI
1996-03-09 16:15:36.240,9,3,1996,16,43.424999999999905,148.008999999999,33.0,6.1,Mw,373.0,0.95,NEI
1996-03-16 22:04:06.240,16,3,1996,22,28.983,138.943999999999,477.2,6.6,Mw,348.0,0.93,NEI
1996-03-17 14:48:56.710,17,3,1996,14,-14.705,167.297,164.4,6.7,Mw,162.0,0.87,NEI
1996-03-17 17:58:20.360,17,3,1996,17,-6.269,147.904,33.0,6.1,Mw,80.0,1.65,NEI
1996-03-19 15:00:26.090,19,3,1996,15,39.993,76.6959999999999,28.2,6.3,Mw,273.0,0.99,NEI
1996-03-22 03:24:20.010,22,3,1996,3,51.220999999999904,178.694999999999,20.4,6.8,Mw,477.0,1.15,NEI
1996-03-22 17:31:06.330,22,3,1996,17,-35.241,-179.211999999999,33.0,6.0,Mw,115.0,0.95,NEI
1996-03-24 22:19:02.690,24,3,1996,22,-55.42,146.006,10.0,6.1,Mw,73.0,1.21,NEI
1996-03-28 07:28:28.120,28,3,1996,7,11.919,57.805,10.0,6.1,Mw,197.0,1.03,NEI
1996-03-30 13:05:17.430,30,3,1996,13,52.213999999999906,-168.734,33.0,6.3,Mw,392.0,1.22,NEI
1996-03-31 23:41:43.120,31,3,1996,23,-11.178,165.644,33.0,6.0,Mw,196.0,0.96,NEI
1996-04-16 00:30:54.670,16,4,1996,0,-24.061,-177.036,110.9,7.2,Me,376.0,1.0,NEI
1996-04-19 00:19:31.190,19,4,1996,0,-23.9439999999999,-70.093,49.5,6.6,Me,295.0,1.0,NEI
1996-04-27 08:40:41.850,27,4,1996,8,2.368,-79.34099999999991,10.0,6.2,Mw,138.0,1.3,NEI
1996-04-29 14:40:41.090,29,4,1996,14,-6.518,154.999,44.0,7.2,Me,301.0,1.0,NEI
1996-05-01 09:21:24.230,1,5,1996,9,-6.659,154.848,33.0,6.1,Me,225.0,0.9,NEI
1996-05-01 10:05:09.700,1,5,1996,10,-6.741,154.895,33.0,6.1,Mw,165.0,1.0,NEI
1996-05-02 02:32:35.250,2,5,1996,2,-6.44,154.577,33.0,6.0,Mw,161.0,0.8,NEI
1996-05-02 13:34:28.990,2,5,1996,13,-4.548,154.833,500.0,6.6,Me,242.0,1.0,NEI
1996-05-03 03:32:47.110,3,5,1996,3,40.774,109.661,26.0,6.0,Mw,268.0,1.0,NEI
1996-05-07 08:44:36.610,7,5,1996,8,1.621,126.558,33.0,6.0,Me,198.0,1.1,NEI
1996-05-07 23:20:00.680,7,5,1996,23,43.707999999999906,147.607,53.9,6.2,Me,429.0,0.8,NEI
1996-05-11 13:43:45.060,11,5,1996,13,-6.605,155.038,33.0,6.3,Me,267.0,0.9,NEI
1996-05-26 01:43:44.590,26,5,1996,1,-22.1909999999999,171.474999999999,108.2,6.2,Me,172.0,1.1,NEI
1996-05-30 03:04:37.620,30,5,1996,3,-56.71999999999991,-26.311,84.0,6.0,Me,94.0,1.1,NEI
1996-06-02 02:52:09.550,2,6,1996,2,10.797,-42.253999999999905,10.0,7.0,Mw,383.0,1.1,NEI
1996-06-03 08:15:39.550,3,6,1996,8,-9.30899999999999,157.169999999999,33.0,6.0,Mw,170.0,1.2,NEI
1996-06-03 10:46:00.500,3,6,1996,10,-9.27,157.198,33.0,6.1,Mw,114.0,1.1,NEI
1996-06-03 10:50:10.720,3,6,1996,10,-9.32,157.239,10.0,6.0,Mw,197.0,1.3,NEI
1996-06-06 17:35:38.190,6,6,1996,17,-41.329,80.6659999999999,20.4,6.3,Mw,94.0,1.1,NEI
1996-06-08 23:19:15.170,8,6,1996,23,51.491,-178.127999999999,33.0,6.5,Me,328.0,0.9,NEI
1996-06-09 01:12:16.760,9,6,1996,1,17.4439999999999,145.458,149.0,6.5,Mw,220.0,1.0,NEI
1996-06-10 01:04:46.970,10,6,1996,1,-13.481,167.13,200.1,6.7,Me,301.0,1.0,NEI
1996-06-10 04:03:35.480,10,6,1996,4,51.564,-177.632,33.0,7.9,Me,508.0,0.9,NEI
1996-06-10 15:24:56.000,10,6,1996,15,51.478,-176.847,26.3,7.3,Me,333.0,1.0,NEI
1996-06-11 18:22:55.730,11,6,1996,18,12.614,125.154,33.0,7.1,Mw,307.0,0.9,NEI
1996-06-14 15:04:40.740,14,6,1996,15,12.811,125.055,28.8,6.1,Mw,200.0,1.2,NEI
1996-06-17 11:22:18.540,17,6,1996,11,-7.137,122.589,587.3,7.9,Me,476.0,1.2,NEI
1996-06-18 13:55:34.210,18,6,1996,13,-16.073,178.117999999999,33.0,6.0,Mw,209.0,1.2,NEI
1996-06-21 13:57:10.020,21,6,1996,13,51.567999999999905,159.119,20.0,7.0,Me,350.0,1.1,NEI
1996-06-22 00:32:13.470,22,6,1996,0,-53.774,8.8,10.0,6.4,Mw,88.0,1.5,NEI
1996-06-22 14:50:07.500,22,6,1996,14,51.398,159.239,33.0,6.4,Me,246.0,1.1,NEI
1996-06-22 16:47:12.910,22,6,1996,16,75.81999999999991,134.619,10.0,6.2,Mw,271.0,1.2,NEI
1996-06-23 12:45:06.900,23,6,1996,12,51.585999999999906,159.508999999999,33.0,6.2,Mw,176.0,1.0,NEI
1996-06-26 03:22:03.140,26,6,1996,3,27.727,139.747,468.5,6.3,Me,345.0,0.9,NEI
1996-06-30 11:32:35.840,30,6,1996,11,51.72599999999991,159.812,33.0,6.5,Mw,302.0,1.1,NEI
1996-07-06 21:36:28.720,6,7,1996,21,21.968,142.83,241.1,6.2,Me,244.0,0.9,NEI
1996-07-07 10:49:59.660,7,7,1996,10,58.619999999999905,157.752,10.0,6.4,Me,254.0,1.0,NEI
1996-07-15 16:51:22.070,15,7,1996,16,18.7259999999999,145.627999999999,176.5,6.3,Me,199.0,1.2,NEI
1996-07-15 21:23:34.080,15,7,1996,21,17.6,-100.965,18.3,6.8,Me,165.0,1.2,NEI
1996-07-16 03:48:28.340,16,7,1996,3,56.084,164.997999999999,33.0,6.6,Mw,205.0,1.2,NEI
1996-07-16 10:07:36.650,16,7,1996,10,1.016,120.254,33.0,6.6,Me,145.0,1.0,NEI
1996-07-18 22:55:03.460,18,7,1996,22,51.494,159.442,33.0,6.0,Mw,187.0,0.9,NEI
1996-07-20 00:00:41.880,20,7,1996,0,36.146999999999906,27.103,33.0,6.2,Me,279.0,1.0,NEI
1996-07-22 14:19:35.770,22,7,1996,14,1.0,120.45,33.0,7.0,Me,214.0,1.2,NEI
1996-07-23 03:32:12.680,23,7,1996,3,-26.753,-177.199,33.0,6.5,Mw,208.0,1.1,NEI
1996-07-23 05:20:04.280,23,7,1996,5,-26.7689999999999,-177.25,33.0,6.2,Mw,209.0,1.1,NEI
1996-07-24 20:15:44.790,24,7,1996,20,41.78399999999991,-125.911,10.0,6.2,Me,175.0,1.2,NEI
1996-07-25 12:49:37.080,25,7,1996,12,-50.149,-113.538,10.0,6.1,Mw,41.0,1.2,NEI
1996-07-28 10:40:43.650,28,7,1996,10,1.006,120.196,33.0,6.0,Mw,123.0,1.1,NEI
1996-07-30 17:38:30.710,30,7,1996,17,14.509,119.953999999999,33.0,6.1,Me,289.0,1.0,NEI
1996-08-02 12:55:29.300,2,8,1996,12,-10.769,161.444999999999,33.0,6.9,Mw,271.0,1.1,NEI
1996-08-05 02:08:58.250,5,8,1996,2,-15.2669999999999,-173.126,41.2,6.7,Mw,319.0,1.4,NEI
1996-08-05 21:39:16.250,5,8,1996,21,-1.996,-81.001,33.0,6.3,Me,308.0,1.0,NEI
1996-08-05 22:38:22.090,5,8,1996,22,-20.69,-178.31,550.2,7.4,Me,508.0,0.9,NEI
1996-08-10 11:20:19.720,10,8,1996,11,-4.938,152.131,33.0,6.2,Me,235.0,1.0,NEI
1996-08-10 18:12:17.350,10,8,1996,18,38.90899999999991,140.53,10.0,6.0,Me,369.0,0.9,NEI
1996-08-11 01:31:16.780,11,8,1996,1,-13.396,166.692,99.8,6.1,Me,234.0,1.3,NEI
1996-08-12 17:00:27.900,12,8,1996,17,-0.266,125.093999999999,42.3,6.0,Me,185.0,1.2,NEI
1996-08-15 07:33:50.590,15,8,1996,7,-13.302,166.837999999999,33.0,6.2,Me,268.0,1.2,NEI
1996-08-19 04:19:16.180,19,8,1996,4,51.451,-178.366999999999,33.0,6.0,Mw,391.0,0.9,NEI
1996-08-19 06:24:11.020,19,8,1996,6,-41.523,80.4159999999999,10.0,6.1,Mw,74.0,1.4,NEI
1996-08-22 05:35:42.060,22,8,1996,5,-7.124,123.275,595.7,6.0,Me,349.0,0.8,NEI
1996-08-27 10:50:49.420,27,8,1996,10,-36.883,78.486,10.0,6.0,Mw,70.0,1.17,NEI
1996-09-04 19:06:49.810,4,9,1996,19,9.365,-84.266,32.5,6.2,Me,321.0,0.97,NEI
1996-09-05 08:14:14.480,5,9,1996,8,-22.1179999999999,-113.436,10.0,6.9,Mw,360.0,1.06,NEI
1996-09-05 09:46:59.420,5,9,1996,9,-22.056,-113.083,10.0,6.2,Mw,215.0,0.98,NEI
1996-09-05 20:44:09.290,5,9,1996,20,42.802999999999905,17.936,10.0,6.0,Mw,360.0,1.28,NEI
1996-09-05 23:42:06.150,5,9,1996,23,21.898,121.498,20.0,6.8,Mw,372.0,1.03,NEI
1996-09-06 17:03:46.820,6,9,1996,17,-7.31,155.887,33.0,6.2,Me,198.0,1.07,NEI
1996-09-09 00:20:39.120,9,9,1996,0,-31.8999999999999,-71.56,39.0,6.0,Mw,352.0,0.93,NEI
1996-09-11 02:37:14.990,11,9,1996,2,35.5369999999999,140.943,55.0,6.2,Me,435.0,0.88,NEI
1996-09-14 13:10:53.970,14,9,1996,13,-10.878,165.991,72.7,6.4,Me,268.0,0.8,NEI
1996-09-20 00:03:18.370,20,9,1996,0,9.597,126.293,33.0,6.4,Me,178.0,1.21,NEI
1996-09-20 04:10:27.680,20,9,1996,4,9.46299999999999,126.284,33.0,6.6,Me,199.0,1.13,NEI
1996-09-20 04:11:04.550,20,9,1996,4,9.454,126.334,33.0,6.6,Mw,64.0,1.06,NEI
1996-09-20 12:24:42.120,20,9,1996,12,9.446,126.544,33.0,6.1,Me,109.0,1.34,NEI
1996-09-28 14:10:42.450,28,9,1996,14,10.038,125.369,234.8,6.3,Me,177.0,1.05,NEI
1996-10-01 15:50:23.660,1,10,1996,15,12.4339999999999,58.066,10.0,6.4,Mw,276.0,1.2,NEI
1996-10-02 09:48:01.560,2,10,1996,9,11.7609999999999,125.483999999999,33.0,6.4,Mw,232.0,1.05,NEI
1996-10-02 11:24:48.420,2,10,1996,11,45.133,151.168,33.0,6.0,Mw,402.0,0.77,NEI
1996-10-06 20:13:09.180,6,10,1996,20,49.046999999999905,-127.88,10.0,6.2,Mw,386.0,1.18,NEI
1996-10-08 01:36:53.930,8,10,1996,1,-45.777999999999906,96.025,10.0,6.1,Mw,92.0,0.98,NEI
1996-10-09 13:10:52.130,9,10,1996,13,34.5559999999999,32.1259999999999,33.0,6.8,Mw,482.0,0.98,NEI
1996-10-10 15:21:04.700,10,10,1996,15,3.445,97.9429999999999,33.0,6.3,Mw,261.0,0.98,NEI
1996-10-12 15:36:01.270,12,10,1996,15,-7.25,155.471,33.0,6.0,Mw,123.0,1.16,NEI
1996-10-14 23:26:20.010,14,10,1996,23,-7.133,155.568,24.0,6.8,Me,263.0,1.06,NEI
1996-10-18 10:50:20.860,18,10,1996,10,30.568,131.092999999999,10.0,6.8,Mw,308.0,1.21,NEI
1996-10-18 11:19:18.600,18,10,1996,11,0.389,126.221,44.0,6.3,Ms,112.0,0.93,NEI
1996-10-19 14:44:40.790,19,10,1996,14,31.885,131.467999999999,22.0,7.0,Me,396.0,1.02,NEI
1996-10-19 14:53:48.780,19,10,1996,14,-20.4119999999999,-178.509999999999,590.8,6.9,Mw,558.0,0.82,NEI
1996-10-24 19:31:53.930,24,10,1996,19,66.986,-173.229,19.9,6.1,Me,411.0,0.99,NEI
1996-11-04 17:24:57.430,4,11,1996,17,7.306,-77.393,14.0,6.3,Me,372.0,1.25,NEI
1996-11-05 09:41:34.770,5,11,1996,9,-31.16,179.997999999999,369.4,6.8,Me,356.0,1.02,NEI
1996-11-05 12:29:45.960,5,11,1996,12,9.756,126.36,33.0,6.0,Me,158.0,0.97,NEI
1996-11-06 20:00:58.850,6,11,1996,20,27.9989999999999,143.538,9.0,6.6,Me,388.0,0.83,NEI
1996-11-07 06:10:16.710,7,11,1996,6,9.785,126.34,33.0,6.1,Me,136.0,1.49,NEI
1996-11-11 00:47:21.140,11,11,1996,0,-32.5379999999999,-179.049,33.0,6.2,Me,338.0,1.07,NEI
1996-11-11 09:22:27.760,11,11,1996,9,19.3299999999999,95.013,80.0,6.0,Mw,346.0,0.84,NEI
1996-11-12 16:59:44.030,12,11,1996,16,-14.993,-75.6749999999999,33.0,7.7,Me,365.0,1.11,NEI
1996-11-13 02:41:39.940,13,11,1996,2,-14.843,-75.69199999999991,33.0,6.1,Mw,182.0,1.01,NEI
1996-11-13 12:32:09.820,13,11,1996,12,-15.474,-75.414,33.0,6.0,Mw,124.0,1.04,NEI
1996-11-14 07:58:58.510,14,11,1996,7,-11.384,166.461,109.2,6.0,Mw,115.0,0.96,NEI
1996-11-14 13:47:38.110,14,11,1996,13,-21.2369999999999,-176.621,191.6,6.2,Me,388.0,0.95,NEI
1996-11-16 09:47:50.840,16,11,1996,9,-15.101,-176.3,33.0,6.0,Mw,139.0,1.28,NEI
1996-11-17 19:17:41.980,17,11,1996,19,11.081,-86.052,33.0,6.0,Me,202.0,1.23,NEI
1996-11-17 21:11:20.270,17,11,1996,21,-22.196,-179.704,591.6,6.1,Mw,266.0,0.85,NEI
1996-11-19 10:44:46.060,19,11,1996,10,35.3449999999999,78.13299999999991,33.0,6.9,Mw,339.0,1.12,NEI
1996-11-20 02:27:47.980,20,11,1996,2,34.35,141.132,33.0,6.1,Mw,331.0,1.02,NEI
1996-11-28 21:25:58.850,28,11,1996,21,-1.222,-24.17,10.0,6.3,Mw,95.0,0.9,NEI
1996-12-01 23:09:40.590,1,12,1996,23,-30.5219999999999,-179.675,355.8,6.2,Mw,198.0,1.15,NEI
1996-12-02 22:17:59.240,2,12,1996,22,31.789,131.313999999999,49.2,6.9,Me,332.0,1.0,NEI
1996-12-03 12:56:56.920,3,12,1996,12,-18.3509999999999,-172.275,32.7,6.2,Mw,375.0,0.91,NEI
1996-12-09 03:54:16.310,9,12,1996,3,-7.936,107.489,50.9,6.1,Me,186.0,1.25,NEI
1996-12-09 11:28:48.610,9,12,1996,11,29.85,-42.854999999999905,10.0,6.0,Mw,340.0,1.13,NEI
1996-12-10 08:36:18.700,10,12,1996,8,0.87,-30.039,10.0,6.7,Mw,209.0,0.94,NEI
1996-12-22 14:53:27.620,22,12,1996,14,43.207,138.919999999999,226.5,6.5,Me,442.0,0.89,NEI
1996-12-26 20:48:23.290,26,12,1996,20,-2.236,138.937999999999,33.0,6.3,Me,220.0,1.03,NEI
1996-12-30 19:41:52.000,30,12,1996,19,-3.993,128.104999999999,33.0,6.0,Mw,195.0,0.89,NEI
1996-12-31 12:41:42.200,31,12,1996,12,15.83,-92.971,99.5,6.4,Mw,278.0,0.95,NEI
1997-01-03 03:58:22.190,3,1,1997,3,-19.224,-174.837999999999,140.3,6.0,Me,316.0,0.91,NEI
1997-01-11 20:28:26.020,11,1,1997,20,18.219,-102.756,33.0,7.2,Me,354.0,1.09,NEI
1997-01-17 11:20:22.060,17,1,1997,11,-8.89899999999999,123.542,110.7,6.2,Me,292.0,0.96,NEI
1997-01-17 15:53:13.430,17,1,1997,15,28.814,129.953,33.0,6.3,Me,327.0,1.04,NEI
1997-01-23 02:15:22.970,23,1,1997,2,-21.9989999999999,-65.71899999999991,276.2,7.1,Me,322.0,0.94,NEI
1997-01-29 23:19:20.890,29,1,1997,23,-12.904,166.376,33.0,6.2,Mw,116.0,1.33,NEI
1997-02-04 10:37:47.140,4,2,1997,10,37.661,57.290999999999904,10.0,6.5,Mw,338.0,1.14,NEI
1997-02-07 08:41:13.410,7,2,1997,8,-19.859,-173.288999999999,28.0,6.4,Me,300.0,0.88,NEI
1997-02-09 12:32:36.290,9,2,1997,12,-14.486,-76.27599999999991,33.0,6.1,Me,187.0,1.02,NEI
1997-02-20 07:54:58.400,20,2,1997,7,41.859,142.741999999999,33.0,6.0,Mw,304.0,0.93,NEI
1997-02-21 23:40:24.140,21,2,1997,23,43.829,149.167,33.0,6.6,Mw,411.0,0.89,NEI
1997-02-26 18:27:10.660,26,2,1997,18,-47.497,100.282,10.0,6.1,Mw,42.0,1.26,NEI
1997-02-27 21:08:02.360,27,2,1997,21,29.9759999999999,68.2079999999999,33.0,7.1,Me,362.0,1.17,NEI
1997-02-27 21:30:36.570,27,2,1997,21,29.9849999999999,67.977,33.0,6.0,Mb,311.0,0.96,NEI
1997-02-28 12:57:18.640,28,2,1997,12,38.075,48.049999999999905,10.0,6.1,Mw,315.0,1.14,NEI
1997-03-09 11:43:43.260,9,3,1997,11,-29.815,-71.147,33.0,6.2,Me,157.0,1.04,NEI
1997-03-11 05:25:57.760,11,3,1997,5,-31.0779999999999,-177.732,10.0,6.1,Mw,203.0,0.99,NEI
1997-03-11 19:22:00.130,11,3,1997,19,7.742,127.647,10.0,6.9,Mw,210.0,1.2,NEI
1997-03-17 08:05:48.410,17,3,1997,8,-6.614,105.514,33.0,6.4,Me,216.0,1.1,NEI
1997-03-21 12:07:17.620,21,3,1997,12,-31.163,179.624,448.7,6.3,Me,300.0,0.86,NEI
1997-03-25 16:44:32.610,25,3,1997,16,-9.063,-71.295,602.6,6.1,Mw,333.0,0.9,NEI
1997-03-26 02:08:57.270,26,3,1997,2,51.277,179.532999999999,33.0,6.7,Mw,434.0,0.96,NEI
1997-03-26 08:31:47.180,26,3,1997,8,31.92,130.429,10.0,6.1,Mw,275.0,1.29,NEI
1997-04-01 15:11:49.000,1,4,1997,15,7.774,-82.40099999999991,33.0,6.1,Mw,240.0,1.13,NEI
1997-04-01 18:33:32.200,1,4,1997,18,-18.2979999999999,-69.52599999999991,113.8,6.2,Mw,358.0,0.97,NEI
1997-04-01 18:42:14.060,1,4,1997,18,-18.3509999999999,-69.34699999999991,115.6,6.2,Mw,337.0,1.04,NEI
1997-04-02 06:14:31.090,2,4,1997,6,11.412,-60.942,45.0,6.2,Mw,321.0,1.06,NEI
1997-04-05 12:23:30.530,5,4,1997,12,-6.485,147.407999999999,69.1,6.5,Mw,365.0,0.93,NEI
1997-04-11 05:34:42.780,11,4,1997,5,39.527,76.941,15.0,6.1,Me,433.0,1.02,NEI
1997-04-12 09:21:56.490,12,4,1997,9,-28.1709999999999,-178.369,183.6,6.0,Mw,359.0,0.89,NEI
1997-04-21 12:02:26.430,21,4,1997,12,-12.584,166.675999999999,33.0,7.8,Mw,299.0,0.93,NEI
1997-04-21 12:06:34.350,21,4,1997,12,-12.881,166.464,33.0,6.1,Mb,32.0,0.86,NEI
1997-04-21 12:11:27.860,21,4,1997,12,-13.5,166.541,33.0,6.2,Mb,194.0,1.06,NEI
1997-04-21 12:15:56.840,21,4,1997,12,-13.406,166.343999999999,33.0,6.0,Mb,22.0,1.26,NEI
1997-04-22 09:31:23.250,22,4,1997,9,11.112,-60.892,5.0,6.7,Me,330.0,0.88,NEI
1997-04-23 03:47:18.320,23,4,1997,3,-13.599,166.389999999999,33.0,6.1,Mw,238.0,1.28,NEI
1997-04-23 19:44:28.420,23,4,1997,19,13.986,144.901,100.8,6.5,Mw,309.0,1.03,NEI
1997-04-27 00:31:32.540,27,4,1997,0,-19.1709999999999,168.728,41.6,6.1,Mw,295.0,0.87,NEI
1997-04-28 12:07:37.830,28,4,1997,12,-42.503999999999905,42.686,10.0,6.8,Mw,163.0,1.08,NEI
1997-05-01 11:37:36.150,1,5,1997,11,18.9929999999999,-107.349999999999,33.0,6.9,Mw,344.0,1.2,NEI
1997-05-03 16:46:02.020,3,5,1997,16,-31.791,-179.382,108.3,6.9,Me,465.0,1.09,NEI
1997-05-08 02:53:14.730,8,5,1997,2,24.8939999999999,92.25,34.9,6.0,Me,297.0,0.96,NEI
1997-05-08 13:29:24.600,8,5,1997,13,51.716999999999906,-170.799,33.0,6.0,Me,318.0,1.07,NEI
1997-05-09 09:06:37.270,9,5,1997,9,13.199,144.704,29.0,6.0,Mw,197.0,0.98,NEI
1997-05-10 07:57:29.720,10,5,1997,7,33.825,59.808999999999905,10.0,7.3,Mw,381.0,1.12,NEI
1997-05-11 22:16:13.930,11,5,1997,22,-36.383,-97.703,10.0,6.5,Mw,99.0,1.29,NEI
1997-05-13 05:38:30.230,13,5,1997,5,31.824,130.281,33.0,6.1,Mw,241.0,1.3,NEI
1997-05-13 14:13:45.740,13,5,1997,14,36.411,70.94499999999991,196.0,6.5,Me,460.0,0.96,NEI
1997-05-15 18:01:33.260,15,5,1997,18,-21.628,169.877999999999,33.0,6.0,Mw,137.0,1.04,NEI
1997-05-21 14:10:26.280,21,5,1997,14,-20.4379999999999,169.287,57.0,6.8,Me,255.0,1.17,NEI
1997-05-21 16:26:24.700,21,5,1997,16,-18.902,175.947,33.0,6.0,Mw,135.0,1.14,NEI
1997-05-22 07:50:53.520,22,5,1997,7,18.684,-101.604,70.0,6.5,Me,259.0,1.05,NEI
1997-05-22 13:21:36.350,22,5,1997,13,18.9149999999999,121.336,33.9,6.1,Me,192.0,1.04,NEI
1997-05-25 23:22:33.190,25,5,1997,23,-32.115,179.791,332.7,7.1,Mw,256.0,1.16,NEI
1997-05-27 06:10:31.780,27,5,1997,6,-54.924999999999905,-136.169999999999,10.0,6.1,Mw,44.0,1.11,NEI
1997-05-27 08:00:29.050,27,5,1997,8,-15.212,-173.328,14.0,6.4,Me,151.0,0.97,NEI
1997-05-29 17:02:38.740,29,5,1997,17,-35.9639999999999,-102.511,10.0,6.5,Mw,148.0,1.05,NEI
1997-06-02 21:24:38.430,2,6,1997,21,-57.776,-25.466,33.0,6.1,Me,119.0,0.97,NEI
1997-06-09 07:24:12.390,9,6,1997,7,-21.331,171.542,33.0,6.0,Mw,50.0,1.11,NEI
1997-06-10 21:53:55.020,10,6,1997,21,-35.8149999999999,-108.135,10.0,6.5,Mw,225.0,0.98,NEI
1997-06-12 12:07:33.600,12,6,1997,12,-5.951,147.026,33.0,6.1,Me,199.0,1.06,NEI
1997-06-17 21:03:40.260,17,6,1997,21,51.347,-179.331999999999,33.0,6.4,Mw,405.0,0.93,NEI
1997-06-24 23:04:53.140,24,6,1997,23,-1.924,127.899,33.0,6.4,Me,212.0,1.04,NEI
1997-06-26 19:21:08.830,26,6,1997,19,-49.692,-114.569999999999,10.0,6.3,Mw,128.0,1.37,NEI
1997-07-06 09:54:00.760,6,7,1997,9,-30.058,-71.872,19.0,6.8,Me,189.0,1.19,NEI
1997-07-06 20:13:37.030,6,7,1997,20,16.157,-87.917,33.0,6.1,Mw,179.0,1.24,NEI
1997-07-09 19:24:13.170,9,7,1997,19,10.598,-63.485999999999905,19.9,7.0,Me,350.0,1.25,NEI
1997-07-11 09:55:12.580,11,7,1997,9,-5.697,110.796,574.4,6.0,Mw,191.0,0.99,NEI
1997-07-14 16:09:35.520,14,7,1997,16,43.249,146.381,33.0,6.1,Me,414.0,0.79,NEI
1997-07-19 14:22:08.750,19,7,1997,14,16.3329999999999,-98.21599999999991,33.0,6.9,Me,217.0,1.16,NEI
1997-07-20 00:30:20.990,20,7,1997,0,52.561999999999905,-167.484,14.4,6.1,Me,363.0,1.05,NEI
1997-07-20 10:14:22.800,20,7,1997,10,-22.9819999999999,-66.301,256.1,6.1,Me,358.0,0.94,NEI
1997-07-21 23:19:39.350,21,7,1997,23,-30.3279999999999,-71.917,33.0,6.0,Mw,107.0,1.1,NEI
1997-07-25 06:47:02.670,25,7,1997,6,-30.462,-71.906,33.0,6.2,Mw,145.0,1.17,NEI
1997-07-25 07:33:29.010,25,7,1997,7,-30.5539999999999,-72.016,33.0,6.1,Mw,88.0,1.31,NEI
1997-07-27 05:21:29.270,27,7,1997,5,-30.5169999999999,-71.86199999999991,33.0,6.3,Mw,136.0,1.24,NEI
1997-07-31 21:54:21.500,31,7,1997,21,-6.637,130.917,58.6,6.0,Me,342.0,0.88,NEI
1997-08-04 18:53:58.940,4,8,1997,18,-15.16,-175.273,33.0,6.1,Mw,160.0,0.91,NEI
1997-08-04 19:21:31.850,4,8,1997,19,-15.212,-175.434,33.0,6.0,Mw,81.0,0.9,NEI
1997-08-08 22:27:19.850,8,8,1997,22,-15.477,-179.139999999999,10.0,6.6,Mw,224.0,1.06,NEI
1997-08-10 09:20:30.980,10,8,1997,9,-16.013,124.328999999999,10.0,6.3,Mw,269.0,0.8,NEI
1997-08-13 04:45:04.860,13,8,1997,4,25.03,125.77,55.3,6.2,Me,390.0,0.99,NEI
1997-08-15 07:37:49.080,15,8,1997,7,-4.373,-105.697999999999,10.0,6.3,Me,105.0,1.19,NEI
1997-08-17 20:11:10.790,17,8,1997,20,-13.592,167.390999999999,25.9,6.0,Mw,183.0,1.17,NEI
1997-08-20 07:15:15.970,20,8,1997,7,4.358,96.494,33.0,6.0,Me,292.0,1.24,NEI
1997-08-20 13:51:16.620,20,8,1997,13,-41.715,80.134,10.0,6.5,Mw,93.0,1.34,NEI
1997-08-29 06:54:00.240,29,8,1997,6,-15.2349999999999,-175.575999999999,33.0,6.5,Mw,187.0,1.32,NEI
1997-08-29 08:14:09.970,29,8,1997,8,-3.562,144.361999999999,22.8,6.6,Mw,191.0,1.09,NEI
1997-09-02 12:13:22.920,2,9,1997,12,3.849,-75.74899999999991,198.7,6.8,Me,420.0,0.85,NEI
1997-09-03 06:22:44.280,3,9,1997,6,-55.189999999999905,-128.989,10.0,6.1,Mw,78.0,1.43,NEI
1997-09-04 04:23:37.030,4,9,1997,4,-26.5689999999999,178.336,624.7,6.8,Me,435.0,1.01,NEI
1997-09-10 12:57:07.070,10,9,1997,12,-21.349,-174.386,10.0,6.1,Mw,242.0,0.9,NEI
1997-09-15 13:05:42.700,15,9,1997,13,8.098,126.642,50.7,6.2,Me,185.0,1.02,NEI
1997-09-17 14:50:35.340,17,9,1997,14,2.109,126.596999999999,33.0,6.0,Me,175.0,0.96,NEI
1997-09-20 16:11:32.150,20,9,1997,16,-28.683,-177.624,30.0,7.0,Mw,359.0,0.99,NEI
1997-09-25 14:20:48.930,25,9,1997,14,-13.7609999999999,66.248,10.0,6.0,Mw,190.0,1.25,NEI
1997-09-26 09:40:26.330,26,9,1997,9,43.084,12.8119999999999,10.0,6.0,Ms,348.0,1.32,NEI
1997-09-26 15:48:34.270,26,9,1997,15,-5.385,128.994,253.8,6.0,Mw,310.0,0.87,NEI
1997-09-30 06:27:24.780,30,9,1997,6,31.959,141.877999999999,10.0,6.2,Mw,245.0,1.08,NEI
1997-10-05 18:04:30.000,5,10,1997,18,-59.738999999999905,-29.198,273.9,6.3,Me,258.0,0.99,NEI
1997-10-06 12:30:05.820,6,10,1997,12,9.78999999999999,125.779,105.6,6.5,Me,237.0,0.99,NEI
1997-10-06 20:52:44.610,6,10,1997,20,-9.302,158.691,33.0,6.1,Mw,181.0,1.05,NEI
1997-10-10 18:45:52.400,10,10,1997,18,-9.321,158.732,33.0,6.0,Mw,132.0,1.16,NEI
1997-10-13 13:39:37.490,13,10,1997,13,36.378999999999905,22.071,24.0,6.5,Mw,484.0,1.24,NEI
1997-10-14 09:53:18.150,14,10,1997,9,-22.1009999999999,-176.771999999999,167.3,7.8,Me,537.0,0.93,NEI
1997-10-15 01:03:33.460,15,10,1997,1,-30.933,-71.2199999999999,58.0,7.1,Mw,429.0,1.05,NEI
1997-10-15 03:11:09.020,15,10,1997,3,51.43,-177.877,22.0,6.4,Mw,339.0,0.98,NEI
1997-10-17 09:55:15.250,17,10,1997,9,-57.537999999999904,147.97,10.0,6.2,Mw,69.0,0.9,NEI
1997-10-17 15:02:00.460,17,10,1997,15,-20.888,-178.839,578.9,6.0,Me,266.0,0.9,NEI
1997-10-28 06:15:17.330,28,10,1997,6,-4.368,-76.6809999999999,112.0,7.2,Me,537.0,0.85,NEI
1997-11-03 19:17:33.810,3,11,1997,19,-30.744,-71.224,45.0,6.2,Mw,295.0,0.95,NEI
1997-11-03 19:17:58.910,3,11,1997,19,-6.736,129.020999999999,215.6,6.1,Mw,177.0,1.19,NEI
1997-11-08 10:02:52.610,8,11,1997,10,35.069,87.325,33.0,7.5,Me,344.0,1.38,NEI
1997-11-09 22:56:42.750,9,11,1997,22,13.849,-88.808,176.4,6.5,Me,364.0,1.13,NEI
1997-11-10 23:06:44.300,10,11,1997,23,31.187,140.485999999999,86.0,6.2,Me,423.0,0.91,NEI
1997-11-14 21:38:51.600,14,11,1997,21,38.859,25.795,17.9,6.1,Mw,363.0,1.04,NEI
1997-11-15 07:05:16.640,15,11,1997,7,43.813,145.019,161.0,6.1,Me,441.0,0.81,NEI
1997-11-15 18:59:24.300,15,11,1997,18,-15.145,167.375,123.1,7.0,Me,357.0,1.09,NEI
1997-11-18 13:07:41.730,18,11,1997,13,37.57,20.6559999999999,33.0,6.6,Me,402.0,1.36,NEI
1997-11-21 11:23:06.310,21,11,1997,11,22.212,92.7019999999999,54.4,6.1,Me,362.0,0.97,NEI
1997-11-25 12:14:33.630,25,11,1997,12,1.241,122.536,24.0,7.0,Me,296.0,1.18,NEI
1997-11-28 22:53:41.530,28,11,1997,22,-13.74,-68.7879999999999,586.0,6.7,Me,488.0,0.91,NEI
1997-12-04 14:56:41.790,4,12,1997,14,13.6389999999999,-90.658,80.5,6.0,Mw,186.0,0.93,NEI
1997-12-05 11:26:54.690,5,12,1997,11,54.841,162.035,33.0,7.8,Me,460.0,1.02,NEI
1997-12-05 18:48:22.790,5,12,1997,18,53.752,161.746,33.0,6.6,Me,477.0,1.09,NEI
1997-12-06 10:59:10.060,6,12,1997,10,53.972,161.908999999999,33.0,6.6,Me,427.0,0.96,NEI
1997-12-07 17:56:18.780,7,12,1997,17,54.658,162.882,33.0,6.5,Me,368.0,1.15,NEI
1997-12-11 07:56:28.850,11,12,1997,7,3.929,-75.787,177.5,6.4,Me,513.0,0.88,NEI
1997-12-16 11:48:29.810,16,12,1997,11,16.1069999999999,-98.852,10.0,6.0,Mw,133.0,1.11,NEI
1997-12-17 04:38:51.460,17,12,1997,4,51.186999999999905,178.871,20.0,6.6,Me,369.0,1.0,NEI
1997-12-17 05:51:29.220,17,12,1997,5,36.387,70.77299999999991,207.0,6.3,Mw,371.0,1.14,NEI
1997-12-18 15:02:00.320,18,12,1997,15,13.84,-88.739,182.1,6.1,Me,342.0,0.98,NEI
1997-12-22 02:05:50.080,22,12,1997,2,-5.495,147.866999999999,179.3,7.2,Me,496.0,0.96,NEI
1997-12-22 10:03:45.180,22,12,1997,10,13.742,-90.316,59.3,6.1,Mw,187.0,1.27,NEI
1997-12-27 20:11:01.340,27,12,1997,20,-55.783,-4.218,10.0,6.2,Mw,46.0,1.01,NEI
1998-01-01 06:11:22.640,1,1,1998,6,23.913,141.907,95.6,6.4,Mb,388.0,0.92,NEI
1998-01-03 06:10:08.380,3,1,1998,6,-35.4739999999999,-16.1909999999999,10.0,6.3,Mw,71.0,1.35,NEI
1998-01-04 06:11:58.970,4,1,1998,6,-22.3009999999999,170.911,100.6,7.5,Me,423.0,0.88,NEI
1998-01-10 04:54:25.390,10,1,1998,4,-12.029,-72.0739999999999,33.0,6.4,Me,310.0,1.22,NEI
1998-01-10 08:20:05.760,10,1,1998,8,14.374,-91.4729999999999,33.0,6.6,Mw,450.0,0.93,NEI
1998-01-12 10:14:07.630,12,1,1998,10,-30.9849999999999,-71.4099999999999,34.8,6.6,Me,230.0,1.03,NEI
1998-01-12 16:36:20.230,12,1,1998,16,-15.848,-179.376,23.4,6.7,Mw,277.0,1.22,NEI
1998-01-14 17:24:10.390,14,1,1998,17,-15.731,-179.329,33.0,6.6,Mw,198.0,0.98,NEI
1998-01-14 18:53:14.910,14,1,1998,18,-2.11,68.09399999999991,10.0,6.0,Mw,151.0,1.1,NEI
1998-01-19 18:23:59.660,19,1,1998,18,-44.970999999999904,-79.488,10.0,6.2,Mw,36.0,1.43,NEI
1998-01-27 02:14:12.950,27,1,1998,2,-20.768,-179.178,642.8,6.0,Mw,219.0,0.92,NEI
1998-01-27 19:55:01.250,27,1,1998,19,-22.542,179.048,611.0,6.3,Mw,371.0,0.88,NEI
1998-01-27 21:05:44.360,27,1,1998,21,-22.411,179.035,610.1,6.5,Me,379.0,0.9,NEI
1998-01-30 12:16:08.690,30,1,1998,12,-23.913,-70.20699999999991,42.0,7.1,Me,385.0,1.11,NEI
1998-01-31 23:30:42.050,31,1,1998,23,-35.7629999999999,-97.058,10.0,6.0,Mw,58.0,0.96,NEI
1998-02-03 03:02:00.240,3,2,1998,3,15.8829999999999,-96.298,33.0,6.4,Mw,430.0,0.98,NEI
1998-02-07 01:18:59.500,7,2,1998,1,24.821,141.746,525.3,6.4,Me,379.0,0.95,NEI
1998-02-16 23:53:19.720,16,2,1998,23,52.718,-33.677,10.0,6.8,Mw,447.0,0.83,NEI
1998-02-19 14:14:51.190,19,2,1998,14,-4.476,129.081999999999,33.0,6.5,Mw,378.0,0.91,NEI
1998-02-20 12:18:06.230,20,2,1998,12,36.47899999999991,71.0859999999999,235.6,6.4,Me,419.0,1.09,NEI
1998-03-03 02:24:43.880,3,3,1998,2,14.38,-91.46599999999991,62.8,6.2,Mw,434.0,0.93,NEI
1998-03-14 19:40:27.050,14,3,1998,19,30.154,57.604999999999905,9.0,6.6,Me,395.0,1.2,NEI
1998-03-20 21:08:08.530,20,3,1998,21,-50.008,163.107,10.0,6.7,Mw,118.0,1.32,NEI
1998-03-21 16:33:11.000,21,3,1998,16,79.888,1.856,10.0,6.2,Mw,175.0,1.01,NEI
1998-03-21 18:22:28.460,21,3,1998,18,36.433,70.13299999999991,227.8,6.0,Mw,522.0,0.9,NEI
1998-03-22 01:08:57.480,22,3,1998,1,-11.43,66.245,10.0,6.1,Mw,302.0,0.95,NEI
1998-03-25 03:12:25.070,25,3,1998,3,-62.877,149.526999999999,10.0,8.1,Mw,418.0,1.1,NEI
1998-03-25 12:17:22.500,25,3,1998,12,-63.612,147.937,10.0,6.5,Mw,225.0,0.89,NEI
1998-03-29 07:14:58.980,29,3,1998,7,-0.239,-17.9319999999999,10.0,6.1,Mw,300.0,1.03,NEI
1998-03-29 19:48:16.210,29,3,1998,19,-17.552,-179.092,537.2,7.2,Mw,553.0,1.02,NEI
1998-04-01 17:56:23.360,1,4,1998,17,-0.544,99.26099999999991,55.7,7.0,Me,506.0,0.92,NEI
1998-04-01 22:42:56.900,1,4,1998,22,-40.316,-74.87399999999991,9.0,6.7,Mw,315.0,1.08,NEI
1998-04-03 22:01:48.250,3,4,1998,22,-8.148,-74.238,164.6,6.6,Me,248.0,0.8,NEI
1998-04-10 16:40:38.580,10,4,1998,16,-1.322,-15.651,10.0,6.2,Me,194.0,1.36,NEI
1998-04-11 00:44:35.750,11,4,1998,0,-23.635,-176.110999999999,33.0,6.2,Me,251.0,0.85,NEI
1998-04-12 10:55:32.500,12,4,1998,10,46.244999999999905,13.6519999999999,10.0,6.0,Mw,411.0,1.23,NEI
1998-04-14 03:41:22.330,14,4,1998,3,-23.821,-179.871,498.6,6.1,Me,320.0,0.85,NEI
1998-04-15 15:23:06.920,15,4,1998,15,58.502,164.449999999999,33.0,6.1,Me,340.0,1.03,NEI
1998-04-20 22:59:14.770,20,4,1998,22,18.5249999999999,-101.203,67.3,6.0,Me,432.0,0.98,NEI
1998-04-25 06:07:23.440,25,4,1998,6,-35.2659999999999,-17.326,10.0,6.3,Mw,20.0,1.12,NEI
1998-04-27 18:40:38.530,27,4,1998,18,-2.995,136.282,53.0,6.2,Me,155.0,1.14,NEI
1998-05-03 23:30:21.910,3,5,1998,23,22.306,125.308,33.0,7.5,Mw,458.0,0.99,NEI
1998-05-10 06:05:58.910,10,5,1998,6,13.676,-90.747,33.0,6.3,Me,269.0,1.23,NEI
1998-05-13 23:02:05.660,13,5,1998,23,-5.147,151.714,61.4,6.6,Me,380.0,0.85,NEI
1998-05-14 18:56:23.490,14,5,1998,18,40.253999999999905,143.252999999999,33.0,6.0,Me,421.0,0.86,NEI
1998-05-15 05:58:06.040,15,5,1998,5,14.178,144.88,154.1,6.0,Mw,256.0,1.15,NEI
1998-05-16 02:22:03.210,16,5,1998,2,-22.227,-179.519,586.1,6.9,Me,598.0,1.03,NEI
1998-05-21 05:34:25.500,21,5,1998,5,0.207,119.584,33.0,6.7,Mw,303.0,0.96,NEI
1998-05-21 22:31:22.940,21,5,1998,22,-43.399999999999906,41.387,10.0,6.3,Mw,122.0,1.26,NEI
1998-05-22 04:48:50.440,22,5,1998,4,-17.731,-65.4309999999999,24.0,6.6,Me,226.0,1.36,NEI
1998-05-23 17:44:47.770,23,5,1998,17,8.138,123.726,657.8,6.0,Me,434.0,0.82,NEI
1998-05-27 15:27:16.160,27,5,1998,15,-5.845,149.704,33.0,6.0,Me,145.0,0.99,NEI
1998-05-27 20:41:37.900,27,5,1998,20,52.238999999999905,159.526,60.1,6.0,Mw,463.0,1.01,NEI
1998-05-30 06:22:28.950,30,5,1998,6,37.106,70.1099999999999,33.0,6.6,Mw,465.0,0.97,NEI
1998-05-30 18:18:15.600,30,5,1998,18,39.027,143.441,33.0,6.2,Me,426.0,0.81,NEI
1998-06-01 05:34:03.580,1,6,1998,5,52.889,160.067,43.7,6.9,Me,515.0,0.88,NEI
1998-06-07 23:20:13.960,7,6,1998,23,15.959,-93.77599999999991,86.6,6.3,Me,468.0,0.98,NEI
1998-06-16 09:35:11.850,16,6,1998,9,-52.988,159.836999999999,10.0,6.2,Mw,34.0,1.28,NEI
1998-06-18 04:17:54.980,18,6,1998,4,-11.5719999999999,-13.894,10.0,6.3,Mw,220.0,1.11,NEI
1998-06-20 20:24:45.170,20,6,1998,20,-30.105,-177.925,57.4,6.0,Me,334.0,0.89,NEI
1998-06-24 10:44:30.820,24,6,1998,10,-37.295,-17.3909999999999,10.0,6.0,Mw,241.0,0.97,NEI
1998-06-27 13:55:52.080,27,6,1998,13,36.878,35.307,33.0,6.3,Mw,409.0,1.31,NEI
1998-06-29 23:37:16.590,29,6,1998,23,-60.35399999999991,153.143,10.0,6.3,Mw,66.0,1.13,NEI
1998-07-09 05:19:07.300,9,7,1998,5,38.649999999999906,-28.626,10.0,6.2,Mw,421.0,0.98,NEI
1998-07-09 14:19:18.410,9,7,1998,14,38.716999999999906,48.506999999999906,26.0,6.0,Me,442.0,0.98,NEI
1998-07-09 14:45:39.980,9,7,1998,14,-30.4869999999999,-178.994,129.5,6.9,Me,483.0,1.09,NEI
1998-07-09 19:39:46.830,9,7,1998,19,60.3778,-152.8193,131.23,6.3,ML,27.0,0.3,AK
1998-07-16 11:56:36.420,16,7,1998,11,-11.0399999999999,166.16,110.2,7.0,Me,297.0,0.88,NEI
1998-07-17 08:49:13.280,17,7,1998,8,-2.961,141.925999999999,10.0,7.0,Me,60.0,1.28,NEI
1998-07-18 16:41:19.440,18,7,1998,16,-18.369,168.173,33.0,6.1,Me,216.0,1.09,NEI
1998-07-19 15:58:38.860,19,7,1998,15,-21.8359999999999,-175.792,72.1,6.0,Mw,407.0,0.89,NEI
1998-07-24 18:44:04.410,24,7,1998,18,21.254,122.019,33.0,6.1,Mw,266.0,1.51,NEI
1998-07-25 02:39:23.330,25,7,1998,2,-13.608,166.866999999999,43.5,6.3,Me,268.0,1.14,NEI
1998-07-29 07:14:24.080,29,7,1998,7,-32.3119999999999,-71.286,51.1,6.4,Mw,359.0,0.91,NEI
1998-07-29 18:00:29.990,29,7,1998,18,-2.693,138.901,33.0,6.7,Me,248.0,0.86,NEI
1998-07-31 12:40:59.520,31,7,1998,12,-21.614,169.819999999999,33.0,6.1,Mw,174.0,1.1,NEI
1998-07-31 12:48:04.480,31,7,1998,12,-21.6439999999999,169.919,33.0,6.0,Mw,195.0,1.06,NEI
1998-08-04 18:59:20.100,4,8,1998,18,-0.593,-80.393,33.0,7.2,Me,412.0,0.94,NEI
1998-08-05 12:54:25.690,5,8,1998,12,-54.67399999999991,-135.520999999999,10.0,6.2,Mw,36.0,1.08,NEI
1998-08-10 09:52:14.940,10,8,1998,9,7.324,94.305,33.0,6.0,Mw,293.0,1.07,NEI
1998-08-20 06:40:55.820,20,8,1998,6,28.9319999999999,139.329,440.5,7.1,Me,488.0,0.92,NEI
1998-08-20 15:00:08.100,20,8,1998,15,51.618,175.247999999999,33.0,6.3,Me,376.0,0.98,NEI
1998-08-23 05:36:12.920,23,8,1998,5,14.6969999999999,120.046,70.1,6.1,Me,391.0,0.9,NEI
1998-08-23 13:57:15.380,23,8,1998,13,11.663,-88.0379999999999,54.6,6.7,Me,449.0,1.03,NEI
1998-08-27 09:03:36.660,27,8,1998,9,39.659999999999904,77.343,33.0,6.4,Me,369.0,1.02,NEI
1998-08-28 12:40:58.700,28,8,1998,12,-0.154,125.018,66.2,6.1,Me,306.0,1.22,NEI
1998-08-29 08:30:21.120,29,8,1998,8,-55.737,-27.045,33.0,6.0,Mw,139.0,0.81,NEI
1998-08-30 01:48:08.760,30,8,1998,1,17.0919999999999,148.133,33.0,6.3,Me,356.0,0.87,NEI
1998-08-30 11:33:33.000,30,8,1998,11,50.909999999999904,-130.66,10.0,6.1,Me,396.0,0.0,PGC
1998-09-02 08:37:29.910,2,9,1998,8,5.41,126.764,50.0,6.8,Me,424.0,1.01,NEI
1998-09-03 17:37:58.240,3,9,1998,17,-29.4499999999999,-71.715,27.0,6.6,Me,384.0,0.89,NEI
1998-09-07 00:39:30.210,7,9,1998,0,-36.24,-97.7109999999999,10.0,6.1,Mw,137.0,1.1,NEI
1998-09-14 04:43:28.940,14,9,1998,4,-34.75,-107.980999999999,10.0,6.1,Mw,38.0,1.13,NEI
1998-09-14 23:16:46.830,14,9,1998,23,51.618,-173.15,33.0,6.1,Mw,373.0,1.28,NEI
1998-09-15 08:35:51.580,15,9,1998,8,-5.624,151.637,83.0,6.3,Me,236.0,1.14,NEI
1998-09-21 06:52:41.190,21,9,1998,6,0.262,122.467,147.4,6.0,Mw,276.0,1.19,NEI
1998-09-21 12:09:39.660,21,9,1998,12,-13.573,166.791,33.0,6.4,Me,375.0,1.17,NEI
1998-09-22 01:16:55.450,22,9,1998,1,11.8219999999999,143.154,9.2,6.0,Me,207.0,1.09,NEI
1998-09-28 13:34:30.490,28,9,1998,13,-8.194,112.413,151.6,6.6,Mw,418.0,1.39,NEI
1998-09-28 19:23:23.250,28,9,1998,19,3.84,126.407,30.1,6.2,Mw,245.0,1.26,NEI
1998-10-01 03:41:13.090,1,10,1998,3,13.738,-45.564999999999905,10.0,6.0,Mw,310.0,1.06,NEI
1998-10-03 11:15:42.690,3,10,1998,11,28.5049999999999,127.614999999999,226.6,6.2,Me,478.0,1.0,NEI
1998-10-08 04:51:42.890,8,10,1998,4,-16.119,-71.40399999999991,136.2,6.1,Mb,461.0,0.92,NEI
1998-10-09 11:54:36.170,9,10,1998,11,11.321,-86.45099999999991,68.7,6.0,Me,219.0,1.13,NEI
1998-10-10 16:32:19.490,10,10,1998,16,-0.403,119.84,33.0,6.0,Me,146.0,1.24,NEI
1998-10-11 23:36:22.370,11,10,1998,23,-56.912999999999904,-142.617999999999,10.0,6.3,Mw,47.0,1.29,NEI
1998-10-28 16:25:03.840,28,10,1998,16,0.839,125.965999999999,33.0,6.6,Mw,326.0,1.1,NEI
1998-11-08 07:25:48.510,8,11,1998,7,-9.135,121.421,33.0,6.4,Me,259.0,1.02,NEI
1998-11-09 05:30:14.400,9,11,1998,5,-6.954,129.021999999999,33.0,6.7,Me,277.0,1.04,NEI
1998-11-09 05:38:44.220,9,11,1998,5,-6.92,128.946,33.0,7.0,Me,241.0,1.09,NEI
1998-11-14 15:03:12.070,14,11,1998,15,-14.946,167.366999999999,115.1,6.0,Me,247.0,1.01,NEI
1998-11-15 02:44:12.380,15,11,1998,2,-21.5889999999999,-176.503999999999,149.1,6.3,Me,383.0,0.88,NEI
1998-11-18 15:48:40.820,18,11,1998,15,-3.315,130.765999999999,33.0,6.0,Mw,67.0,1.05,NEI
1998-11-19 15:39:19.100,19,11,1998,15,22.605,125.783,10.0,6.3,Mw,248.0,1.3,NEI
1998-11-24 23:54:46.100,24,11,1998,23,-16.515,-174.751,223.2,6.1,Mw,255.0,0.78,NEI
1998-11-25 18:05:25.700,25,11,1998,18,-7.859,158.622,47.9,6.2,Me,298.0,0.92,NEI
1998-11-29 14:10:31.960,29,11,1998,14,-2.071,124.891,33.0,7.7,Mw,239.0,1.23,NEI
1998-12-06 00:47:13.450,6,12,1998,0,1.253,126.197999999999,33.0,6.6,Me,284.0,1.09,NEI
1998-12-14 16:25:24.980,14,12,1998,16,-38.213999999999906,-71.033,138.4,6.0,Mw,188.0,0.96,NEI
1998-12-14 19:35:26.750,14,12,1998,19,-15.057,167.312999999999,139.9,6.0,Mw,185.0,0.92,NEI
1998-12-16 00:18:45.000,16,12,1998,0,31.2869999999999,131.286,41.6,6.0,Mw,229.0,0.86,NEI
1998-12-16 17:45:05.440,16,12,1998,17,1.12,126.175,33.0,6.2,Mw,158.0,1.07,NEI
1998-12-26 15:39:07.800,26,12,1998,15,-1.364,123.644,33.0,6.1,Mw,95.0,1.38,NEI
1998-12-27 00:38:26.760,27,12,1998,0,-21.632,-176.376,144.3,6.9,Me,432.0,0.95,NEI
1999-01-05 08:32:46.810,5,1,1999,8,-18.5019999999999,-174.067,33.0,6.0,Mw,143.0,1.05,NEI
1999-01-12 08:49:20.750,12,1,1999,8,-5.421,151.681,42.6,6.0,Me,205.0,0.93,NEI
1999-01-19 03:35:33.840,19,1,1999,3,-4.596,153.235,114.1,7.0,Me,178.0,1.34,NEI
1999-01-24 00:37:04.630,24,1,1999,0,30.6179999999999,131.086,33.0,6.4,Me,409.0,0.92,NEI
1999-01-24 07:01:58.400,24,1,1999,7,-21.132,-174.658999999999,33.0,6.1,Me,197.0,1.04,NEI
1999-01-24 08:00:08.540,24,1,1999,8,-26.463,74.4759999999999,10.0,6.3,Me,405.0,0.8,NEI
1999-01-25 18:19:16.870,25,1,1999,18,4.461,-75.724,17.0,6.4,Me,497.0,1.01,NEI
1999-01-28 08:10:05.420,28,1,1999,8,52.886,-169.122999999999,67.2,6.6,Me,586.0,0.94,NEI
1999-01-28 18:24:25.270,28,1,1999,18,-4.582,153.657999999999,101.0,6.4,Me,131.0,1.24,NEI
1999-02-03 01:13:57.580,3,2,1999,1,-20.305,-174.365,33.0,6.3,Me,135.0,1.08,NEI
1999-02-06 17:45:24.470,6,2,1999,17,19.1999999999999,121.265,33.0,6.0,Mw,153.0,0.89,NEI
1999-02-06 21:47:59.470,6,2,1999,21,-12.853,166.697,90.1,7.3,Me,279.0,1.17,NEI
1999-02-11 14:08:51.680,11,2,1999,14,34.259,69.364,33.0,6.0,Mw,124.0,1.3,NEI
1999-02-13 14:45:12.730,13,2,1999,14,-3.558,144.83,10.0,6.2,Mw,86.0,1.19,NEI
1999-02-14 21:12:24.580,14,2,1999,21,-15.507,167.996,10.0,6.0,Me,237.0,0.96,NEI
1999-02-22 01:00:32.890,22,2,1999,1,-21.452,169.681999999999,33.0,6.4,Me,293.0,1.0,NEI
1999-02-23 07:27:56.430,23,2,1999,7,0.2,119.541,33.0,6.2,Me,151.0,1.04,NEI
1999-02-25 18:58:29.400,25,2,1999,18,51.60399999999991,104.864,10.0,6.0,Me,317.0,0.99,NEI
1999-03-04 05:38:26.520,4,3,1999,5,28.343,57.192999999999905,33.0,6.6,Me,368.0,0.92,NEI
1999-03-04 08:52:01.900,4,3,1999,8,5.397,121.937,33.0,7.1,Me,251.0,1.17,NEI
1999-03-05 03:35:14.710,5,3,1999,3,-34.673,-69.59999999999991,10.0,6.0,Mw,103.0,1.03,NEI
1999-03-07 20:35:44.160,7,3,1999,20,-15.766,-179.526,33.0,6.1,Mw,127.0,1.02,NEI
1999-03-08 12:25:48.990,8,3,1999,12,52.055999999999905,159.52,56.6,7.0,Me,430.0,1.13,NEI
1999-03-20 10:47:45.930,20,3,1999,10,51.587,-177.668,33.0,6.9,Mw,540.0,0.9,NEI
1999-03-21 16:16:02.200,21,3,1999,16,55.896,110.214,10.0,6.0,Mw,311.0,0.88,NEI
1999-03-28 19:05:11.030,28,3,1999,19,30.512,79.403,15.0,6.6,Me,409.0,1.03,NEI
1999-03-31 05:54:42.130,31,3,1999,5,5.827,-82.616,10.0,7.0,Me,273.0,1.09,NEI
1999-04-01 21:36:21.170,1,4,1999,21,-4.357,152.706999999999,33.0,6.2,Mw,245.0,0.89,NEI
1999-04-02 17:05:47.110,2,4,1999,17,-19.899,168.193,10.0,6.2,Mw,394.0,0.9,NEI
1999-04-03 06:17:18.360,3,4,1999,6,-16.66,-72.662,87.2,6.8,Me,422.0,0.85,NEI
1999-04-03 10:10:30.700,3,4,1999,10,13.173,-87.634,38.4,6.0,Mw,266.0,0.9,NEI
1999-04-05 11:08:04.000,5,4,1999,11,-5.591,149.568,150.0,7.4,Me,233.0,1.05,NEI
1999-04-06 08:22:14.270,6,4,1999,8,-6.527,147.007,33.0,6.4,Mw,218.0,1.31,NEI
1999-04-08 13:10:34.080,8,4,1999,13,43.60699999999991,130.349999999999,565.7,7.1,Me,645.0,0.84,NEI
1999-04-09 12:16:01.890,9,4,1999,12,-26.3539999999999,178.221,621.2,6.2,Me,274.0,0.99,NEI
1999-04-11 16:50:39.160,11,4,1999,16,-6.0,148.495,58.3,6.0,Me,131.0,0.98,NEI
1999-04-13 10:38:48.400,13,4,1999,10,-21.422,-176.46,164.2,6.8,Me,464.0,0.8,NEI
1999-04-20 19:04:08.320,20,4,1999,19,-31.888,-179.039999999999,95.7,6.5,Mw,385.0,0.89,NEI
1999-04-26 18:17:26.220,26,4,1999,18,-1.648,-77.783,172.6,6.0,Me,435.0,0.74,NEI
1999-05-05 22:41:30.170,5,5,1999,22,14.364,-94.673,33.0,6.3,Me,336.0,1.11,NEI
1999-05-06 23:00:53.120,6,5,1999,23,29.501,51.88,33.0,6.2,Mw,358.0,0.99,NEI
1999-05-08 22:12:45.510,8,5,1999,22,14.214,-91.94499999999991,39.2,6.1,Mw,323.0,0.74,NEI
1999-05-10 20:33:02.090,10,5,1999,20,-5.159,150.88,138.0,7.1,Me,430.0,0.93,NEI
1999-05-11 01:00:40.920,11,5,1999,1,-36.101999999999904,-110.64,10.0,6.0,Mw,68.0,0.81,NEI
1999-05-12 17:59:22.400,12,5,1999,17,43.031999999999904,143.835,102.7,6.2,Mw,451.0,0.8,NEI
1999-05-16 00:51:20.460,16,5,1999,0,-4.751,152.485999999999,73.7,7.1,Me,346.0,0.95,NEI
1999-05-16 15:25:53.810,16,5,1999,15,-2.642,138.217,59.2,6.4,Me,246.0,0.89,NEI
1999-05-17 10:07:56.450,17,5,1999,10,-5.165,152.877,27.0,6.6,Me,271.0,0.99,NEI
1999-05-18 04:19:53.340,18,5,1999,4,-5.65,148.532999999999,127.3,6.1,Mw,165.0,0.98,NEI
1999-05-22 10:08:53.710,22,5,1999,10,-20.731,169.881,33.0,6.1,Mw,167.0,1.01,NEI
1999-06-06 07:08:05.860,6,6,1999,7,13.897,-90.768,33.0,6.3,Mw,301.0,1.25,NEI
1999-06-15 20:42:05.930,15,6,1999,20,18.3859999999999,-97.436,70.0,7.0,Me,516.0,1.06,NEI
1999-06-18 10:55:25.750,18,6,1999,10,5.514,126.639,33.0,6.4,Me,268.0,0.87,NEI
1999-06-21 17:43:04.520,21,6,1999,17,18.324,-101.539,68.7,6.3,Mw,352.0,1.07,NEI
1999-06-26 22:05:28.930,26,6,1999,22,-17.956,-178.187,590.4,6.0,Mw,340.0,0.9,NEI
1999-07-02 11:45:31.290,2,7,1999,11,49.371,-129.204,10.0,6.0,Mw,223.0,1.03,NEI
1999-07-03 05:30:10.090,3,7,1999,5,26.323,140.482,430.6,6.1,Me,478.0,0.93,NEI
1999-07-07 18:52:57.020,7,7,1999,18,49.232999999999905,155.559,33.0,6.1,Me,462.0,0.8,NEI
1999-07-09 05:04:42.680,9,7,1999,5,-6.514,154.943999999999,29.0,6.3,Me,252.0,1.02,NEI
1999-07-11 14:14:16.530,11,7,1999,14,15.782,-88.3299999999999,10.0,6.7,Mw,434.0,1.01,NEI
1999-07-18 10:34:03.220,18,7,1999,10,-22.5459999999999,179.412,590.9,6.0,Mw,309.0,0.88,NEI
1999-07-19 02:17:03.660,19,7,1999,2,-28.629,-177.608,39.0,6.5,Me,411.0,0.93,NEI
1999-07-26 01:33:20.200,26,7,1999,1,-5.151,151.942,69.4,6.2,Me,386.0,0.83,NEI
1999-07-28 00:16:57.510,28,7,1999,0,-28.69,-177.523,33.0,6.1,Me,325.0,0.95,NEI
1999-07-28 10:08:20.600,28,7,1999,10,-30.285,-178.014,25.0,6.3,Me,412.0,1.07,NEI
1999-08-01 08:39:04.900,1,8,1999,8,-30.367,-177.831999999999,10.0,6.5,Me,275.0,0.82,NEI
1999-08-12 05:44:59.590,12,8,1999,5,-1.716,122.456,33.0,6.2,Mw,190.0,1.33,NEI
1999-08-14 00:16:52.290,14,8,1999,0,-5.885,104.711,101.4,6.4,Me,380.0,0.98,NEI
1999-08-17 00:01:39.130,17,8,1999,0,40.747999999999905,29.864,17.0,7.7,Me,381.0,1.27,NEI
1999-08-20 10:02:21.100,20,8,1999,10,9.044,-84.159,20.0,6.9,Mw,542.0,0.0,CAS
1999-08-21 21:51:11.470,21,8,1999,21,-58.311,-13.196,10.0,6.2,Mw,76.0,1.02,NEI
1999-08-22 09:35:39.470,22,8,1999,9,-40.509,-74.756,33.0,6.4,Me,303.0,1.05,NEI
1999-08-22 12:40:45.960,22,8,1999,12,-16.117,168.038999999999,33.0,6.6,Me,272.0,1.09,NEI
1999-08-26 07:39:28.920,26,8,1999,7,-3.522,145.657,33.0,6.2,Mw,116.0,1.24,NEI
1999-08-28 12:40:06.190,28,8,1999,12,-1.287,-77.549,196.4,6.3,Me,576.0,0.86,NEI
1999-08-29 00:46:13.460,29,8,1999,0,3.103,65.855,10.0,6.0,Me,286.0,1.06,NEI
1999-09-07 11:56:49.380,7,9,1999,11,38.119,23.605,10.0,6.0,Me,416.0,1.12,NEI
1999-09-10 19:37:44.810,10,9,1999,19,-32.831,-178.27,33.0,6.0,Mw,82.0,1.19,NEI
1999-09-15 03:01:24.340,15,9,1999,3,-20.934,-67.275,218.0,6.4,Me,481.0,0.98,NEI
1999-09-17 14:54:48.720,17,9,1999,14,-13.7899999999999,167.238,196.8,6.3,Me,380.0,0.99,NEI
1999-09-18 21:28:33.170,18,9,1999,21,51.207,157.556,60.0,6.0,Me,485.0,0.89,NEI
1999-09-20 17:47:18.490,20,9,1999,17,23.7719999999999,120.982,33.0,7.7,Me,367.0,1.11,NEI
1999-09-20 17:57:16.090,20,9,1999,17,23.785,121.202,33.0,6.3,ML,257.0,0.83,NEI
1999-09-20 18:03:44.290,20,9,1999,18,23.57,121.299,33.0,6.6,ML,210.0,1.42,NEI
1999-09-20 18:11:53.650,20,9,1999,18,23.7459999999999,121.188999999999,33.0,6.1,Mb,268.0,0.83,NEI
1999-09-20 18:16:18.510,20,9,1999,18,23.756,121.246,33.0,6.8,ML,248.0,0.9,NEI
1999-09-20 21:46:42.870,20,9,1999,21,23.39,120.964,33.0,6.4,Mw,201.0,1.41,NEI
1999-09-22 00:14:39.150,22,9,1999,0,23.7289999999999,121.167,26.0,6.4,Me,397.0,0.89,NEI
1999-09-25 23:52:48.660,25,9,1999,23,23.738,121.158,17.0,6.5,Me,405.0,0.91,NEI
1999-09-28 05:00:42.960,28,9,1999,5,54.59,168.263,33.0,6.2,Me,345.0,1.02,NEI
1999-09-29 18:01:31.830,29,9,1999,18,-30.738,-71.99299999999991,33.0,6.0,Mw,201.0,0.83,NEI
1999-09-30 16:31:15.690,30,9,1999,16,16.059,-96.9309999999999,60.6,7.5,Me,631.0,0.93,NEI
1999-10-10 07:03:04.860,10,10,1999,7,-1.99,134.279,33.0,6.1,Mw,153.0,1.15,NEI
1999-10-13 01:33:40.130,13,10,1999,1,54.656999999999904,-161.188999999999,30.0,6.4,Mw,446.0,1.04,NEI
1999-10-16 09:46:44.130,16,10,1999,9,34.594,-116.271,0.02,7.1,Mw,55.0,0.16,CI
1999-10-18 02:43:23.870,18,10,1999,2,-56.121,-26.5779999999999,33.0,6.3,Mw,152.0,0.94,NEI
1999-10-23 02:12:05.040,23,10,1999,2,-4.808,153.413999999999,83.3,6.3,Me,217.0,1.12,NEI
1999-10-24 04:21:41.110,24,10,1999,4,44.612,149.44,33.0,6.4,Me,454.0,0.99,NEI
1999-10-25 20:31:42.310,25,10,1999,20,-38.698999999999906,175.803,158.7,6.2,Me,266.0,1.08,NEI
1999-11-01 17:53:00.120,1,11,1999,17,23.378,121.52,33.0,6.3,Mw,415.0,1.01,NEI
1999-11-08 16:45:43.020,8,11,1999,16,36.521999999999906,71.23999999999991,228.4,6.5,Mw,436.0,0.99,NEI
1999-11-11 02:41:05.070,11,11,1999,2,49.314999999999905,155.633,33.0,6.1,Mw,499.0,0.97,NEI
1999-11-11 18:05:43.530,11,11,1999,18,1.276,100.322,211.0,6.1,Mw,508.0,0.85,NEI
1999-11-12 16:57:19.550,12,11,1999,16,40.758,31.161,10.0,7.2,Mw,484.0,1.11,NEI
1999-11-15 05:42:43.220,15,11,1999,5,-1.339,88.9759999999999,10.0,7.0,Mw,457.0,0.99,NEI
1999-11-17 03:27:42.080,17,11,1999,3,-5.978,148.819999999999,47.5,7.0,Mw,336.0,0.9,NEI
1999-11-17 11:36:34.970,17,11,1999,11,-6.004,148.803,45.3,6.3,Mw,199.0,0.89,NEI
1999-11-18 14:27:42.820,18,11,1999,14,0.523,126.066,33.0,6.0,Mw,202.0,1.02,NEI
1999-11-19 13:56:46.450,19,11,1999,13,-6.351,148.763,33.0,7.0,Mw,268.0,1.12,NEI
1999-11-21 03:51:14.450,21,11,1999,3,-21.75,-68.78,101.2,6.0,Mw,327.0,0.98,NEI
1999-11-21 06:46:19.240,21,11,1999,6,18.544,-107.168,33.0,6.2,Mw,105.0,1.29,NEI
1999-11-26 13:21:15.570,26,11,1999,13,-16.4229999999999,168.214,33.0,7.5,Mw,273.0,1.2,NEI
1999-11-29 03:46:30.180,29,11,1999,3,-1.275,89.043,10.0,6.4,Mw,324.0,1.14,NEI
1999-11-30 04:01:53.220,30,11,1999,4,-18.901,-69.171,128.1,6.6,Mw,442.0,0.93,NEI
1999-12-01 19:23:06.010,1,12,1999,19,17.6469999999999,-82.35599999999991,10.0,6.3,Mw,369.0,1.18,NEI
1999-12-06 23:12:33.540,6,12,1999,23,57.342399999999905,-154.3469,43.64,6.8,ML,159.0,1.08,AK
1999-12-07 00:19:51.300,7,12,1999,0,57.202599999999904,-154.257299999999,43.92,6.12,ML,133.0,0.92,AK
1999-12-07 21:29:49.270,7,12,1999,21,-15.911,-173.984,137.7,6.4,Me,255.0,0.82,NEI
1999-12-08 13:34:44.690,8,12,1999,13,-9.843,159.965,33.0,6.1,Mw,117.0,1.27,NEI
1999-12-09 10:18:17.180,9,12,1999,10,-6.028,148.144,58.3,6.4,Me,178.0,1.11,NEI
1999-12-10 18:38:30.100,10,12,1999,18,-36.206,-97.316,10.0,6.5,Mw,232.0,1.28,NEI
1999-12-11 18:03:36.450,11,12,1999,18,15.766,119.739999999999,33.0,7.3,Me,516.0,1.0,NEI
1999-12-15 04:41:12.390,15,12,1999,4,-5.786,150.973999999999,33.0,6.3,Mw,267.0,0.88,NEI
1999-12-16 14:17:54.760,16,12,1999,14,-50.149,138.989,10.0,6.0,Mw,76.0,1.31,NEI
1999-12-17 00:27:28.870,17,12,1999,0,-50.259999999999906,139.423,10.0,6.0,Mw,108.0,1.11,NEI
1999-12-18 17:44:55.110,18,12,1999,17,-2.425,139.675,16.2,6.2,Me,208.0,0.94,NEI
1999-12-19 00:48:36.990,19,12,1999,0,12.8699999999999,144.571,50.9,6.0,Me,298.0,0.93,NEI
1999-12-21 14:14:57.610,21,12,1999,14,-6.845,105.555,56.0,6.5,Me,435.0,1.03,NEI
1999-12-22 13:32:37.560,22,12,1999,13,-10.885,165.456999999999,33.0,6.0,Me,160.0,0.96,NEI
1999-12-24 19:26:04.940,24,12,1999,19,-56.210999999999906,146.723,10.0,6.3,Mw,149.0,1.1,NEI
1999-12-24 22:35:38.660,24,12,1999,22,-56.369,147.056,10.0,6.1,Mw,106.0,1.15,NEI
1999-12-28 12:46:58.320,28,12,1999,12,5.609,-82.64499999999991,10.0,6.2,Mw,205.0,1.32,NEI
1999-12-29 13:29:19.620,29,12,1999,13,-10.8599999999999,165.354,33.0,6.9,Me,150.0,0.8,NEI
1999-12-29 22:53:57.190,29,12,1999,22,-11.1649999999999,165.33,33.0,6.2,Me,174.0,1.14,NEI
2000-01-01 05:58:19.780,1,1,2000,5,-60.722,153.669999999999,10.0,6.0,Mw,87.0,1.05,NEI
2000-01-05 07:40:40.730,5,1,2000,7,-11.371,165.377999999999,33.0,6.1,Mw,213.0,0.92,NEI
2000-01-06 10:42:02.500,6,1,2000,10,58.03999999999991,-136.87,1.0,6.1,ML,0.0,0.0,AK
2000-01-06 10:42:25.000,6,1,2000,10,58.03999999999991,-136.87,1.0,6.2,Me,376.0,0.0,PGC
2000-01-06 21:31:06.220,6,1,2000,21,16.0949999999999,119.483999999999,33.0,6.2,Me,192.0,1.51,NEI
2000-01-08 01:19:46.660,8,1,2000,1,-9.805,159.811,33.0,6.4,Me,151.0,1.3,NEI
2000-01-08 11:59:21.840,8,1,2000,11,-23.169,-70.122,36.0,6.4,Me,265.0,1.14,NEI
2000-01-08 16:47:20.580,8,1,2000,16,-16.925,-174.247999999999,183.4,7.2,Me,396.0,1.25,NEI
2000-01-09 21:54:40.490,9,1,2000,21,-18.823,174.37,33.0,6.5,Mw,208.0,1.03,NEI
2000-01-13 20:07:14.440,13,1,2000,20,-17.6099999999999,-178.741999999999,535.0,6.2,Mw,366.0,0.91,NEI
2000-01-15 12:49:45.070,15,1,2000,12,-21.216,-179.255,632.8,6.0,Mw,371.0,1.0,NEI
2000-01-19 07:09:33.580,19,1,2000,7,36.372,70.379,206.9,6.0,Me,461.0,0.91,NEI
2000-01-20 09:41:47.340,20,1,2000,9,43.649,-127.257,10.0,6.1,Mw,182.0,1.01,NEI
2000-01-26 13:26:50.000,26,1,2000,13,-17.2719999999999,-174.002,33.0,6.3,Me,400.0,1.06,NEI
2000-01-28 14:21:07.340,28,1,2000,14,43.04599999999991,146.836999999999,61.1,6.8,Me,546.0,0.85,NEI
2000-01-28 16:39:24.280,28,1,2000,16,26.076,124.496,193.9,6.0,Me,489.0,0.9,NEI
2000-02-06 11:33:52.280,6,2,2000,11,-5.844,150.876,33.0,6.6,Me,493.0,0.85,NEI
2000-02-13 02:57:08.720,13,2,2000,2,42.853,131.572,513.6,6.0,Mw,487.0,0.8,NEI
2000-02-25 01:43:58.640,25,2,2000,1,-19.5279999999999,173.818,33.0,7.1,Mw,393.0,1.2,NEI
2000-02-26 08:11:48.440,26,2,2000,8,13.795,144.782,132.2,6.2,Me,320.0,1.09,NEI
2000-02-26 18:24:39.220,26,2,2000,18,9.406,-78.5319999999999,65.0,6.1,Me,343.0,1.08,NEI
2000-02-28 22:15:20.120,28,2,2000,22,-17.588,-178.984,538.0,6.0,Mw,188.0,1.07,NEI
2000-02-29 04:35:04.200,29,2,2000,4,-50.066,-114.200999999999,10.0,6.0,Mw,55.0,0.94,NEI
2000-02-29 22:44:58.030,29,2,2000,22,-18.158,169.014,33.0,6.0,Mw,153.0,1.19,NEI
2000-03-03 22:09:13.790,3,3,2000,22,-7.321,128.491,141.9,6.4,Me,478.0,0.91,NEI
2000-03-03 22:22:40.740,3,3,2000,22,-6.817,143.806999999999,10.0,6.6,Mw,356.0,1.07,NEI
2000-03-04 02:24:22.430,4,3,2000,2,-60.167,149.867999999999,10.0,6.4,Mw,125.0,1.15,NEI
2000-03-05 23:57:03.170,5,3,2000,23,-62.902,145.637,10.0,6.1,Mw,337.0,1.06,NEI
2000-03-12 22:21:30.470,12,3,2000,22,14.975,-92.444,62.0,6.3,Mw,396.0,0.87,NEI
2000-03-28 11:00:22.510,28,3,2000,11,22.338,143.729999999999,126.5,7.6,Me,538.0,1.22,NEI
2000-04-03 15:20:01.980,3,4,2000,15,4.082,125.61,150.0,6.2,Mw,254.0,1.04,NEI
2000-04-07 19:08:27.830,7,4,2000,19,-18.045,65.51699999999991,10.0,6.3,Mw,72.0,0.99,NEI
2000-04-18 17:28:12.390,18,4,2000,17,-20.664,-176.468999999999,220.7,6.0,Me,388.0,0.91,NEI
2000-04-21 04:35:17.690,21,4,2000,4,51.421999999999905,-178.137,33.0,6.0,Mb,506.0,0.92,NEI
2000-04-23 09:27:23.320,23,4,2000,9,-28.3069999999999,-62.99,608.5,7.0,Me,568.0,0.89,NEI
2000-04-23 17:01:17.470,23,4,2000,17,-28.384,-62.942999999999905,609.8,6.1,Me,433.0,0.91,NEI
2000-05-02 15:03:36.800,2,5,2000,15,17.439,147.515999999999,55.0,6.0,Me,247.0,1.05,NEI
2000-05-04 04:21:16.210,4,5,2000,4,-1.105,123.572999999999,26.0,7.6,Me,430.0,1.14,NEI
2000-05-04 20:36:32.480,4,5,2000,20,-17.914,-178.521999999999,515.8,6.5,Me,370.0,0.94,NEI
2000-05-06 13:44:13.880,6,5,2000,13,-11.295,165.431999999999,12.0,6.3,Me,401.0,1.03,NEI
2000-05-08 10:28:25.220,8,5,2000,10,-4.457,150.003999999999,502.0,6.1,Me,416.0,0.74,NEI
2000-05-12 18:43:18.120,12,5,2000,18,-23.5479999999999,-66.4519999999999,225.0,7.2,Me,232.0,0.86,NEI
2000-05-12 23:10:29.980,12,5,2000,23,35.975,70.6569999999999,107.7,6.3,Me,514.0,0.89,NEI
2000-05-14 20:08:34.350,14,5,2000,20,-4.296,123.164,33.0,6.3,Me,244.0,1.12,NEI
2000-05-21 19:58:47.410,21,5,2000,19,71.1899999999999,-8.263,10.0,6.0,Mw,426.0,0.95,NEI
2000-05-26 00:30:04.870,26,5,2000,0,11.359,139.245,33.0,6.0,Me,180.0,1.38,NEI
2000-06-02 11:13:49.380,2,6,2000,11,44.512999999999906,-130.080999999999,10.0,6.2,Mw,304.0,1.12,NEI
2000-06-03 08:54:49.200,3,6,2000,8,35.552,140.464,62.3,6.2,Mw,412.0,0.89,NEI
2000-06-04 16:28:26.170,4,6,2000,16,-4.721,102.087,33.0,7.9,Mw,379.0,1.1,NEI
2000-06-04 16:39:45.600,4,6,2000,16,-4.646,102.102,33.0,6.7,Mb,147.0,1.26,NEI
2000-06-04 17:52:15.990,4,6,2000,17,28.7229999999999,65.38299999999991,33.0,6.0,Mb,331.0,1.23,NEI
2000-06-06 02:41:49.800,6,6,2000,2,40.692999999999905,32.9919999999999,10.0,6.0,Mw,418.0,1.04,NEI
2000-06-06 09:58:06.770,6,6,2000,9,-5.093,102.699,33.0,6.2,Mw,383.0,0.91,NEI
2000-06-06 14:57:02.220,6,6,2000,14,29.4239999999999,131.420999999999,33.0,6.4,Me,389.0,0.97,NEI
2000-06-07 21:46:55.900,7,6,2000,21,26.856,97.238,33.0,6.3,Mw,402.0,0.86,NEI
2000-06-07 23:45:26.680,7,6,2000,23,-4.612,101.905,33.0,6.7,Me,352.0,1.16,NEI
2000-06-09 01:27:15.160,9,6,2000,1,-5.071,152.495,33.0,6.3,Me,238.0,1.13,NEI
2000-06-09 08:00:24.150,9,6,2000,8,-5.549,102.679,33.0,6.0,Me,237.0,1.39,NEI
2000-06-09 08:41:59.740,9,6,2000,8,-11.301,162.062,33.0,6.1,Mw,80.0,1.33,NEI
2000-06-09 23:31:45.290,9,6,2000,23,30.491,137.729999999999,485.3,6.3,Me,473.0,0.89,NEI
2000-06-10 18:23:29.320,10,6,2000,18,23.843,121.224999999999,33.0,6.4,Me,377.0,1.03,NEI
2000-06-11 11:55:12.340,11,6,2000,11,-50.579,139.55,10.0,6.6,Mw,160.0,1.2,NEI
2000-06-14 02:15:25.840,14,6,2000,2,-25.5159999999999,178.045999999999,604.6,6.4,Me,386.0,0.95,NEI
2000-06-14 17:00:48.400,14,6,2000,17,4.542,127.721999999999,89.5,6.3,Me,298.0,1.04,NEI
2000-06-14 23:01:14.550,14,6,2000,23,-17.902,176.211999999999,33.0,6.0,Mw,113.0,1.04,NEI
2000-06-15 11:10:46.210,15,6,2000,11,29.3679999999999,132.081999999999,10.0,6.1,Me,382.0,0.8,NEI
2000-06-16 07:55:35.390,16,6,2000,7,-33.877,-70.08799999999991,120.2,6.4,Mw,364.0,0.96,NEI
2000-06-17 15:40:41.730,17,6,2000,15,63.966,-20.4869999999999,10.0,6.8,Me,406.0,1.03,NEI
2000-06-18 14:44:13.310,18,6,2000,14,-13.802,97.453,10.0,7.9,Mw,405.0,1.16,NEI
2000-06-21 00:51:46.880,21,6,2000,0,63.979999999999905,-20.7579999999999,10.0,6.5,Mw,351.0,0.9,NEI
2000-06-25 06:34:42.880,25,6,2000,6,31.183,131.205999999999,10.0,6.0,Me,282.0,1.0,NEI
2000-07-01 07:01:55.580,1,7,2000,7,34.2209999999999,139.131,10.0,6.1,Mw,355.0,1.04,NEI
2000-07-07 15:46:44.560,7,7,2000,15,51.411,179.978,31.0,6.2,Me,566.0,0.96,NEI
2000-07-11 01:32:28.760,11,7,2000,1,57.354599999999905,-154.198,42.92,6.29,ML,129.0,0.91,AK
2000-07-15 01:30:30.500,15,7,2000,1,34.319,139.259999999999,10.0,6.1,Mw,275.0,0.88,NEI
2000-07-16 03:21:45.530,16,7,2000,3,20.253,122.043,33.0,6.4,Mw,304.0,1.21,NEI
2000-07-16 03:57:45.560,16,7,2000,3,-7.747,150.917,10.0,7.3,Me,367.0,0.94,NEI
2000-07-16 17:25:23.070,16,7,2000,17,-12.404,166.508999999999,33.0,6.1,Mw,213.0,1.09,NEI
2000-07-17 22:53:47.300,17,7,2000,22,36.283,70.924,141.4,6.3,Mw,419.0,1.06,NEI
2000-07-20 18:39:18.820,20,7,2000,18,36.509999999999906,140.983,47.1,6.0,Mw,480.0,0.68,NEI
2000-07-21 01:53:35.810,21,7,2000,1,9.416,-85.32899999999991,33.0,6.4,Mw,467.0,1.13,NEI
2000-07-30 12:25:45.570,30,7,2000,12,33.901,139.376,10.0,6.5,Mw,428.0,0.94,NEI
2000-07-31 22:44:30.420,31,7,2000,22,-16.6969999999999,174.542,10.0,6.2,Me,299.0,0.94,NEI
2000-07-31 23:01:49.320,31,7,2000,23,-29.279,-176.349999999999,10.0,6.2,Mw,163.0,0.91,NEI
2000-08-03 01:09:38.980,3,8,2000,1,-12.037,166.448,33.0,6.6,Me,218.0,1.02,NEI
2000-08-04 21:13:02.710,4,8,2000,21,48.786,142.246,10.0,6.8,Me,593.0,0.89,NEI
2000-08-06 07:27:12.900,6,8,2000,7,28.856,139.556,394.8,7.4,Me,588.0,0.9,NEI
2000-08-07 14:33:55.910,7,8,2000,14,-7.018,123.357,648.5,6.5,Me,517.0,0.86,NEI
2000-08-09 00:08:41.810,9,8,2000,0,-15.693,167.985999999999,33.0,6.3,Me,299.0,0.84,NEI
2000-08-09 11:41:47.900,9,8,2000,11,18.198,-102.48,45.8,6.5,Me,481.0,1.05,NEI
2000-08-09 22:55:59.480,9,8,2000,22,-16.797,174.331999999999,33.0,6.4,Mw,222.0,1.06,NEI
2000-08-12 10:26:15.860,12,8,2000,10,-3.072,136.111999999999,33.0,6.0,Mw,196.0,0.89,NEI
2000-08-14 22:11:16.110,14,8,2000,22,-9.377,153.854,10.0,6.0,Mw,198.0,0.87,NEI
2000-08-15 04:30:08.800,15,8,2000,4,-31.5109999999999,179.724999999999,357.7,6.6,Me,471.0,0.94,NEI
2000-08-21 09:16:25.450,21,8,2000,9,-53.02,-45.966,10.0,6.1,Me,106.0,1.05,NEI
2000-08-28 15:05:47.910,28,8,2000,15,-4.11,127.394,16.0,6.8,Me,336.0,1.01,NEI
2000-08-28 15:38:06.390,28,8,2000,15,-3.986,127.325,10.0,6.1,Mw,168.0,1.08,NEI
2000-08-28 19:29:24.570,28,8,2000,19,-4.163,127.311,33.0,6.0,Mb,271.0,1.0,NEI
2000-08-28 19:29:32.330,28,8,2000,19,-4.124,127.027,33.0,6.3,Mw,160.0,1.02,NEI
2000-09-01 11:56:51.830,1,9,2000,11,1.438,96.59099999999991,33.0,6.0,Me,194.0,1.02,NEI
2000-09-02 17:02:19.550,2,9,2000,17,-20.073,-179.134999999999,687.6,6.0,Mw,427.0,0.86,NEI
2000-09-10 19:06:15.630,10,9,2000,19,-1.112,129.331999999999,33.0,6.1,Me,304.0,0.89,NEI
2000-09-11 17:17:53.400,11,9,2000,17,-15.877,-173.691,115.4,6.3,Me,477.0,0.8,NEI
2000-09-12 00:27:58.620,12,9,2000,0,35.389,99.343,10.0,6.1,Mw,432.0,0.99,NEI
2000-09-12 16:27:24.580,12,9,2000,16,-5.435,101.822999999999,33.0,6.0,Me,232.0,1.09,NEI
2000-09-14 14:59:57.670,14,9,2000,14,-15.742,179.800999999999,33.0,6.2,Mw,263.0,0.93,NEI
2000-09-22 18:22:03.150,22,9,2000,18,-4.964,102.104,33.0,6.2,Mw,256.0,1.06,NEI
2000-09-26 06:17:52.410,26,9,2000,6,-17.178,-173.926999999999,56.0,6.4,Me,437.0,0.92,NEI
2000-09-28 23:23:43.350,28,9,2000,23,-0.215,-80.58199999999991,22.9,6.4,Me,385.0,0.95,NEI
2000-10-02 02:25:31.310,2,10,2000,2,-7.977,30.709,34.0,6.5,Me,415.0,1.13,NEI
2000-10-03 04:13:30.490,3,10,2000,4,40.281999999999904,143.124,33.0,6.3,Me,307.0,0.89,NEI
2000-10-04 14:37:44.150,4,10,2000,14,11.124,-62.558999999999905,110.3,6.2,Me,454.0,0.9,NEI
2000-10-04 16:58:44.310,4,10,2000,16,-15.4209999999999,166.91,23.0,7.0,Me,357.0,1.16,NEI
2000-10-05 13:39:11.670,5,10,2000,13,31.7319999999999,-40.957999999999906,10.0,6.1,Mw,351.0,0.96,NEI
2000-10-05 20:06:14.020,5,10,2000,20,6.853,126.822,87.3,6.1,Mw,152.0,0.91,NEI
2000-10-06 04:30:19.150,6,10,2000,4,35.456,133.133999999999,10.0,6.7,Mw,390.0,1.02,NEI
2000-10-21 05:25:14.860,21,10,2000,5,-17.286,-175.175999999999,291.8,6.3,Mw,192.0,0.99,NEI
2000-10-21 11:35:59.130,21,10,2000,11,-47.347,-12.403,10.0,6.0,Mw,63.0,1.24,NEI
2000-10-25 05:26:38.890,25,10,2000,5,-34.6049999999999,-109.648,10.0,6.0,Mw,178.0,0.97,NEI
2000-10-25 09:32:23.970,25,10,2000,9,-6.549,105.63,38.0,6.8,Me,415.0,0.89,NEI
2000-10-25 19:00:17.490,25,10,2000,19,-34.6779999999999,-109.458,10.0,6.1,Mw,225.0,0.91,NEI
2000-10-27 04:21:51.600,27,10,2000,4,26.2659999999999,140.46,388.0,6.1,Mw,370.0,0.95,NEI
2000-10-29 08:37:08.770,29,10,2000,8,-4.766,153.944999999999,50.0,7.0,Me,60.0,0.96,NEI
2000-10-30 12:01:30.760,30,10,2000,12,-9.708,119.075,33.0,6.0,Mw,148.0,1.08,NEI
2000-10-31 18:43:20.920,31,10,2000,18,-17.867,-175.312,33.0,6.2,Mw,258.0,0.99,NEI
2000-11-01 10:35:55.030,1,11,2000,10,-45.07,167.008999999999,24.5,6.1,Mw,98.0,1.16,NEI
2000-11-07 00:18:04.910,7,11,2000,0,-55.627,-29.876,10.0,6.8,Me,187.0,1.28,NEI
2000-11-07 07:50:09.670,7,11,2000,7,-5.432,154.015999999999,90.5,6.2,Mw,141.0,1.08,NEI
2000-11-08 06:59:58.860,8,11,2000,6,7.042,-77.82899999999991,17.0,6.5,Me,462.0,1.01,NEI
2000-11-13 15:57:21.610,13,11,2000,15,42.488999999999905,144.764999999999,33.0,6.0,Me,450.0,0.8,NEI
2000-11-16 04:54:56.740,16,11,2000,4,-3.98,152.169,33.0,8.0,Mw,254.0,1.2,NEI
2000-11-16 05:21:22.410,16,11,2000,5,-5.069,153.238,33.0,6.0,Mb,117.0,1.04,NEI
2000-11-16 07:42:16.930,16,11,2000,7,-5.233,153.102,30.0,7.8,Me,294.0,1.31,NEI
2000-11-16 07:45:32.940,16,11,2000,7,-4.827,153.226,33.0,6.5,Mb,71.0,0.97,NEI
2000-11-16 11:05:41.640,16,11,2000,11,-5.29,152.967999999999,33.0,6.2,Ms,209.0,1.16,NEI
2000-11-17 21:01:56.490,17,11,2000,21,-5.496,151.781,33.0,7.8,Mw,346.0,1.07,NEI
2000-11-18 02:05:48.810,18,11,2000,2,-5.097,153.181,33.0,6.6,Me,267.0,1.13,NEI
2000-11-18 06:54:58.350,18,11,2000,6,-5.228,151.770999999999,33.0,6.8,Me,402.0,1.04,NEI
2000-11-18 23:05:39.780,18,11,2000,23,-5.384,153.452,33.0,6.1,Me,225.0,0.99,NEI
2000-11-19 02:45:27.570,19,11,2000,2,-5.133,151.655,57.8,6.0,Me,338.0,0.91,NEI
2000-11-19 05:35:19.300,19,11,2000,5,-5.588,151.866999999999,33.0,6.1,Mw,129.0,1.16,NEI
2000-11-21 17:33:34.450,21,11,2000,17,-5.486,152.152999999999,33.0,6.2,Me,142.0,0.9,NEI
2000-11-21 21:21:05.260,21,11,2000,21,-5.43,152.687999999999,33.0,6.1,Mw,133.0,1.21,NEI
2000-11-23 18:43:15.660,23,11,2000,18,-4.585,153.057999999999,33.0,6.3,Mw,283.0,1.1,NEI
2000-11-25 18:09:11.420,25,11,2000,18,40.244999999999905,49.945999999999906,50.4,6.8,Me,446.0,1.03,NEI
2000-11-25 18:10:47.390,25,11,2000,18,40.167,49.954,33.0,6.5,Me,268.0,1.02,NEI
2000-11-29 10:25:13.260,29,11,2000,10,-24.869,-70.88599999999991,58.2,6.3,Me,212.0,1.15,NEI
2000-12-04 04:43:09.590,4,12,2000,4,14.8759999999999,-93.944,33.0,6.1,Mw,151.0,1.0,NEI
2000-12-06 17:11:06.400,6,12,2000,17,39.566,54.79899999999991,30.0,7.0,Mw,495.0,0.9,NEI
2000-12-06 22:57:40.040,6,12,2000,22,-4.218,152.724999999999,31.0,6.5,Mw,401.0,0.98,NEI
2000-12-12 05:26:45.940,12,12,2000,5,6.015,-82.679,10.0,6.1,Mw,374.0,1.09,NEI
2000-12-15 16:44:47.660,15,12,2000,16,38.457,31.3509999999999,10.0,6.0,Mw,174.0,1.24,NEI
2000-12-18 01:19:21.650,18,12,2000,1,-21.178,-179.124,628.2,6.6,Mw,532.0,0.91,NEI
2000-12-19 13:11:47.370,19,12,2000,13,11.765,144.759999999999,33.0,6.2,Mw,294.0,1.01,NEI
2000-12-20 11:23:54.100,20,12,2000,11,-39.008,-74.662,11.0,6.5,Me,253.0,1.05,NEI
2000-12-20 16:49:43.300,20,12,2000,16,-9.231,154.353,33.0,6.6,Mw,105.0,1.27,NEI
2000-12-21 01:01:27.770,21,12,2000,1,-5.706,151.122,33.0,6.4,Mw,424.0,0.82,NEI
2000-12-21 02:41:23.130,21,12,2000,2,-5.354,154.133,386.7,6.0,Mw,247.0,0.81,NEI
2000-12-22 10:13:01.110,22,12,2000,10,44.78999999999991,147.196,140.4,6.2,Mw,528.0,0.81,NEI
2000-12-23 07:13:24.300,23,12,2000,7,-7.873,135.816,61.7,6.0,Mw,129.0,0.89,NEI
2000-12-28 04:34:28.450,28,12,2000,4,-4.05,152.306999999999,33.0,6.2,Mw,170.0,0.98,NEI
2001-01-01 06:57:04.170,1,1,2001,6,6.898,126.578999999999,33.0,7.5,Mw,324.0,1.06,NEI
2001-01-01 08:54:31.580,1,1,2001,8,6.631,126.899,33.0,6.8,Mw,64.0,0.94,NEI
2001-01-02 07:30:03.780,2,1,2001,7,6.749,126.809,33.0,6.4,Mw,161.0,0.89,NEI
2001-01-02 23:17:41.970,2,1,2001,23,-11.16,162.44,33.0,6.0,Mw,34.0,1.12,NEI
2001-01-09 16:49:28.000,9,1,2001,16,-14.928,167.169999999999,103.0,7.1,Mw,372.0,1.15,NEI
2001-01-10 16:02:42.640,10,1,2001,16,56.7744,-153.281,36.38,6.93,ML,104.0,1.66,AK
2001-01-11 00:04:03.000,11,1,2001,0,48.89,-129.31,10.0,6.0,Mw,341.0,0.0,PGC
2001-01-13 17:33:32.380,13,1,2001,17,13.0489999999999,-88.6599999999999,60.0,7.7,Mw,427.0,1.13,NEI
2001-01-15 05:52:16.250,15,1,2001,5,-40.344,78.36199999999991,10.0,6.4,Mw,87.0,1.07,NEI
2001-01-16 13:25:01.080,16,1,2001,13,-3.957,101.746,33.0,6.0,Mb,330.0,0.86,NEI
2001-01-16 13:25:09.830,16,1,2001,13,-4.022,101.776,28.0,6.9,Mw,117.0,1.22,NEI
2001-01-19 01:12:52.080,19,1,2001,1,15.4019999999999,-92.718,93.2,6.0,Mw,357.0,1.14,NEI
2001-01-19 08:10:14.750,19,1,2001,8,-11.662,166.38,50.0,6.3,Mw,215.0,1.1,NEI
2001-01-19 09:04:34.560,19,1,2001,9,-58.161,-9.472,33.0,6.0,Mw,37.0,1.34,NEI
2001-01-26 03:16:40.500,26,1,2001,3,23.419,70.2319999999999,16.0,7.7,Mw,472.0,1.25,NEI
2001-01-29 23:21:25.940,29,1,2001,23,-0.677,133.334,33.0,6.2,Mw,159.0,1.04,NEI
2001-02-01 18:19:30.390,1,2,2001,18,51.436999999999905,-177.797,33.0,6.0,Mw,434.0,0.88,NEI
2001-02-13 14:22:05.820,13,2,2001,14,13.6709999999999,-88.938,10.0,6.6,Mw,273.0,1.44,NEI
2001-02-13 19:28:30.260,13,2,2001,19,-4.68,102.562,36.0,7.4,Mw,221.0,1.31,NEI
2001-02-14 14:04:25.610,14,2,2001,14,-19.494,177.33,10.0,6.1,Mw,183.0,1.28,NEI
2001-02-14 14:16:59.180,14,2,2001,14,-19.6909999999999,177.389999999999,10.0,6.2,Mw,192.0,1.07,NEI
2001-02-16 05:59:09.480,16,2,2001,5,-7.161,117.488,521.0,6.1,Mw,371.0,0.93,NEI
2001-02-17 20:11:30.000,17,2,2001,20,53.92,-133.61,20.0,6.2,Mw,380.0,0.0,PGC
2001-02-18 13:04:53.420,18,2,2001,13,-47.456,32.386,10.0,6.0,Mw,178.0,1.12,NEI
2001-02-24 07:23:48.730,24,2,2001,7,1.271,126.249,35.0,7.1,Mw,426.0,1.05,NEI
2001-02-24 16:33:44.680,24,2,2001,16,1.555,126.431,33.0,6.2,Mw,208.0,1.16,NEI
2001-02-25 02:21:59.590,25,2,2001,2,36.42399999999991,70.881,202.5,6.2,Mw,466.0,0.95,NEI
2001-02-26 05:58:22.430,26,2,2001,5,46.814999999999905,144.525,392.0,6.1,Mw,453.0,0.82,NEI
2001-02-28 12:30:14.050,28,2,2001,12,-21.986,170.206999999999,10.0,6.7,Mw,243.0,1.11,NEI
2001-02-28 13:05:31.640,28,2,2001,13,-22.0019999999999,170.108,10.0,6.3,Mw,110.0,1.12,NEI
2001-02-28 18:50:13.020,28,2,2001,18,13.2829999999999,-88.8269999999999,65.3,6.1,Mw,179.0,0.99,NEI
2001-02-28 18:54:32.830,28,2,2001,18,47.149,-122.726699999999,51.9,6.8,Mc,66.0,0.2,UW
2001-03-06 09:17:36.080,6,3,2001,9,-54.588,157.270999999999,10.0,6.4,Mw,134.0,0.99,NEI
2001-03-07 18:10:58.650,7,3,2001,18,-6.81,-12.911,10.0,6.0,Mw,162.0,0.98,NEI
2001-03-14 18:56:18.880,14,3,2001,18,0.451,121.892,109.4,6.0,Mw,313.0,0.83,NEI
2001-03-15 01:22:43.370,15,3,2001,1,8.656,94.013,33.0,6.0,Mw,324.0,1.04,NEI
2001-03-15 13:02:42.110,15,3,2001,13,-32.3209999999999,-71.492,37.0,6.0,Mw,297.0,0.9,NEI
2001-03-19 05:52:15.890,19,3,2001,5,-4.029,128.02,33.0,6.5,Mw,206.0,1.07,NEI
2001-03-23 11:30:10.520,23,3,2001,11,44.070999999999906,148.054,33.0,6.0,Mw,480.0,0.81,NEI
2001-03-24 06:27:53.580,24,3,2001,6,34.0829999999999,132.526,50.0,6.8,Mw,596.0,0.85,NEI
2001-04-04 07:44:11.200,4,4,2001,7,-5.176,132.369,33.0,6.4,Mw,176.0,0.99,NEI
2001-04-07 23:17:37.920,7,4,2001,23,-27.5539999999999,-176.336,33.0,6.2,Mw,184.0,1.06,NEI
2001-04-09 09:00:57.170,9,4,2001,9,-32.6679999999999,-73.10899999999991,11.0,6.7,Mw,314.0,1.14,NEI
2001-04-13 15:33:53.550,13,4,2001,15,-59.72299999999991,-25.5859999999999,26.0,6.2,Mw,132.0,1.13,NEI
2001-04-14 23:27:26.660,14,4,2001,23,30.0919999999999,141.768,10.0,6.0,Mw,358.0,1.17,NEI
2001-04-19 03:13:25.580,19,4,2001,3,-7.455,155.893,12.0,6.0,Mw,255.0,0.88,NEI
2001-04-19 20:58:26.140,19,4,2001,20,-7.306,155.965,20.0,6.2,Mw,281.0,0.92,NEI
2001-04-19 21:43:42.280,19,4,2001,21,-7.41,155.865,17.0,6.7,Mw,282.0,1.03,NEI
2001-04-26 17:48:57.470,26,4,2001,17,43.097,145.923,86.0,6.0,Mw,490.0,0.81,NEI
2001-04-28 04:49:53.430,28,4,2001,4,-18.064,-176.937,351.8,6.9,Mw,525.0,1.08,NEI
2001-04-29 21:26:54.540,29,4,2001,21,18.736,-104.545,10.0,6.2,Mw,259.0,1.25,NEI
2001-05-07 00:33:23.800,7,5,2001,0,-56.186,-144.471,10.0,6.2,Mw,101.0,1.27,NEI
2001-05-09 17:38:26.120,9,5,2001,17,-10.318,161.232,67.9,6.3,Mw,314.0,1.01,NEI
2001-05-19 17:36:25.590,19,5,2001,17,-19.9029999999999,-177.514999999999,368.7,6.0,Mw,364.0,1.05,NEI
2001-05-20 04:21:43.820,20,5,2001,4,18.8159999999999,-104.446,33.0,6.3,Mw,193.0,1.26,NEI
2001-05-25 00:40:50.600,25,5,2001,0,44.268,148.393,33.0,6.7,Mw,400.0,0.85,NEI
2001-05-25 05:06:10.680,25,5,2001,5,-7.869,110.179,143.1,6.3,Mw,283.0,1.2,NEI
2001-05-26 10:57:26.150,26,5,2001,10,-20.292,-177.842,406.5,6.4,Mw,346.0,1.07,NEI
2001-05-28 08:37:05.110,28,5,2001,8,-6.609,132.346,33.0,6.0,Mw,254.0,0.96,NEI
2001-05-29 23:37:19.490,29,5,2001,23,-7.022,155.037,14.0,6.4,Mw,258.0,1.0,NEI
2001-06-03 02:41:57.160,3,6,2001,2,-29.666,-178.633,178.1,7.2,Mw,421.0,1.01,NEI
2001-06-05 09:00:05.380,5,6,2001,9,-6.884,146.388,10.0,6.4,Mw,245.0,0.97,NEI
2001-06-05 15:13:58.150,5,6,2001,15,-6.815,146.41,10.0,6.0,Mw,214.0,0.9,NEI
2001-06-14 19:48:47.850,14,6,2001,19,51.159999999999904,-179.828,18.0,6.5,Mw,475.0,1.04,NEI
2001-06-15 06:17:45.330,15,6,2001,6,18.8329999999999,146.983,33.0,6.0,Mw,190.0,0.92,NEI
2001-06-15 16:19:07.610,15,6,2001,16,13.903,51.679,10.0,6.0,Mw,265.0,1.38,NEI
2001-06-16 02:13:38.180,16,6,2001,2,-14.8889999999999,-173.339,10.0,6.0,Mw,223.0,0.94,NEI
2001-06-19 09:32:24.710,19,6,2001,9,-22.739,-67.87699999999991,146.6,6.0,Mw,243.0,0.94,NEI
2001-06-23 20:33:14.130,23,6,2001,20,-16.265,-73.641,33.0,8.4,Mw,518.0,1.05,NEI
2001-06-23 21:27:35.710,23,6,2001,21,-17.181,-72.641,33.0,6.1,Mb,229.0,0.92,NEI
2001-06-24 13:18:51.710,24,6,2001,13,44.189,148.509999999999,33.0,6.0,Mw,460.0,0.79,NEI
2001-06-26 04:18:31.380,26,6,2001,4,-17.745,-71.649,24.0,6.7,Mw,422.0,1.06,NEI
2001-06-26 12:33:52.030,26,6,2001,12,-4.07,-104.468999999999,10.0,6.1,Mw,124.0,1.08,NEI
2001-06-29 18:35:51.980,29,6,2001,18,-19.5219999999999,-66.254,273.9,6.1,Mw,386.0,0.8,NEI
2001-07-01 01:46:06.130,1,7,2001,1,-4.312,152.955999999999,28.0,6.1,Mw,307.0,0.82,NEI
2001-07-03 13:10:42.600,3,7,2001,13,21.6409999999999,142.984,290.0,6.5,Mw,474.0,0.87,NEI
2001-07-04 07:06:31.600,4,7,2001,7,-21.725,-176.705,184.6,6.5,Mw,429.0,0.77,NEI
2001-07-04 12:09:03.840,4,7,2001,12,-17.003,-65.7109999999999,33.0,6.2,Mw,230.0,1.0,NEI
2001-07-05 13:53:48.360,5,7,2001,13,-16.0859999999999,-73.98699999999991,62.0,6.6,Mw,324.0,1.38,NEI
2001-07-07 09:38:43.520,7,7,2001,9,-17.5429999999999,-72.0769999999999,33.0,7.6,Mw,398.0,1.15,NEI
2001-07-08 17:54:18.760,8,7,2001,17,-6.663,152.108,10.0,6.2,Mw,344.0,0.87,NEI
2001-07-22 18:15:09.010,22,7,2001,18,-5.147,132.337999999999,33.0,6.0,Mw,199.0,0.9,NEI
2001-07-24 05:00:09.090,24,7,2001,5,-19.448,-69.25499999999991,33.0,6.4,Mw,300.0,1.26,NEI
2001-07-26 00:21:36.920,26,7,2001,0,39.058999999999905,24.244,10.0,6.5,Mw,483.0,1.04,NEI
2001-07-28 07:32:45.630,28,7,2001,7,58.774999999999906,-154.7006,131.85,6.34,ML,150.0,1.04,AK
2001-08-02 23:41:06.170,2,8,2001,23,56.259999999999906,163.789999999999,14.0,6.3,Mw,455.0,0.9,NEI
2001-08-06 03:52:59.510,6,8,2001,3,-55.53699999999991,-123.422,10.0,6.7,Mw,294.0,1.08,NEI
2001-08-13 20:11:23.400,13,8,2001,20,41.04599999999991,142.307999999999,38.0,6.4,Mw,528.0,0.87,NEI
2001-08-21 06:52:06.250,21,8,2001,6,-36.813,-179.574999999999,33.0,7.1,Mw,478.0,1.18,NEI
2001-08-23 21:45:03.160,23,8,2001,21,-3.373,146.311,10.0,6.2,Mw,228.0,1.24,NEI
2001-08-25 02:02:02.500,25,8,2001,2,7.633,-82.766,24.5,6.1,Mw,422.0,1.01,NEI
2001-08-27 01:16:47.450,27,8,2001,1,1.091,126.36,33.0,6.1,Mw,265.0,1.03,NEI
2001-09-02 02:25:54.090,2,9,2001,2,0.889,82.501,10.0,6.1,Mw,281.0,0.96,NEI
2001-09-02 10:06:51.500,2,9,2001,10,-54.356,-137.015999999999,10.0,6.3,Mw,147.0,1.25,NEI
2001-09-11 14:56:50.920,11,9,2001,14,-0.578,133.13,33.0,6.5,Mw,174.0,0.89,NEI
2001-09-12 08:48:37.270,12,9,2001,8,-20.9929999999999,-179.109,608.1,6.5,Mw,373.0,0.92,NEI
2001-09-14 04:45:08.000,14,9,2001,4,48.689999999999905,-128.71,10.0,6.0,Mw,391.0,0.0,PGC
2001-09-15 15:04:34.080,15,9,2001,15,-22.393,-175.009999999999,10.0,6.0,Mw,179.0,1.08,NEI
2001-09-18 02:19:30.790,18,9,2001,2,-7.506,127.739,131.8,6.0,Mw,207.0,0.94,NEI
2001-09-29 02:40:07.380,29,9,2001,2,-18.503,168.158999999999,33.0,6.4,Mw,327.0,1.42,NEI
2001-09-30 19:01:18.710,30,9,2001,19,-18.419,168.121,33.0,6.2,Mw,260.0,1.11,NEI
2001-10-02 00:48:18.790,2,10,2001,0,-16.183,-173.819999999999,106.9,6.2,Mw,431.0,0.84,NEI
2001-10-07 02:21:09.810,7,10,2001,2,-3.296,142.934,10.0,6.2,Mw,249.0,1.05,NEI
2001-10-08 18:14:26.440,8,10,2001,18,52.591,160.324,48.5,6.5,Mw,545.0,0.92,NEI
2001-10-08 18:20:38.250,8,10,2001,18,52.631,160.214,33.0,6.4,Mw,432.0,0.99,NEI
2001-10-12 05:02:34.000,12,10,2001,5,52.63,-132.199999999999,20.0,6.1,Mw,432.0,0.0,PGC
2001-10-12 15:02:16.840,12,10,2001,15,12.686,144.979999999999,37.0,7.0,Mw,482.0,1.15,NEI
2001-10-13 16:27:00.070,13,10,2001,16,0.839,125.98,33.0,6.0,Mw,151.0,1.11,NEI
2001-10-17 11:29:09.920,17,10,2001,11,19.3539999999999,-64.932,33.0,6.0,Mw,215.0,0.87,NEI
2001-10-19 03:28:44.460,19,10,2001,3,-4.102,123.907,33.0,7.5,Mw,234.0,1.14,NEI
2001-10-21 00:29:21.490,21,10,2001,0,-37.137,178.982,18.0,6.7,Mw,320.0,1.26,NEI
2001-10-26 23:05:50.950,26,10,2001,23,-18.494,168.108,33.0,6.1,Mw,358.0,0.9,NEI
2001-10-31 09:10:20.000,31,10,2001,9,-5.912,150.196,33.0,7.0,Mw,254.0,0.92,NEI
2001-11-05 23:07:11.720,5,11,2001,23,-17.289,-179.251,564.1,6.3,Mw,454.0,0.88,NEI
2001-11-09 00:47:55.020,9,11,2001,0,9.643,-82.2999999999999,10.0,6.1,Mw,449.0,0.94,NEI
2001-11-13 09:47:36.540,13,11,2001,9,22.3709999999999,-106.973,33.0,6.1,Mw,263.0,1.23,NEI
2001-11-13 10:43:02.300,13,11,2001,10,53.627,170.550999999999,33.0,6.0,ML,307.0,0.0,AK
2001-11-13 10:43:23.080,13,11,2001,10,53.627,170.550999999999,33.0,6.0,Mw,307.0,1.13,NEI
2001-11-14 09:26:10.010,14,11,2001,9,35.9459999999999,90.5409999999999,10.0,7.8,Mw,368.0,1.07,NEI
2001-11-15 01:03:06.060,15,11,2001,1,-1.587,-15.5779999999999,10.0,6.3,Mw,220.0,1.23,NEI
2001-11-20 21:08:18.430,20,11,2001,21,-6.88,128.920999999999,33.0,6.2,Mw,122.0,1.04,NEI
2001-11-22 23:22:20.440,22,11,2001,23,-16.2549999999999,178.019,10.0,6.3,Mw,209.0,1.33,NEI
2001-11-22 23:24:47.740,22,11,2001,23,-16.242,178.054,10.0,6.2,Mw,163.0,1.12,NEI
2001-11-23 20:43:03.550,23,11,2001,20,36.392,71.506,106.5,6.1,Mw,428.0,1.02,NEI
2001-11-27 00:53:46.190,27,11,2001,0,-33.228,-178.573,10.0,6.0,Mw,91.0,1.22,NEI
2001-11-28 14:32:32.720,28,11,2001,14,15.571,-93.10599999999991,84.9,6.4,Mw,447.0,0.88,NEI
2001-12-02 02:47:56.260,2,12,2001,2,-12.738,166.663999999999,100.5,6.0,Mw,243.0,0.96,NEI
2001-12-02 13:01:53.670,2,12,2001,13,39.402,141.089,123.8,6.5,Mw,605.0,0.79,NEI
2001-12-03 11:32:29.800,3,12,2001,11,-16.4959999999999,-177.539999999999,10.0,6.4,Mw,169.0,1.11,NEI
2001-12-08 20:29:34.230,8,12,2001,20,28.251,129.574,33.0,6.2,Mw,221.0,1.03,NEI
2001-12-09 18:15:02.600,9,12,2001,18,-0.002,122.87,156.3,6.1,Mw,220.0,0.98,NEI
2001-12-12 12:53:18.410,12,12,2001,12,-17.189,167.721,33.0,6.1,Mw,424.0,0.88,NEI
2001-12-12 14:02:35.040,12,12,2001,14,-42.813,124.688,10.0,7.1,Mw,255.0,0.97,NEI
2001-12-18 04:02:58.280,18,12,2001,4,23.954,122.733999999999,14.0,6.8,Mw,499.0,1.04,NEI
2001-12-22 00:40:04.330,22,12,2001,0,-10.91,165.863,74.2,6.0,Mw,233.0,1.01,NEI
2001-12-23 22:52:54.330,23,12,2001,22,-9.613,159.53,16.0,6.8,Mw,385.0,1.17,NEI
2001-12-27 10:54:51.790,27,12,2001,10,-14.647,167.262,153.2,6.2,Mw,403.0,1.18,NEI
2001-12-28 22:09:28.010,28,12,2001,22,-8.35699999999999,-74.2199999999999,160.6,6.0,Mw,396.0,0.86,NEI
2002-01-01 10:39:06.820,1,1,2002,10,-55.213999999999906,-129.0,10.0,6.0,Mw,78.0,1.07,NEI
2002-01-01 11:29:22.730,1,1,2002,11,6.303,125.65,138.1,6.3,Mw,236.0,0.9,NEI
2002-01-02 14:50:33.490,2,1,2002,14,-17.983,178.744,665.8,6.2,Mw,215.0,1.08,NEI
2002-01-02 17:22:48.760,2,1,2002,17,-17.6,167.855999999999,21.0,7.2,Mw,427.0,0.9,NEI
2002-01-03 07:05:27.670,3,1,2002,7,36.088,70.6869999999999,129.3,6.2,Mw,431.0,0.87,NEI
2002-01-03 10:17:36.300,3,1,2002,10,-17.664,168.003999999999,10.0,6.6,Mw,386.0,1.14,NEI
2002-01-10 11:14:56.930,10,1,2002,11,-3.212,142.426999999999,11.0,6.7,Mw,333.0,1.18,NEI
2002-01-13 14:10:56.520,13,1,2002,14,-5.651,151.074,43.6,6.4,Mw,441.0,1.06,NEI
2002-01-15 04:47:59.850,15,1,2002,4,-17.334,167.722,10.0,6.0,Mw,173.0,1.09,NEI
2002-01-15 07:12:58.030,15,1,2002,7,-6.314,105.205,10.0,6.1,Mw,209.0,1.23,NEI
2002-01-15 09:01:15.950,15,1,2002,9,-5.527,151.097,41.1,6.2,Mw,191.0,0.96,NEI
2002-01-16 23:09:52.080,16,1,2002,23,15.502,-93.13299999999991,80.2,6.4,Mw,431.0,0.94,NEI
2002-01-22 04:53:52.650,22,1,2002,4,35.7899999999999,26.617,88.0,6.2,Mw,390.0,0.95,NEI
2002-01-28 13:50:28.720,28,1,2002,13,49.381,155.593999999999,33.0,6.1,Mw,528.0,0.82,NEI
2002-01-28 15:09:55.890,28,1,2002,15,-15.304,-173.224999999999,33.0,6.2,Mw,192.0,1.01,NEI
2002-01-30 12:58:19.220,30,1,2002,12,-6.252,150.887,33.0,6.0,Mw,371.0,0.82,NEI
2002-02-03 07:11:28.410,3,2,2002,7,38.573,31.271,5.0,6.5,Mw,482.0,0.0,ISK
2002-02-03 09:26:43.350,3,2,2002,9,38.631999999999906,30.902,10.0,6.0,Mw,450.0,0.91,NEI
2002-02-05 13:27:24.670,5,2,2002,13,-5.345,151.247999999999,39.0,6.6,Mw,444.0,0.88,NEI
2002-02-15 01:46:37.850,15,2,2002,1,-36.231,-100.301,10.0,6.0,Mw,124.0,1.2,NEI
2002-02-19 00:35:45.700,19,2,2002,0,-3.731,150.991999999999,10.0,6.1,Mw,175.0,1.41,NEI
2002-02-28 01:50:48.940,28,2,2002,1,-5.685,151.258,40.2,6.3,Mw,472.0,0.87,NEI
2002-03-03 12:08:07.810,3,3,2002,12,36.429,70.438,209.0,6.3,Mb,515.0,1.0,NEI
2002-03-03 12:08:19.740,3,3,2002,12,36.502,70.4819999999999,225.6,7.4,Mw,138.0,1.06,NEI
2002-03-05 21:16:09.130,5,3,2002,21,6.033,124.249,31.0,7.5,Mw,321.0,0.95,NEI
2002-03-08 18:27:53.190,8,3,2002,18,5.871,124.274,23.3,6.0,Mw,166.0,0.89,NEI
2002-03-09 12:27:11.220,9,3,2002,12,-56.018999999999906,-27.332,118.4,6.0,Mw,168.0,0.85,NEI
2002-03-17 19:33:33.780,17,3,2002,19,-45.220999999999904,35.1049999999999,10.0,6.0,Mw,71.0,1.24,NEI
2002-03-19 22:14:14.930,19,3,2002,22,-6.486,129.901,148.1,6.1,Mw,257.0,0.74,NEI
2002-03-25 14:56:33.820,25,3,2002,14,36.061999999999905,69.3149999999999,8.0,6.1,Mw,416.0,1.07,NEI
2002-03-26 03:45:48.700,26,3,2002,3,23.346,124.09,33.0,6.4,Mw,345.0,1.04,NEI
2002-03-28 04:56:22.400,28,3,2002,4,-21.663,-68.32899999999991,125.1,6.5,Mw,486.0,0.98,NEI
2002-03-31 06:52:50.490,31,3,2002,6,24.279,122.179,32.8,7.1,Mw,550.0,0.96,NEI
2002-04-07 01:41:26.150,7,4,2002,1,-60.939999999999905,154.25,10.0,6.2,Mw,50.0,1.24,NEI
2002-04-08 03:48:55.240,8,4,2002,3,-51.067999999999905,139.269,10.0,6.2,Mw,169.0,1.13,NEI
2002-04-11 21:56:56.390,11,4,2002,21,-14.3919999999999,167.687,10.0,6.2,Mw,339.0,1.12,NEI
2002-04-18 05:02:46.190,18,4,2002,5,16.9849999999999,-100.864999999999,24.9,6.8,Mw,292.0,1.13,NEI
2002-04-18 16:08:36.780,18,4,2002,16,-27.535,-70.5859999999999,62.0,6.7,Mw,462.0,1.09,NEI
2002-04-20 15:59:57.860,20,4,2002,15,-16.382,173.258999999999,33.0,6.0,Mw,368.0,0.96,NEI
2002-04-24 11:00:00.860,24,4,2002,11,-56.134999999999906,-122.312,10.0,6.2,Mw,105.0,1.26,NEI
2002-04-26 16:06:07.000,26,4,2002,16,13.0879999999999,144.619,85.7,7.1,Mw,257.0,1.04,NEI
2002-05-08 05:26:00.360,8,5,2002,5,-17.948,-174.573,130.8,6.2,Mw,303.0,0.87,NEI
2002-05-14 16:56:10.420,14,5,2002,16,-36.518,78.932,10.0,6.2,Mw,67.0,1.37,NEI
2002-05-15 03:46:05.760,15,5,2002,3,24.6359999999999,121.922,10.0,6.2,Mw,335.0,0.98,NEI
2002-05-23 15:52:15.280,23,5,2002,15,-30.7489999999999,-71.197,52.1,6.0,Mw,234.0,0.95,NEI
2002-05-25 05:36:31.970,25,5,2002,5,53.814999999999905,-161.116,33.0,6.4,Mw,307.0,1.29,NEI
2002-05-28 04:04:22.530,28,5,2002,4,-28.937,-66.7969999999999,22.2,6.0,Mw,354.0,0.98,NEI
2002-05-28 16:45:17.100,28,5,2002,16,24.0689999999999,122.264,33.0,6.1,Mw,305.0,1.0,NEI
2002-06-06 23:53:48.470,6,6,2002,23,-0.879,148.33,10.0,6.3,Mw,169.0,1.22,NEI
2002-06-10 22:48:36.210,10,6,2002,22,10.9849999999999,140.69,33.0,6.1,Mw,253.0,1.17,NEI
2002-06-13 01:27:19.470,13,6,2002,1,-47.801,99.751,10.0,6.6,Mw,153.0,1.08,NEI
2002-06-16 02:46:14.030,16,6,2002,2,8.784,-83.992,35.0,6.4,Mw,424.0,1.08,NEI
2002-06-17 13:25:56.380,17,6,2002,13,-4.651,-105.379,10.0,6.0,Mw,132.0,1.21,NEI
2002-06-17 21:26:22.920,17,6,2002,21,-12.592,166.383,33.0,6.7,Mw,272.0,1.14,NEI
2002-06-18 13:56:22.830,18,6,2002,13,-30.805,-71.12399999999991,54.0,6.6,Mw,420.0,1.02,NEI
2002-06-21 00:05:44.850,21,6,2002,0,-4.495,146.768,33.0,6.0,Mw,331.0,0.76,NEI
2002-06-22 02:58:21.300,22,6,2002,2,35.6259999999999,49.046999999999905,10.0,6.5,Mw,555.0,1.11,NEI
2002-06-27 05:50:35.110,27,6,2002,5,-6.963,104.181,11.0,6.5,Mw,428.0,1.15,NEI
2002-06-27 07:16:10.370,27,6,2002,7,-13.275,167.050999999999,186.7,6.0,Mw,358.0,1.1,NEI
2002-06-28 17:19:30.270,28,6,2002,17,43.752,130.666,566.0,7.3,Mw,712.0,0.86,NEI
2002-06-29 02:39:00.720,29,6,2002,2,-12.4,166.524,33.0,6.2,Mw,336.0,1.05,NEI
2002-06-30 21:29:36.300,30,6,2002,21,-22.201,179.25,620.4,6.5,Mw,534.0,0.91,NEI
2002-07-03 23:00:18.470,3,7,2002,23,-5.032,147.336,31.2,6.2,Mw,207.0,1.23,NEI
2002-07-19 06:43:55.100,19,7,2002,6,-56.622999999999905,-140.69,10.0,6.1,Mw,23.0,1.44,NEI
2002-07-30 06:55:07.780,30,7,2002,6,-57.889,-23.242,33.0,6.2,Mw,249.0,1.11,NEI
2002-07-31 00:16:44.610,31,7,2002,0,7.929,-82.793,10.0,6.5,Mw,533.0,1.21,NEI
2002-08-02 23:11:39.130,2,8,2002,23,29.28,138.97,426.1,6.3,Mw,443.0,0.85,NEI
2002-08-04 15:16:26.990,4,8,2002,15,-35.457,-16.238,10.0,6.0,Mw,149.0,1.35,NEI
2002-08-07 23:59:14.540,7,8,2002,23,7.851,-82.89499999999991,10.0,6.0,Mw,413.0,1.17,NEI
2002-08-09 13:31:05.290,9,8,2002,13,-16.309,-176.172,364.1,6.1,Mw,346.0,0.78,NEI
2002-08-12 02:59:24.020,12,8,2002,2,-19.506,169.036,112.2,6.0,Mw,326.0,0.97,NEI
2002-08-14 13:12:39.880,14,8,2002,13,7.831,136.88,10.0,6.3,Mw,294.0,1.02,NEI
2002-08-14 13:57:52.110,14,8,2002,13,14.101,146.199,30.0,6.5,Mw,260.0,0.97,NEI
2002-08-15 05:30:26.230,15,8,2002,5,-1.196,121.333,10.0,6.2,Mw,169.0,1.02,NEI
2002-08-19 11:01:01.190,19,8,2002,11,-21.696,-179.513,580.0,7.7,Mw,670.0,0.93,NEI
2002-08-19 11:08:24.310,19,8,2002,11,-23.884,178.495,675.4,7.7,Mw,302.0,1.08,NEI
2002-08-19 11:23:06.200,19,8,2002,11,-23.899,178.375,677.4,6.1,Mb,227.0,1.14,NEI
2002-08-20 10:59:32.020,20,8,2002,10,30.986,141.966,9.0,6.3,Mw,324.0,0.92,NEI
2002-08-24 18:40:53.440,24,8,2002,18,43.10999999999991,146.117999999999,42.6,6.1,Mw,499.0,0.77,NEI
2002-09-01 17:14:59.890,1,9,2002,17,14.284,51.945,10.0,6.0,Mw,242.0,1.25,NEI
2002-09-06 01:21:28.600,6,9,2002,1,38.381,13.701,5.0,6.0,Mw,528.0,0.0,ROM
2002-09-07 08:14:19.650,7,9,2002,8,-20.2749999999999,-176.036,209.9,6.0,Mw,319.0,0.86,NEI
2002-09-08 13:15:55.720,8,9,2002,13,-22.8359999999999,178.932999999999,618.8,6.0,Mw,251.0,1.05,NEI
2002-09-08 18:44:23.710,8,9,2002,18,-3.302,142.944999999999,13.0,7.6,Mw,428.0,1.16,NEI
2002-09-13 22:28:29.460,13,9,2002,22,13.036,93.0679999999999,21.0,6.5,Mw,646.0,0.9,NEI
2002-09-15 08:39:32.700,15,9,2002,8,44.832999999999906,129.923,586.3,6.4,Mw,675.0,0.76,NEI
2002-09-16 13:23:00.990,16,9,2002,13,-3.313,142.679,10.0,6.3,Mw,310.0,0.88,NEI
2002-09-17 11:20:23.390,17,9,2002,11,-3.284,142.769,10.0,6.0,Mw,279.0,0.86,NEI
2002-09-20 13:33:41.620,20,9,2002,13,-1.743,134.013,10.0,6.0,Mw,164.0,1.05,NEI
2002-09-20 15:43:35.460,20,9,2002,15,-1.68,134.234,10.0,6.4,Mw,241.0,1.25,NEI
2002-09-24 03:57:22.280,24,9,2002,3,-31.5189999999999,-69.2,119.6,6.3,Mw,407.0,0.94,NEI
2002-09-24 04:13:11.630,24,9,2002,4,-10.535,161.199999999999,10.0,6.1,Mw,141.0,1.03,NEI
2002-09-24 22:54:21.480,24,9,2002,22,-10.565,161.11,10.0,6.3,Mw,219.0,0.97,NEI
2002-09-24 23:01:28.670,24,9,2002,23,-10.65,161.21,19.0,6.3,Mw,137.0,1.07,NEI
2002-10-03 16:08:29.620,3,10,2002,16,23.324,-108.53,10.0,6.5,Mw,265.0,1.37,NEI
2002-10-03 19:05:10.670,3,10,2002,19,-7.526,115.663,315.8,6.0,Mw,359.0,0.89,NEI
2002-10-04 19:05:48.770,4,10,2002,19,-20.991,-179.015999999999,621.1,6.3,Mw,710.0,0.93,NEI
2002-10-06 15:46:33.010,6,10,2002,15,-8.19699999999999,118.340999999999,10.0,6.3,Mw,162.0,1.12,NEI
2002-10-08 01:23:58.800,8,10,2002,1,-42.039,88.379,10.0,6.0,Mw,53.0,1.03,NEI
2002-10-10 10:50:20.570,10,10,2002,10,-1.757,134.297,10.0,7.6,Mw,375.0,1.15,NEI
2002-10-10 12:28:25.800,10,10,2002,12,-1.511,133.973,10.0,6.7,Ms,250.0,1.05,NEI
2002-10-10 12:29:35.180,10,10,2002,12,-1.401,133.934,10.0,6.0,Mb,149.0,1.13,NEI
2002-10-10 21:19:58.510,10,10,2002,21,-1.478,134.110999999999,10.0,6.0,Mw,198.0,0.9,NEI
2002-10-12 20:09:11.460,12,10,2002,20,-8.295,-71.738,534.3,6.9,Mw,700.0,1.14,NEI
2002-10-12 23:43:12.850,12,10,2002,23,15.096,118.504,33.0,6.1,Mw,251.0,1.14,NEI
2002-10-13 20:55:07.460,13,10,2002,20,-14.596,-175.416,10.0,6.1,Mw,230.0,0.99,NEI
2002-10-14 14:12:43.750,14,10,2002,14,41.17399999999991,142.249,61.4,6.1,Mw,460.0,0.83,NEI
2002-10-16 10:12:21.430,16,10,2002,10,51.951999999999906,157.323,102.4,6.2,Mw,589.0,0.76,NEI
2002-10-16 14:13:12.740,16,10,2002,14,-15.676,-173.048,33.0,6.0,Mw,256.0,0.99,NEI
2002-10-17 04:23:55.940,17,10,2002,4,-19.8419999999999,-178.401,627.6,6.2,Mw,315.0,1.12,NEI
2002-10-17 17:52:44.190,17,10,2002,17,-3.597,140.226,33.0,6.3,Mw,204.0,0.94,NEI
2002-10-18 11:16:48.310,18,10,2002,11,-57.185,-142.751,10.0,6.1,Mw,25.0,1.42,NEI
2002-10-19 00:43:56.430,19,10,2002,0,-3.667,140.312,33.0,6.0,Mw,133.0,1.08,NEI
2002-10-19 12:09:05.380,19,10,2002,12,44.296999999999905,149.96,33.0,6.3,Mw,441.0,1.11,NEI
2002-10-22 11:39:04.210,22,10,2002,11,-20.6329999999999,-178.390999999999,549.0,6.2,Mw,365.0,0.89,NEI
2002-10-23 11:27:19.430,23,10,2002,11,63.5144,-147.911599999999,4.2,6.36,ML,114.0,0.87,AK
2002-10-24 06:08:37.980,24,10,2002,6,-1.884,29.004,11.0,6.2,Mw,345.0,1.05,NEI
2002-10-31 01:35:16.670,31,10,2002,1,-3.441,148.638,10.0,6.1,Mw,121.0,0.9,NEI
2002-11-02 01:26:10.700,2,11,2002,1,2.824,96.08499999999991,30.0,7.4,Mw,418.0,1.22,NEI
2002-11-02 09:46:46.700,2,11,2002,9,2.954,96.394,27.0,6.3,Mw,438.0,0.99,NEI
2002-11-03 03:37:42.070,3,11,2002,3,38.886,141.977,39.0,6.4,Mw,447.0,0.83,NEI
2002-11-03 22:12:41.520,3,11,2002,22,63.51409999999991,-147.4529,4.2,7.9,Mw,94.0,1.58,AK
2002-11-07 15:14:06.760,7,11,2002,15,51.197,179.334,33.0,6.6,Mw,553.0,1.04,NEI
2002-11-09 00:14:18.080,9,11,2002,0,13.743,-91.1869999999999,33.0,6.0,Mw,274.0,1.06,NEI
2002-11-12 01:46:48.940,12,11,2002,1,-56.549999999999905,-27.536,120.0,6.2,Mw,357.0,1.09,NEI
2002-11-15 19:58:31.780,15,11,2002,19,-56.051,-36.404,10.0,6.6,Mw,202.0,1.48,NEI
2002-11-17 04:53:53.540,17,11,2002,4,47.823999999999906,146.209,459.1,7.3,Mw,326.0,1.02,NEI
2002-11-20 21:32:30.810,20,11,2002,21,35.414,74.515,33.0,6.3,Mw,400.0,1.0,NEI
2002-11-26 00:48:15.040,26,11,2002,0,51.465,-173.537,20.6,6.1,Mw,564.0,0.94,NEI
2002-12-10 01:28:33.670,10,12,2002,1,-50.027999999999906,-114.121,10.0,6.0,Mw,71.0,1.07,NEI
2002-12-10 04:27:54.600,10,12,2002,4,-24.1389999999999,179.24,530.6,6.1,Mw,440.0,0.86,NEI
2002-12-11 03:49:40.190,11,12,2002,3,-3.81,135.122999999999,10.0,6.3,Mw,129.0,1.06,NEI
2002-12-12 08:30:42.770,12,12,2002,8,-4.786,153.275,34.0,6.7,Mw,453.0,1.01,NEI
2002-12-17 04:32:53.070,17,12,2002,4,-56.951999999999906,-24.8249999999999,10.0,6.2,Mw,94.0,1.08,NEI
2002-12-18 14:12:21.750,18,12,2002,14,-57.091999999999906,-24.981,10.0,6.1,Mw,98.0,1.18,NEI
2002-12-20 14:14:42.050,20,12,2002,14,-3.076,147.943,33.0,6.3,Mw,169.0,1.21,NEI
2002-12-23 13:46:11.360,23,12,2002,13,16.957,-85.578,33.0,6.0,Mw,288.0,0.91,NEI
2002-12-30 04:49:08.690,30,12,2002,4,7.471,123.407,10.0,6.3,Mw,138.0,1.26,NEI
2003-01-04 05:15:03.840,4,1,2003,5,-20.57,-177.661,378.0,6.5,Mw,376.0,0.99,NEI
2003-01-06 23:43:50.840,6,1,2003,23,15.651,119.658,10.0,6.0,Mw,148.0,1.03,NEI
2003-01-09 02:50:45.790,9,1,2003,2,-19.664,-176.294999999999,10.0,6.0,Mw,118.0,1.11,NEI
2003-01-10 13:11:56.910,10,1,2003,13,-5.311,153.700999999999,71.9,6.7,Mw,323.0,1.09,NEI
2003-01-16 00:53:15.720,16,1,2003,0,44.28399999999991,-129.024,10.0,6.3,Mw,267.0,1.16,NEI
2003-01-20 08:43:06.070,20,1,2003,8,-10.491,160.77,33.0,7.3,Mw,457.0,0.84,NEI
2003-01-21 02:46:47.740,21,1,2003,2,13.6259999999999,-90.774,24.0,6.5,Mw,316.0,0.99,NEI
2003-01-22 02:06:34.610,22,1,2003,2,18.77,-104.104,24.0,7.6,Mw,551.0,1.4,NEI
2003-01-27 05:26:23.040,27,1,2003,5,39.5,39.878,10.0,6.1,Mw,384.0,1.14,NEI
2003-01-27 17:56:25.830,27,1,2003,17,-46.048,35.057,10.0,6.4,Mw,120.0,1.07,NEI
2003-02-10 04:49:31.120,10,2,2003,4,-6.011,149.792,33.0,6.3,Mw,201.0,0.99,NEI
2003-02-12 22:33:30.830,12,2,2003,22,-3.652,144.241999999999,10.0,6.2,Mw,374.0,0.84,NEI
2003-02-15 11:01:59.860,15,2,2003,11,12.1679999999999,124.078999999999,10.0,6.3,Mw,246.0,1.4,NEI
2003-02-19 03:32:36.360,19,2,2003,3,53.645,-164.643,19.0,6.6,Mw,542.0,1.1,NEI
2003-02-24 02:03:41.450,24,2,2003,2,39.60999999999991,77.23,11.0,6.3,Mw,424.0,0.92,NEI
2003-03-01 06:12:47.400,1,3,2003,6,-1.699,134.312999999999,28.1,6.0,Mw,147.0,1.18,NEI
2003-03-02 16:42:56.330,2,3,2003,16,-36.957999999999906,-20.879,10.0,6.2,Mw,298.0,0.95,NEI
2003-03-09 10:36:23.030,9,3,2003,10,-6.82,130.985,45.9,6.0,Mw,288.0,0.88,NEI
2003-03-10 02:09:37.080,10,3,2003,2,1.692,127.296,93.8,6.4,Mw,434.0,0.91,NEI
2003-03-11 07:27:32.650,11,3,2003,7,-4.694,153.238,40.2,6.8,Mw,431.0,0.96,NEI
2003-03-12 23:41:32.920,12,3,2003,23,26.556,-110.587,10.0,6.4,Mw,288.0,1.14,NEI
2003-03-14 07:06:13.310,14,3,2003,7,-0.406,132.950999999999,33.0,6.3,Mw,249.0,1.09,NEI
2003-03-14 12:54:12.120,14,3,2003,12,-17.416,-175.182999999999,274.9,6.4,Mw,311.0,1.08,NEI
2003-03-15 19:41:28.700,15,3,2003,19,52.249,160.387,30.2,6.1,Mw,406.0,1.1,NEI
2003-03-17 16:36:17.310,17,3,2003,16,51.271999999999906,177.978,33.0,7.1,Mw,607.0,1.26,NEI
2003-03-17 18:55:47.880,17,3,2003,18,51.295,177.971,33.0,6.2,Mw,449.0,1.05,NEI
2003-03-19 00:03:42.920,19,3,2003,0,-9.388,156.586999999999,33.5,6.2,Mw,222.0,0.98,NEI
2003-03-25 02:53:25.030,25,3,2003,2,-8.294,120.742999999999,33.0,6.5,Mw,247.0,1.34,NEI
2003-03-28 17:31:47.770,28,3,2003,17,-15.324,-173.508,41.2,6.2,Mw,275.0,0.85,NEI
2003-03-30 18:13:34.090,30,3,2003,18,-3.169,127.542,33.0,6.2,Mw,209.0,1.09,NEI
2003-03-31 01:06:53.050,31,3,2003,1,-6.183,151.429,46.8,6.2,Mw,298.0,0.77,NEI
2003-04-02 03:43:11.580,2,4,2003,3,35.28,-35.7289999999999,10.0,6.3,Mw,504.0,0.98,NEI
2003-04-11 06:12:54.580,11,4,2003,6,7.033,-82.35299999999991,10.0,6.2,Mw,416.0,1.06,NEI
2003-04-17 00:48:38.580,17,4,2003,0,37.529,96.4759999999999,14.0,6.4,Mw,549.0,0.86,NEI
2003-04-17 14:50:48.580,17,4,2003,14,-54.624,1.432,10.0,6.5,Mw,78.0,1.26,NEI
2003-04-24 10:56:21.980,24,4,2003,10,48.764,154.991,43.8,6.1,Mw,491.0,0.88,NEI
2003-04-27 16:03:40.420,27,4,2003,16,-20.9439999999999,169.773,77.4,6.3,Mw,464.0,1.05,NEI
2003-04-27 22:57:44.840,27,4,2003,22,-8.195,-71.5919999999999,559.9,6.0,Mw,539.0,0.83,NEI
2003-04-29 13:53:17.300,29,4,2003,13,43.706,147.805,62.5,6.0,Mw,612.0,0.78,NEI
2003-05-01 00:27:04.700,1,5,2003,0,39.006999999999906,40.463999999999906,10.0,6.4,Mw,504.0,1.09,NEI
2003-05-03 05:03:03.340,3,5,2003,5,-15.143,-173.747,33.0,6.2,Mw,492.0,1.07,NEI
2003-05-04 13:15:18.660,4,5,2003,13,-30.5309999999999,-178.232,62.4,6.7,Mw,518.0,1.04,NEI
2003-05-04 14:54:00.320,4,5,2003,14,-11.287,166.313999999999,33.0,6.0,Mw,114.0,1.34,NEI
2003-05-04 20:08:46.480,4,5,2003,20,-30.587,-178.289999999999,45.6,6.4,Mw,497.0,0.97,NEI
2003-05-05 15:50:08.470,5,5,2003,15,0.215,127.354,123.6,6.4,Mw,244.0,0.87,NEI
2003-05-05 23:04:45.670,5,5,2003,23,3.715,127.953999999999,56.0,6.2,Mw,330.0,0.87,NEI
2003-05-09 20:26:15.980,9,5,2003,20,-48.209,32.2719999999999,10.0,6.3,Mw,250.0,1.08,NEI
2003-05-11 17:51:35.140,11,5,2003,17,-0.988,126.938,30.2,6.1,Mw,201.0,1.05,NEI
2003-05-13 21:21:14.050,13,5,2003,21,-17.2869999999999,167.744,33.0,6.3,Mw,427.0,1.03,NEI
2003-05-14 06:03:35.860,14,5,2003,6,18.2659999999999,-58.633,41.5,6.7,Mw,722.0,0.72,NEI
2003-05-14 07:40:36.100,14,5,2003,7,-8.06,107.315,79.1,6.0,Mw,172.0,1.17,NEI
2003-05-19 10:43:22.680,19,5,2003,10,-18.044,-178.669999999999,563.8,6.0,Mw,416.0,0.83,NEI
2003-05-19 16:27:10.200,19,5,2003,16,17.5459999999999,-105.473,10.0,6.1,Mw,256.0,1.3,NEI
2003-05-21 18:44:20.100,21,5,2003,18,36.963999999999906,3.634,12.0,6.8,Mw,534.0,1.13,NEI
2003-05-26 09:24:33.400,26,5,2003,9,38.848999999999904,141.568,68.0,7.0,Mw,690.0,1.01,NEI
2003-05-26 19:23:27.940,26,5,2003,19,2.354,128.854999999999,31.0,7.0,Mw,473.0,1.09,NEI
2003-05-26 23:13:29.720,26,5,2003,23,6.761,123.706999999999,565.8,6.9,Mw,544.0,0.97,NEI
2003-05-28 16:15:18.940,28,5,2003,16,-17.646,66.116,10.0,6.2,Mw,358.0,1.27,NEI
2003-06-03 23:58:02.740,3,6,2003,23,-17.3599999999999,-72.807,33.0,6.0,Mw,303.0,1.04,NEI
2003-06-07 00:32:45.570,7,6,2003,0,-5.095,152.502,33.0,6.6,Mw,419.0,1.09,NEI
2003-06-10 08:40:30.830,10,6,2003,8,23.52,121.628,44.5,6.0,Mw,429.0,0.92,NEI
2003-06-12 08:59:20.240,12,6,2003,8,-5.985,154.758,186.3,6.3,Mw,536.0,0.81,NEI
2003-06-15 19:24:33.150,15,6,2003,19,51.552,176.923,20.0,6.5,Mw,615.0,0.97,NEI
2003-06-16 22:08:02.140,16,6,2003,22,55.491999999999905,159.999,174.8,6.9,Mw,733.0,0.84,NEI
2003-06-20 06:19:38.910,20,6,2003,6,-7.606,-71.72199999999991,558.1,7.1,Mw,672.0,0.89,NEI
2003-06-20 13:30:41.640,20,6,2003,13,-30.608,-71.637,33.0,6.8,Mw,398.0,0.95,NEI
2003-06-23 12:12:34.470,23,6,2003,12,51.439,176.782999999999,20.0,6.9,Mw,685.0,0.97,NEI
2003-06-26 14:11:44.590,26,6,2003,14,12.253,123.849999999999,10.0,6.0,Mw,94.0,1.15,NEI
2003-06-28 15:29:42.260,28,6,2003,15,-3.325,146.148,10.0,6.3,Mw,110.0,1.2,NEI
2003-07-01 05:52:25.920,1,7,2003,5,4.529,122.511,635.4,6.0,Mw,365.0,1.02,NEI
2003-07-01 17:00:22.820,1,7,2003,17,12.803,124.898,33.0,6.0,Mw,263.0,1.09,NEI
2003-07-03 06:21:50.370,3,7,2003,6,-21.2779999999999,-174.521999999999,10.0,6.0,Mw,163.0,0.94,NEI
2003-07-04 00:33:50.040,4,7,2003,0,-5.473,151.691,10.0,6.1,Mw,233.0,1.01,NEI
2003-07-12 23:01:38.000,12,7,2003,23,54.649999999999906,-134.47,20.0,6.0,Mw,493.0,0.0,PGC
2003-07-15 18:46:38.120,15,7,2003,18,-3.828,152.174,33.0,6.5,Mw,156.0,1.12,NEI
2003-07-15 20:27:50.530,15,7,2003,20,-2.598,68.382,10.0,7.6,Me,522.0,0.98,NEI
2003-07-17 19:57:13.770,17,7,2003,19,18.507,-107.129,10.0,6.0,Mw,150.0,1.04,NEI
2003-07-21 13:53:58.490,21,7,2003,13,-5.481,148.853,189.6,6.4,Mw,465.0,0.9,NEI
2003-07-21 15:16:31.930,21,7,2003,15,25.975,101.29,10.0,6.0,Mw,316.0,1.15,NEI
2003-07-22 04:21:40.770,22,7,2003,4,-15.416,166.142,33.0,6.0,Mw,334.0,1.03,NEI
2003-07-25 09:37:45.840,25,7,2003,9,-1.528,149.693999999999,24.0,6.4,Mw,604.0,0.71,NEI
2003-07-25 22:13:29.970,25,7,2003,22,38.41499999999991,140.996,6.0,6.1,Mw,554.0,0.79,NEI
2003-07-27 02:04:11.530,27,7,2003,2,-21.0799999999999,-176.585,212.9,6.6,Mw,498.0,0.77,NEI
2003-07-27 06:25:31.950,27,7,2003,6,47.151,139.247999999999,470.3,6.8,Mw,735.0,0.76,NEI
2003-07-27 11:41:27.050,27,7,2003,11,-20.134,-65.185,345.3,6.0,Mw,504.0,1.01,NEI
2003-08-04 04:37:20.130,4,8,2003,4,-60.531999999999904,-43.411,10.0,7.6,Mw,315.0,1.09,NEI
2003-08-11 00:19:09.280,11,8,2003,0,1.142,128.151999999999,10.0,6.0,Mw,185.0,1.11,NEI
2003-08-11 13:40:19.850,11,8,2003,13,-56.905999999999906,147.610999999999,10.0,6.0,Mw,124.0,1.2,NEI
2003-08-11 21:22:30.420,11,8,2003,21,12.124,93.53,100.2,6.0,Mw,533.0,0.94,NEI
2003-08-14 05:14:54.760,14,8,2003,5,39.159999999999904,20.605,10.0,6.3,Mw,572.0,1.08,NEI
2003-08-21 12:12:49.790,21,8,2003,12,-45.10399999999991,167.144,28.0,7.2,Mw,428.0,1.1,NEI
2003-08-21 14:12:27.690,21,8,2003,14,-45.325,167.041,33.0,6.2,ML,228.0,0.97,NEI
2003-08-25 06:28:35.180,25,8,2003,6,14.034,-91.069,100.0,6.0,Mw,490.0,0.95,NEI
2003-08-28 04:48:19.880,28,8,2003,4,-49.816,-114.811,10.0,6.2,Mw,147.0,1.13,NEI
2003-08-28 06:38:11.630,28,8,2003,6,-7.324,126.051,409.2,6.0,Mw,325.0,0.86,NEI
2003-08-30 00:05:39.220,30,8,2003,0,-14.7959999999999,167.238,137.0,6.0,Mw,246.0,0.96,NEI
2003-08-31 23:08:00.260,31,8,2003,23,43.393,132.267,481.1,6.2,Mw,776.0,0.69,NEI
2003-09-02 18:28:00.330,2,9,2003,18,-15.2289999999999,-173.223,10.0,6.4,Mw,401.0,1.04,NEI
2003-09-06 02:08:13.810,6,9,2003,2,-4.623,-106.045,10.0,6.1,Mw,211.0,0.95,NEI
2003-09-07 13:19:20.450,7,9,2003,13,-22.472,172.122999999999,33.0,6.4,Mw,133.0,1.01,NEI
2003-09-11 21:58:25.550,11,9,2003,21,-8.205,156.158999999999,10.0,6.0,Mw,163.0,1.1,NEI
2003-09-12 06:55:55.800,12,9,2003,6,-5.273,151.502,50.4,6.0,Mw,495.0,0.87,NEI
2003-09-21 18:16:13.410,21,9,2003,18,19.917,95.6719999999999,10.0,6.6,Mw,518.0,0.92,NEI
2003-09-21 23:15:12.110,21,9,2003,23,-1.007,-14.0589999999999,10.0,6.0,Mw,235.0,1.31,NEI
2003-09-22 04:45:36.240,22,9,2003,4,19.777,-70.673,10.0,6.4,Mw,494.0,1.06,NEI
2003-09-25 19:50:06.360,25,9,2003,19,41.814999999999905,143.91,27.0,8.3,Mw,669.0,0.88,NEI
2003-09-25 21:08:00.030,25,9,2003,21,41.774,143.592999999999,33.0,7.4,Mw,514.0,1.02,NEI
2003-09-26 20:38:22.100,26,9,2003,20,41.988,144.575999999999,33.0,6.0,Mw,538.0,0.82,NEI
2003-09-27 11:33:25.080,27,9,2003,11,50.037999999999904,87.813,16.0,7.3,Mw,667.0,1.03,NEI
2003-09-27 18:52:46.980,27,9,2003,18,50.091,87.765,10.0,6.4,Mw,656.0,0.93,NEI
2003-09-29 02:36:53.140,29,9,2003,2,42.45,144.38,25.0,6.5,Mw,586.0,0.79,NEI
2003-09-30 08:01:33.110,30,9,2003,8,-60.317999999999905,-33.401,10.0,6.0,Mw,120.0,1.05,NEI
2003-09-30 14:08:37.740,30,9,2003,14,-30.437,-177.398,10.0,6.4,Mw,325.0,1.1,NEI
2003-09-30 15:22:31.700,30,9,2003,15,-30.494,-177.18,33.0,6.0,Mw,127.0,1.36,NEI
2003-10-01 01:03:25.240,1,10,2003,1,50.210999999999906,87.721,10.0,6.7,Mw,643.0,0.88,NEI
2003-10-07 04:55:28.810,7,10,2003,4,-16.526,-170.192,10.0,6.2,Mw,450.0,0.89,NEI
2003-10-08 09:06:55.340,8,10,2003,9,42.648,144.569999999999,32.0,6.7,Mw,556.0,0.87,NEI
2003-10-09 22:19:13.850,9,10,2003,22,13.755,119.938999999999,33.0,6.2,Mw,311.0,0.84,NEI
2003-10-13 09:52:26.160,13,10,2003,9,-15.9369999999999,-178.425999999999,10.0,6.0,Mw,160.0,1.04,NEI
2003-10-15 02:19:43.900,15,10,2003,2,-17.8219999999999,-178.704,582.6,6.0,Mw,459.0,0.84,NEI
2003-10-17 10:19:06.820,17,10,2003,10,-5.471,154.155,133.0,6.4,Mw,507.0,0.98,NEI
2003-10-18 22:27:13.250,18,10,2003,22,0.444,126.102999999999,33.0,6.4,Mw,341.0,1.02,NEI
2003-10-22 11:45:30.840,22,10,2003,11,-6.058,147.727,53.5,6.3,Mw,431.0,0.79,NEI
2003-10-28 02:33:51.520,28,10,2003,2,-5.376,151.508999999999,65.0,6.0,Mw,417.0,0.82,NEI
2003-10-31 01:06:28.280,31,10,2003,1,37.811999999999905,142.619,10.0,7.0,Mw,568.0,0.8,NEI
2003-11-02 05:32:15.720,2,11,2003,5,-45.189999999999905,166.535,10.0,6.4,Mw,81.0,1.23,NEI
2003-11-05 00:58:51.110,5,11,2003,0,4.973,-77.76999999999991,33.0,6.0,Mw,432.0,1.12,NEI
2003-11-06 10:38:04.290,6,11,2003,10,-19.262,168.892,113.7,6.6,Mw,475.0,1.01,NEI
2003-11-09 19:52:36.820,9,11,2003,19,-0.674,-19.689,10.0,6.6,Mw,276.0,1.2,NEI
2003-11-11 13:44:53.280,11,11,2003,13,-30.616,-179.009999999999,33.0,6.1,Mw,70.0,1.43,NEI
2003-11-11 15:39:33.590,11,11,2003,15,-30.6589999999999,-179.376,33.0,6.1,Mw,85.0,1.41,NEI
2003-11-11 18:48:23.760,11,11,2003,18,22.321,143.246,101.0,6.0,Mw,291.0,0.94,NEI
2003-11-12 00:29:45.350,12,11,2003,0,1.593,126.48,33.0,6.2,Mw,203.0,1.15,NEI
2003-11-12 08:26:43.740,12,11,2003,8,33.1709999999999,137.072,384.9,6.4,Mw,559.0,1.19,NEI
2003-11-13 02:49:02.210,13,11,2003,2,-54.213,143.824,10.0,6.0,Mw,63.0,1.09,NEI
2003-11-14 04:28:33.300,14,11,2003,4,-16.7369999999999,172.330999999999,10.0,6.1,Mw,231.0,0.87,NEI
2003-11-17 06:43:06.800,17,11,2003,6,51.146,178.65,33.0,7.8,Mw,604.0,1.11,NEI
2003-11-18 17:14:22.620,18,11,2003,17,12.025,125.416,35.0,6.5,Mw,487.0,0.94,NEI
2003-11-25 20:19:46.290,25,11,2003,20,-5.581,150.88,35.0,6.6,Mw,384.0,0.9,NEI
2003-12-01 01:38:31.960,1,12,2003,1,42.905,80.515,10.0,6.0,Mw,502.0,1.05,NEI
2003-12-05 21:26:09.480,5,12,2003,21,55.537999999999904,165.78,10.0,6.7,Mw,565.0,0.91,NEI
2003-12-09 12:44:01.680,9,12,2003,12,51.334,-179.271999999999,33.0,6.2,Mw,539.0,0.91,NEI
2003-12-10 04:38:11.590,10,12,2003,4,23.039,121.361999999999,10.0,6.8,Mw,447.0,1.1,NEI
2003-12-21 07:40:45.830,21,12,2003,7,-0.769,-20.6009999999999,10.0,6.6,Mw,324.0,1.05,NEI
2003-12-22 19:15:56.240,22,12,2003,19,35.7004999999999,-121.1005,8.7,6.5,Mw,58.0,0.07,NC
2003-12-25 07:11:11.590,25,12,2003,7,8.416,-82.8239999999999,33.0,6.5,Mw,405.0,1.2,NEI
2003-12-25 14:21:14.940,25,12,2003,14,-34.954,-178.249,34.6,6.0,Mw,157.0,0.95,NEI
2003-12-25 20:42:33.720,25,12,2003,20,-22.2519999999999,169.488,10.0,6.5,Mw,480.0,0.96,NEI
2003-12-25 23:09:43.420,25,12,2003,23,-22.305,169.531,10.0,6.0,Mw,262.0,1.03,NEI
2003-12-26 01:56:52.440,26,12,2003,1,28.995,58.311,10.0,6.6,Mw,552.0,1.11,NEI
2003-12-26 21:26:04.100,26,12,2003,21,-22.273,169.313999999999,10.0,6.8,Mw,322.0,1.22,NEI
2003-12-27 04:55:25.460,27,12,2003,4,-22.1069999999999,169.349999999999,10.0,6.1,Mw,340.0,1.01,NEI
2003-12-27 16:00:59.450,27,12,2003,16,-22.015,169.765999999999,10.0,7.3,Mw,235.0,1.3,NEI
2003-12-27 22:38:01.880,27,12,2003,22,-21.672,169.835,10.0,6.7,Mw,270.0,1.08,NEI
2003-12-27 22:55:01.280,27,12,2003,22,-21.648,169.765999999999,10.0,6.3,Mw,140.0,1.16,NEI
2003-12-29 01:30:54.700,29,12,2003,1,42.423,144.613,33.0,6.1,Mw,453.0,1.02,NEI
2004-01-01 23:31:50.050,1,1,2004,23,17.488,-101.303,29.4,6.1,Mw,361.0,0.97,NEI
2004-01-03 08:07:34.220,3,1,2004,8,-22.376,169.728,10.0,6.0,Mw,119.0,1.22,NEI
2004-01-03 08:09:03.810,3,1,2004,8,-22.163,169.55,10.0,6.1,Mw,66.0,1.12,NEI
2004-01-03 08:21:48.400,3,1,2004,8,-22.324,169.616,10.0,6.4,Mw,274.0,1.02,NEI
2004-01-03 16:23:21.020,3,1,2004,16,-22.253,169.682999999999,22.0,7.1,Mw,597.0,1.06,NEI
2004-01-03 16:34:28.050,3,1,2004,16,-22.4379999999999,169.919,10.0,6.1,Mb,125.0,1.11,NEI
2004-01-09 22:35:31.190,9,1,2004,22,-6.072,149.401,57.7,6.3,Mw,109.0,1.12,NEI
2004-01-11 04:32:47.790,11,1,2004,4,-36.695999999999906,53.351999999999904,5.3,6.2,Mw,410.0,0.88,NEI
2004-01-11 09:29:10.280,11,1,2004,9,-20.14,-179.154,673.1,6.0,Mw,321.0,0.87,NEI
2004-01-15 07:26:53.010,15,1,2004,7,-3.528,151.063999999999,10.0,6.2,Mw,140.0,1.1,NEI
2004-01-16 18:07:55.660,16,1,2004,18,7.641,-37.704,10.0,6.2,Mw,549.0,1.08,NEI
2004-01-25 11:43:11.870,25,1,2004,11,-16.8299999999999,-174.196,129.8,6.7,Mw,732.0,0.81,NEI
2004-01-28 22:15:30.700,28,1,2004,22,-3.12,127.4,17.4,6.7,Mw,243.0,1.07,NEI
2004-01-29 03:52:52.300,29,1,2004,3,-50.206,-114.78,10.0,6.1,Mw,131.0,1.08,NEI
2004-02-04 11:59:47.690,4,2,2004,11,8.358,-82.87699999999991,29.2,6.1,Mw,465.0,0.92,NEI
2004-02-05 21:05:02.840,5,2,2004,21,-3.615,135.538,16.6,7.0,Mw,367.0,0.98,NEI
2004-02-07 02:42:35.210,7,2,2004,2,-4.003,135.023,10.0,7.3,Mw,390.0,1.01,NEI
2004-02-08 08:58:51.800,8,2,2004,8,-3.665,135.339,25.7,6.7,Mw,256.0,1.08,NEI
2004-02-20 05:58:45.190,20,2,2004,5,-11.608,166.449999999999,84.0,6.0,Mw,155.0,1.26,NEI
2004-02-21 02:34:42.700,21,2,2004,2,-58.424999999999905,-14.9629999999999,10.0,6.6,Mw,102.0,1.32,NEI
2004-02-22 06:46:27.040,22,2,2004,6,-1.559,100.488,42.0,6.0,Mw,611.0,0.83,NEI
2004-02-23 16:04:49.440,23,2,2004,16,-14.74,-175.63,31.0,6.3,Mw,181.0,1.13,NEI
2004-02-24 02:27:46.230,24,2,2004,2,35.142,-3.997,0.0,6.4,Mw,786.0,0.0,MDD
2004-02-26 20:32:21.850,26,2,2004,20,-18.1709999999999,66.4189999999999,10.0,6.3,Mw,30.0,1.16,NEI
2004-02-26 22:58:41.380,26,2,2004,22,-53.15899999999991,159.651,10.0,6.0,Mw,75.0,1.08,NEI
2004-03-02 03:47:22.400,2,3,2004,3,11.6099999999999,-86.76699999999991,28.0,6.2,Mw,281.0,1.25,NEI
2004-03-07 11:08:01.340,7,3,2004,11,-32.381,-178.191,7.0,6.0,Mw,147.0,1.05,NEI
2004-03-08 23:39:11.340,8,3,2004,23,10.48,-43.918999999999905,10.0,6.0,Mw,276.0,1.2,NEI
2004-03-09 22:56:42.510,9,3,2004,22,-32.265,-178.358,18.4,6.2,Me,164.0,1.17,NEI
2004-03-12 22:13:13.860,12,3,2004,22,-15.579,-175.096,271.5,6.0,Mw,257.0,0.85,NEI
2004-03-14 16:30:42.320,14,3,2004,16,-17.2669999999999,-172.316,12.0,6.1,Mw,464.0,0.96,NEI
2004-03-17 03:21:07.910,17,3,2004,3,-21.1179999999999,-65.5859999999999,289.8,6.1,Mw,439.0,0.94,NEI
2004-03-17 05:21:00.800,17,3,2004,5,34.5889999999999,23.326,24.5,6.1,Mw,656.0,1.01,NEI
2004-03-18 20:04:24.830,18,3,2004,20,-23.759,-176.002,10.0,6.2,Mw,308.0,0.87,NEI
2004-03-27 18:47:29.200,27,3,2004,18,33.954,89.179,8.0,6.0,Mw,455.0,0.77,NEI
2004-04-03 23:02:00.870,3,4,2004,23,36.427999999999905,141.008,31.0,6.0,Mw,528.0,0.74,NEI
2004-04-05 20:34:21.930,5,4,2004,20,-20.436,-173.936,8.0,6.2,Mw,168.0,1.01,NEI
2004-04-05 21:24:04.000,5,4,2004,21,36.512,71.02899999999991,187.1,6.6,Mw,728.0,0.97,NEI
2004-04-08 04:57:50.480,8,4,2004,4,-36.256,-97.8269999999999,10.0,6.4,Mw,157.0,1.23,NEI
2004-04-09 15:23:35.050,9,4,2004,15,-13.1739999999999,167.198,228.4,6.5,Mw,424.0,1.14,NEI
2004-04-11 07:37:29.850,11,4,2004,7,-3.729,140.080999999999,20.0,6.2,Mw,236.0,0.97,NEI
2004-04-11 18:06:12.480,11,4,2004,18,42.91799999999991,144.836,41.8,6.1,Mw,531.0,0.89,NEI
2004-04-14 01:33:05.300,14,4,2004,1,-17.8479999999999,-174.559,143.5,6.0,Mw,433.0,0.75,NEI
2004-04-14 01:54:09.220,14,4,2004,1,55.22599999999991,162.658999999999,51.3,6.2,Mw,680.0,0.85,NEI
2004-04-14 23:07:39.940,14,4,2004,23,71.06699999999991,-7.747,12.2,6.0,Mw,506.0,0.89,NEI
2004-04-15 20:06:55.300,15,4,2004,20,-19.3739999999999,169.631,10.0,6.3,Mw,299.0,0.97,NEI
2004-04-16 16:58:36.940,16,4,2004,16,-24.5219999999999,-175.878999999999,10.0,6.0,Mw,231.0,0.96,NEI
2004-04-16 21:57:05.410,16,4,2004,21,-5.214,102.718,44.5,6.0,Mw,278.0,1.09,NEI
2004-04-22 10:11:12.660,22,4,2004,10,-17.587,167.888,10.0,6.0,Mw,154.0,1.01,NEI
2004-04-22 14:16:07.000,22,4,2004,14,-3.355,146.853,35.0,6.0,Mw,135.0,1.23,NEI
2004-04-23 01:50:30.220,23,4,2004,1,-9.362,122.839,65.8,6.7,Mw,386.0,1.13,NEI
2004-04-24 07:44:11.300,24,4,2004,7,-21.899,-174.822,8.0,6.1,Mw,304.0,0.9,NEI
2004-04-27 23:28:18.880,27,4,2004,23,-17.757,167.756,10.0,6.0,Mw,156.0,1.1,NEI
2004-04-29 00:57:21.080,29,4,2004,0,10.805,-85.995,10.0,6.2,Mw,412.0,1.2,NEI
2004-05-03 04:36:50.040,3,5,2004,4,-37.695,-73.406,21.0,6.6,Mw,282.0,1.31,NEI
2004-05-07 01:26:42.200,7,5,2004,1,-21.988,170.276,14.0,6.3,Mw,218.0,0.98,NEI
2004-05-11 08:28:48.280,11,5,2004,8,0.415,97.825,21.0,6.1,Mw,364.0,0.84,NEI
2004-05-13 09:58:43.450,13,5,2004,9,-3.584,150.729999999999,10.0,6.4,Mw,226.0,1.0,NEI
2004-05-19 07:04:11.710,19,5,2004,7,22.6619999999999,121.505,20.0,6.2,Mw,501.0,0.9,NEI
2004-05-28 12:38:44.470,28,5,2004,12,36.28999999999991,51.60999999999991,17.0,6.3,Mw,732.0,0.92,NEI
2004-05-29 20:56:09.600,29,5,2004,20,34.2509999999999,141.406,16.0,6.5,Mw,352.0,0.99,NEI
2004-06-02 08:50:37.130,2,6,2004,8,-32.875,-179.447,43.1,6.2,Mw,401.0,0.93,NEI
2004-06-09 22:52:08.800,9,6,2004,22,-51.603,139.615,10.0,6.4,Mw,209.0,1.03,NEI
2004-06-10 15:19:57.750,10,6,2004,15,55.682,160.002999999999,188.6,6.9,Mw,798.0,0.81,NEI
2004-06-15 11:16:31.500,15,6,2004,11,-38.85399999999991,-73.155,37.8,6.1,Mw,215.0,0.93,NEI
2004-06-25 02:35:07.790,25,6,2004,2,-6.711,130.375,70.5,6.1,Mw,422.0,0.82,NEI
2004-06-28 09:49:47.000,28,6,2004,9,54.799999999999905,-134.25,20.0,6.8,Mw,772.0,0.0,PGC
2004-06-29 07:01:30.900,29,6,2004,7,10.738,-87.043,9.0,6.3,Mw,562.0,1.25,NEI
2004-06-30 23:37:25.450,30,6,2004,23,0.797,124.726,90.8,6.3,Mw,387.0,0.89,NEI
2004-07-01 04:39:37.510,1,7,2004,4,-49.581,163.669,10.0,6.2,Mw,42.0,1.34,NEI
2004-07-08 10:30:49.160,8,7,2004,10,47.198,151.303,128.5,6.4,Mw,756.0,0.76,NEI
2004-07-08 19:54:33.840,8,7,2004,19,-25.055,-115.964,10.0,6.0,Mw,185.0,1.08,NEI
2004-07-11 23:08:44.180,11,7,2004,23,30.6939999999999,83.6719999999999,13.0,6.2,Mw,431.0,1.04,NEI
2004-07-11 23:46:12.560,11,7,2004,23,-20.2519999999999,-126.928,12.0,6.1,Mw,351.0,0.94,NEI
2004-07-15 04:27:14.730,15,7,2004,4,-17.6559999999999,-178.759999999999,565.5,7.1,Mw,208.0,0.93,NEI
2004-07-16 23:58:19.040,16,7,2004,23,-65.65099999999991,-179.574,10.0,6.2,Mw,109.0,1.38,NEI
2004-07-19 08:01:49.460,19,7,2004,8,49.622999999999905,-126.967,23.7,6.4,Mw,393.0,1.04,NEI
2004-07-22 09:45:14.900,22,7,2004,9,26.489,128.894,20.9,6.1,Mw,451.0,0.92,NEI
2004-07-25 14:35:19.060,25,7,2004,14,-2.427,103.980999999999,582.1,7.3,Mw,641.0,0.85,NEI
2004-07-28 03:56:28.600,28,7,2004,3,-0.443,133.091,13.4,6.5,Mw,305.0,1.07,NEI
2004-08-01 19:03:10.290,1,8,2004,19,-63.563,-166.666,10.0,6.0,Mw,91.0,1.33,NEI
2004-08-07 09:30:16.940,7,8,2004,9,51.753,-166.312999999999,8.0,6.0,Mw,605.0,1.09,NEI
2004-08-10 01:47:32.810,10,8,2004,1,36.444,70.796,207.0,6.0,Mw,492.0,0.85,NEI
2004-08-28 13:41:25.600,28,8,2004,13,-35.173,-70.525,5.0,6.5,Mw,349.0,0.0,GUC
2004-09-03 19:04:47.980,3,9,2004,19,-15.254,-173.34,10.0,6.2,Mw,207.0,0.97,NEI
2004-09-05 10:07:07.820,5,9,2004,10,33.07,136.617999999999,14.0,7.2,Mw,643.0,0.89,NEI
2004-09-05 14:57:18.610,5,9,2004,14,33.1839999999999,137.071,10.0,7.4,Mw,594.0,0.91,NEI
2004-09-06 12:42:59.390,6,9,2004,12,-55.372,-28.9759999999999,10.0,6.9,Mw,233.0,1.13,NEI
2004-09-06 23:29:35.090,6,9,2004,23,33.2049999999999,137.227,10.0,6.6,Mw,478.0,0.84,NEI
2004-09-07 11:53:06.110,7,9,2004,11,-28.573,-65.84,22.3,6.4,Mw,360.0,0.8,NEI
2004-09-08 14:58:25.830,8,9,2004,14,33.14,137.199999999999,21.2,6.1,Mw,574.0,0.86,NEI
2004-09-09 16:33:21.740,9,9,2004,16,17.759,-81.5499999999999,25.2,6.0,Mw,450.0,0.82,NEI
2004-09-11 21:52:38.300,11,9,2004,21,-57.97599999999991,-25.3419999999999,63.9,6.1,Mw,252.0,1.02,NEI
2004-09-13 03:00:12.850,13,9,2004,3,43.997999999999905,151.407999999999,8.0,6.1,Mw,535.0,0.85,NEI
2004-09-15 19:10:50.600,15,9,2004,19,14.22,120.411,115.4,6.0,Mw,452.0,0.82,NEI
2004-09-19 20:26:04.100,19,9,2004,20,52.204999999999906,174.026999999999,25.0,6.2,Mw,625.0,0.97,NEI
2004-09-28 15:29:53.820,28,9,2004,15,-52.515,28.0159999999999,10.0,6.4,Mw,299.0,1.04,NEI
2004-10-04 19:20:34.980,4,10,2004,19,14.5459999999999,146.992999999999,7.2,6.0,Mw,263.0,0.86,NEI
2004-10-06 22:30:56.950,6,10,2004,22,-0.67,134.425999999999,10.0,6.2,Mw,154.0,1.18,NEI
2004-10-08 08:27:53.540,8,10,2004,8,-10.951,162.161,36.0,6.8,Mw,545.0,0.87,NEI
2004-10-08 14:36:06.110,8,10,2004,14,13.925,120.534,105.0,6.5,Mw,526.0,0.95,NEI
2004-10-09 21:26:53.690,9,10,2004,21,11.422,-86.665,35.0,7.0,Mw,441.0,1.1,NEI
2004-10-15 04:08:50.240,15,10,2004,4,24.53,122.694,94.0,6.7,Mw,698.0,0.85,NEI
2004-10-20 18:32:24.570,20,10,2004,18,-14.0269999999999,166.611999999999,59.8,6.1,Mw,209.0,1.02,NEI
2004-10-23 08:56:00.860,23,10,2004,8,37.22599999999991,138.779,16.0,6.6,Mw,782.0,1.1,NEI
2004-10-23 09:03:12.530,23,10,2004,9,37.317999999999905,138.816,10.5,6.1,Mw,577.0,0.91,NEI
2004-10-23 09:34:04.990,23,10,2004,9,37.317999999999905,138.807999999999,10.0,6.3,Mw,547.0,0.82,NEI
2004-10-26 20:48:10.580,26,10,2004,20,-57.067,-24.829,10.0,6.0,Mw,85.0,0.81,NEI
2004-10-26 22:53:07.860,26,10,2004,22,-57.070999999999906,-24.6789999999999,10.0,6.4,Mw,121.0,0.89,NEI
2004-10-27 01:40:50.260,27,10,2004,1,37.28399999999991,138.884999999999,14.1,6.0,Mw,499.0,0.9,NEI
2004-11-02 10:02:12.820,2,11,2004,10,49.277,-128.771999999999,10.0,6.7,Mw,459.0,1.17,NEI
2004-11-03 08:31:43.730,3,11,2004,8,14.474,146.842,10.0,6.0,Mw,209.0,1.0,NEI
2004-11-05 05:18:35.050,5,11,2004,5,-4.361,143.925,125.7,6.0,Mw,361.0,0.84,NEI
2004-11-07 02:02:26.170,7,11,2004,2,47.948,144.477,474.0,6.2,Mw,692.0,0.8,NEI
2004-11-08 15:55:01.150,8,11,2004,15,24.1039999999999,122.542,29.0,6.3,Mw,510.0,1.03,NEI
2004-11-09 23:58:23.650,9,11,2004,23,-11.15,163.705999999999,13.0,6.9,Mw,405.0,1.03,NEI
2004-11-11 10:02:47.330,11,11,2004,10,42.139,144.343999999999,32.8,6.1,Mw,636.0,0.77,NEI
2004-11-11 17:34:52.050,11,11,2004,17,-11.128,162.208,10.0,6.7,Mw,233.0,1.11,NEI
2004-11-11 21:26:41.150,11,11,2004,21,-8.15199999999999,124.867999999999,10.0,7.5,Mw,301.0,1.07,NEI
2004-11-11 22:49:48.140,11,11,2004,22,-8.255,124.93,10.0,6.4,Ms,146.0,1.14,NEI
2004-11-12 06:36:16.760,12,11,2004,6,-26.7049999999999,-63.319,568.7,6.1,Mw,465.0,0.73,NEI
2004-11-15 09:06:56.560,15,11,2004,9,4.695,-77.50799999999991,15.0,7.2,Mw,708.0,0.9,NEI
2004-11-16 10:06:54.500,16,11,2004,10,-5.627,151.452,55.7,6.1,Mw,308.0,1.0,NEI
2004-11-17 21:09:13.130,17,11,2004,21,-20.068,-178.71,622.6,6.6,Mw,510.0,0.96,NEI
2004-11-20 08:07:22.080,20,11,2004,8,9.602,-84.1719999999999,16.0,6.4,Mw,530.0,0.92,NEI
2004-11-20 22:01:45.660,20,11,2004,22,13.3759999999999,-90.0559999999999,40.6,6.3,Mw,448.0,1.18,NEI
2004-11-21 11:07:13.650,21,11,2004,11,-15.403,-174.907999999999,256.1,6.0,Mw,508.0,0.88,NEI
2004-11-21 11:41:07.760,21,11,2004,11,15.679,-61.706,14.0,6.3,Mw,672.0,0.97,NEI
2004-11-22 20:26:23.900,22,11,2004,20,-46.676,164.721,10.0,7.1,Mw,585.0,1.13,NEI
2004-11-26 02:25:03.310,26,11,2004,2,-3.609,135.404,10.0,7.1,Mw,439.0,1.18,NEI
2004-11-28 02:35:13.410,28,11,2004,2,-26.5249999999999,-113.834,10.0,6.6,Mw,265.0,1.4,NEI
2004-11-28 07:36:45.400,28,11,2004,7,-3.638,135.444999999999,23.1,6.2,Mw,202.0,0.94,NEI
2004-11-28 18:32:14.130,28,11,2004,18,43.006,145.119,39.0,7.0,Mw,929.0,0.79,NEI
2004-12-06 14:15:11.890,6,12,2004,14,42.899999999999906,145.228,35.0,6.8,Mw,759.0,0.76,NEI
2004-12-06 16:26:28.960,6,12,2004,16,-18.481,-178.075999999999,439.2,6.1,Mw,394.0,0.98,NEI
2004-12-13 15:23:41.010,13,12,2004,15,13.385,-89.37,62.3,6.0,Mw,413.0,1.16,NEI
2004-12-14 23:20:13.360,14,12,2004,23,18.9579999999999,-81.409,10.0,6.8,Mw,639.0,1.04,NEI
2004-12-18 06:46:19.870,18,12,2004,6,48.837,156.309,11.0,6.2,Mw,470.0,1.01,NEI
2004-12-22 21:03:39.390,22,12,2004,21,-55.942,-124.997,10.0,6.1,Mw,49.0,1.08,NEI
2004-12-23 14:59:04.410,23,12,2004,14,-49.311999999999905,161.345,10.0,8.1,Mw,331.0,1.12,NEI
2004-12-26 00:58:53.450,26,12,2004,0,3.295,95.9819999999999,30.0,9.0,Mw,601.0,1.17,NEI
2004-12-26 01:21:20.660,26,12,2004,1,6.34,93.361,30.0,6.1,Mb,96.0,0.9,NEI
2004-12-26 01:22:25.590,26,12,2004,1,7.421,93.9849999999999,30.0,6.0,Mb,80.0,0.95,NEI
2004-12-26 01:25:48.760,26,12,2004,1,5.499,94.21299999999991,30.0,6.1,Mb,82.0,0.9,NEI
2004-12-26 02:00:40.030,26,12,2004,2,6.848,94.667,30.0,6.0,Mb,264.0,1.29,NEI
2004-12-26 04:21:29.810,26,12,2004,4,6.91,92.9579999999999,39.2,7.2,Mw,385.0,1.0,NEI
2004-12-26 09:20:01.610,26,12,2004,9,8.879,92.375,16.1,6.6,Me,353.0,1.07,NEI
2004-12-26 10:19:31.730,26,12,2004,10,13.462,92.738,26.4,6.3,Mw,389.0,0.86,NEI
2004-12-26 11:05:00.720,26,12,2004,11,13.5329999999999,92.84,13.3,6.2,Mw,462.0,0.89,NEI
2004-12-26 15:06:33.240,26,12,2004,15,3.651,94.0859999999999,17.8,6.0,Mw,181.0,0.97,NEI
2004-12-26 19:19:55.570,26,12,2004,19,2.794,94.162,30.0,6.1,Mw,135.0,1.24,NEI
2004-12-27 09:39:06.800,27,12,2004,9,5.348,94.65,35.0,6.1,Mw,468.0,0.81,NEI
2004-12-29 01:50:52.570,29,12,2004,1,9.109,93.756,8.0,6.1,Mw,442.0,0.9,NEI
2004-12-29 05:56:47.540,29,12,2004,5,8.791,93.19799999999991,12.0,6.2,Me,364.0,0.97,NEI
2004-12-31 02:24:00.520,31,12,2004,2,7.12,92.533,14.0,6.1,Mw,347.0,0.92,NEI
2004-12-31 12:04:57.520,31,12,2004,12,6.204,92.9129999999999,11.0,6.0,Mw,247.0,0.72,NEI
2005-01-01 06:25:44.820,1,1,2005,6,5.099,92.304,11.7,6.7,Mw,364.0,0.97,NEI
2005-01-01 19:08:07.800,1,1,2005,19,7.336,94.4549999999999,55.4,6.1,Mw,279.0,0.96,NEI
2005-01-02 15:35:56.720,2,1,2005,15,6.36,92.787,30.0,6.4,Mw,343.0,1.04,NEI
2005-01-03 17:59:28.890,3,1,2005,17,-50.65899999999991,161.866,10.0,6.1,Mw,133.0,1.0,NEI
2005-01-04 09:13:12.250,4,1,2005,9,10.672,92.36199999999991,23.2,6.1,Mw,321.0,0.84,NEI
2005-01-08 18:45:03.820,8,1,2005,18,-55.29899999999991,-27.956,10.0,6.0,Mw,90.0,1.04,NEI
2005-01-09 22:12:56.510,9,1,2005,22,4.926,95.108,40.0,6.1,Mw,505.0,0.91,NEI
2005-01-12 08:40:03.650,12,1,2005,8,-0.878,-21.1939999999999,10.0,6.8,Mw,462.0,0.97,NEI
2005-01-14 08:33:14.460,14,1,2005,8,-4.238,152.717,10.0,6.1,Mw,222.0,0.99,NEI
2005-01-15 13:47:05.130,15,1,2005,13,-6.462,105.236,58.7,6.0,Mw,199.0,1.05,NEI
2005-01-16 08:25:04.470,16,1,2005,8,-25.5279999999999,-176.299,16.0,6.2,Mw,339.0,0.91,NEI
2005-01-16 20:17:52.760,16,1,2005,20,10.9339999999999,140.842,24.9,6.6,Mw,395.0,0.93,NEI
2005-01-17 10:50:32.560,17,1,2005,10,10.986,140.681999999999,12.0,6.1,Mw,253.0,0.96,NEI
2005-01-18 14:09:06.220,18,1,2005,14,42.945999999999906,144.866,42.0,6.3,Mw,561.0,0.76,NEI
2005-01-19 06:11:36.400,19,1,2005,6,34.064,141.491,27.8,6.6,Mw,225.0,1.2,NEI
2005-01-21 13:45:14.060,21,1,2005,13,-1.134,-80.82899999999991,10.0,6.0,Mw,149.0,1.11,NEI
2005-01-22 20:30:17.350,22,1,2005,20,-7.727,159.474999999999,29.0,6.4,Mw,355.0,0.96,NEI
2005-01-23 20:10:12.150,23,1,2005,20,-1.198,119.933,11.0,6.3,Mw,139.0,1.24,NEI
2005-01-24 04:16:47.440,24,1,2005,4,7.33,92.4819999999999,30.0,6.3,Mw,557.0,0.89,NEI
2005-01-24 23:23:26.120,24,1,2005,23,-1.364,-80.7849999999999,16.9,6.1,Mw,309.0,1.19,NEI
2005-01-26 22:00:42.570,26,1,2005,22,2.699,94.602,22.2,6.2,Mw,230.0,1.21,NEI
2005-01-28 09:26:18.830,28,1,2005,9,-1.183,-81.49899999999991,10.0,6.1,Mw,166.0,0.99,NEI
2005-01-28 15:46:45.270,28,1,2005,15,-1.089,-81.1569999999999,10.0,6.2,Mw,207.0,0.98,NEI
2005-02-02 02:30:25.940,2,2,2005,2,14.08,144.715,158.7,6.3,Mw,289.0,1.06,NEI
2005-02-05 03:34:25.730,5,2,2005,3,16.0109999999999,145.866999999999,142.7,6.6,Mw,322.0,1.12,NEI
2005-02-05 04:03:13.840,5,2,2005,4,2.255,94.992,30.0,6.0,Mw,111.0,1.03,NEI
2005-02-05 12:23:18.940,5,2,2005,12,5.293,123.337,525.0,7.1,Mw,640.0,1.14,NEI
2005-02-07 20:02:17.690,7,2,2005,20,-4.525,153.187,36.5,6.1,Mw,381.0,1.03,NEI
2005-02-08 14:48:21.970,8,2,2005,14,-14.252,167.258999999999,206.3,6.7,Mw,457.0,1.22,NEI
2005-02-09 13:27:25.340,9,2,2005,13,4.797,95.117,44.5,6.0,Mw,500.0,0.83,NEI
2005-02-09 18:46:09.970,9,2,2005,18,26.088,143.997,24.0,6.3,Mw,497.0,0.77,NEI
2005-02-10 16:53:19.990,10,2,2005,16,-23.097,169.218999999999,9.0,6.3,Mw,402.0,0.99,NEI
2005-02-14 23:38:08.660,14,2,2005,23,41.728,79.4399999999999,22.0,6.1,Mw,623.0,0.91,NEI
2005-02-15 14:42:25.850,15,2,2005,14,4.756,126.421,39.7,6.5,Mw,286.0,0.98,NEI
2005-02-16 20:27:52.490,16,2,2005,20,-36.32,-16.558,10.0,6.6,Mw,329.0,1.36,NEI
2005-02-19 00:04:43.590,19,2,2005,0,-5.562,122.129,10.0,6.5,Mw,371.0,0.92,NEI
2005-02-22 02:25:22.920,22,2,2005,2,30.754,56.816,14.0,6.4,Mw,652.0,1.31,NEI
2005-02-23 11:33:52.900,23,2,2005,11,-6.245,150.66,10.0,6.0,Mw,311.0,0.87,NEI
2005-02-26 12:56:52.620,26,2,2005,12,2.908,95.5919999999999,36.0,6.8,Mw,444.0,0.94,NEI
2005-03-02 10:42:12.230,2,3,2005,10,-6.527,129.932999999999,201.7,7.1,Mw,569.0,1.16,NEI
2005-03-06 04:39:59.430,6,3,2005,4,-11.045,163.044999999999,10.0,6.1,Mw,123.0,1.06,NEI
2005-03-06 05:21:43.430,6,3,2005,5,84.94799999999991,99.391,10.0,6.3,Mw,641.0,0.91,NEI
2005-03-13 03:31:23.080,13,3,2005,3,27.0949999999999,61.887,54.0,6.0,Mw,591.0,0.9,NEI
2005-03-17 13:37:37.110,17,3,2005,13,15.144,-91.381,197.4,6.1,Mw,538.0,0.94,NEI
2005-03-19 15:02:42.670,19,3,2005,15,-20.407,-174.336999999999,18.0,6.1,Mw,405.0,0.82,NEI
2005-03-19 17:34:46.180,19,3,2005,17,-21.893,-179.547,598.7,6.3,Mw,490.0,0.84,NEI
2005-03-20 01:53:41.830,20,3,2005,1,33.807,130.131,10.0,6.6,Mw,401.0,1.3,NEI
2005-03-21 12:23:54.090,21,3,2005,12,-24.983,-63.46999999999991,579.1,6.9,Mw,650.0,0.76,NEI
2005-03-21 12:43:12.360,21,3,2005,12,-24.725,-63.506999999999906,570.1,6.4,Mw,503.0,0.74,NEI
2005-03-26 15:40:34.530,26,3,2005,15,-4.894,129.937999999999,10.0,6.1,Mw,202.0,0.86,NEI
2005-03-28 16:09:36.530,28,3,2005,16,2.085,97.108,30.0,8.6,Mw,510.0,0.91,NEI
2005-03-28 18:30:44.560,28,3,2005,18,0.923,97.867,36.1,6.1,Mb,434.0,0.93,NEI
2005-03-30 16:19:41.100,30,3,2005,16,2.993,95.414,22.0,6.3,Mw,402.0,0.86,NEI
2005-03-30 17:41:57.160,30,3,2005,17,-22.459,-179.753999999999,588.7,6.1,Mw,511.0,0.98,NEI
2005-03-31 01:46:17.760,31,3,2005,1,-18.448,175.99,10.0,6.0,Mw,229.0,1.01,NEI
2005-04-02 12:52:36.590,2,4,2005,12,78.6069999999999,6.098,10.0,6.1,Mw,473.0,0.92,NEI
2005-04-03 00:59:21.420,3,4,2005,0,0.368,98.319,30.0,6.0,Mw,461.0,0.85,NEI
2005-04-03 03:10:56.470,3,4,2005,3,2.022,97.94199999999991,36.0,6.3,Mw,626.0,0.87,NEI
2005-04-07 20:04:41.060,7,4,2005,20,30.491,83.662,11.0,6.3,Mw,468.0,0.9,NEI
2005-04-08 05:48:37.880,8,4,2005,5,-0.215,97.73099999999991,20.9,6.1,Mw,309.0,0.93,NEI
2005-04-08 11:38:17.470,8,4,2005,11,-23.1439999999999,169.264999999999,10.0,6.1,Mw,161.0,0.97,NEI
2005-04-10 10:29:11.280,10,4,2005,10,-1.644,99.6069999999999,19.0,6.7,Mw,656.0,1.02,NEI
2005-04-10 11:14:19.620,10,4,2005,11,-1.714,99.77899999999991,30.0,6.5,Mw,478.0,0.94,NEI
2005-04-10 17:24:39.400,10,4,2005,17,-1.591,99.7169999999999,30.0,6.4,Mw,374.0,0.89,NEI
2005-04-11 06:11:11.820,11,4,2005,6,2.169,96.759,24.0,6.1,Mw,402.0,1.07,NEI
2005-04-11 12:20:05.960,11,4,2005,12,-3.484,145.908999999999,11.4,6.6,Mw,211.0,1.07,NEI
2005-04-11 14:54:07.030,11,4,2005,14,-7.293,-77.88599999999991,129.9,6.0,Mw,522.0,0.74,NEI
2005-04-11 17:08:53.940,11,4,2005,17,-21.975,170.611999999999,68.0,6.7,Mw,414.0,0.96,NEI
2005-04-16 16:38:03.900,16,4,2005,16,1.812,97.662,31.0,6.4,Mw,413.0,0.89,NEI
2005-04-28 14:07:33.700,28,4,2005,14,2.132,96.799,22.0,6.2,Mw,408.0,0.91,NEI
2005-05-05 19:12:21.410,5,5,2005,19,5.71,-82.8449999999999,18.0,6.5,Mw,190.0,1.26,NEI
2005-05-10 01:09:05.100,10,5,2005,1,-6.226,103.139,17.0,6.3,Mw,429.0,0.91,NEI
2005-05-12 11:15:35.340,12,5,2005,11,-57.381999999999906,-139.230999999999,10.0,6.5,Mw,249.0,1.26,NEI
2005-05-14 05:05:18.480,14,5,2005,5,0.587,98.459,34.0,6.7,Mw,695.0,1.0,NEI
2005-05-16 03:54:14.620,16,5,2005,3,-32.5889999999999,-179.353,34.0,6.6,Mw,660.0,1.03,NEI
2005-05-18 09:10:53.650,18,5,2005,9,-56.412999999999904,-26.863,102.2,6.0,Mw,135.0,0.8,NEI
2005-05-18 10:27:06.410,18,5,2005,10,-15.318,-173.24,10.0,6.2,Mw,237.0,0.96,NEI
2005-05-18 11:37:41.740,18,5,2005,11,5.439,93.3569999999999,2.5,6.1,Mw,105.0,1.28,NEI
2005-05-19 01:54:52.850,19,5,2005,1,1.989,97.0409999999999,30.0,6.9,Mw,635.0,0.92,NEI
2005-05-20 12:40:42.410,20,5,2005,12,-24.529,178.84,565.3,6.0,Mw,334.0,0.92,NEI
2005-05-21 05:11:35.390,21,5,2005,5,-3.286,-80.98699999999991,39.5,6.3,Mw,487.0,0.98,NEI
2005-06-02 10:56:01.650,2,6,2005,10,-24.221,-67.003,196.2,6.1,Mw,432.0,0.88,NEI
2005-06-04 14:50:46.650,4,6,2005,14,-6.319,146.846,26.0,6.1,Mw,411.0,0.98,NEI
2005-06-08 06:28:10.920,8,6,2005,6,2.17,96.724,23.5,6.1,Mw,320.0,0.81,NEI
2005-06-12 19:26:24.800,12,6,2005,19,-56.29299999999991,-27.0749999999999,94.1,6.0,Mw,241.0,0.99,NEI
2005-06-13 22:44:33.900,13,6,2005,22,-19.9869999999999,-69.197,115.6,7.8,Mw,714.0,1.01,NEI
2005-06-14 17:10:12.280,14,6,2005,17,51.238999999999905,179.313999999999,17.0,6.8,Mw,885.0,1.02,NEI
2005-06-15 02:50:54.190,15,6,2005,2,41.292,-125.953,16.0,7.2,Mw,420.0,1.2,NEI
2005-06-15 10:13:59.390,15,6,2005,10,-4.595,153.191,74.6,6.2,Mw,400.0,0.92,NEI
2005-06-15 19:52:24.820,15,6,2005,19,-44.865,-80.5619999999999,10.0,6.4,Mw,132.0,1.32,NEI
2005-06-17 06:21:42.590,17,6,2005,6,40.773,-126.574,12.0,6.6,Mw,659.0,1.06,NEI
2005-06-27 11:35:45.600,27,6,2005,11,18.7809999999999,-107.298,20.0,6.2,Mw,452.0,0.0,UNM
2005-07-02 02:16:43.700,2,7,2005,2,11.2449999999999,-86.1719999999999,27.0,6.6,Mw,446.0,1.12,NEI
2005-07-04 11:36:05.650,4,7,2005,11,-42.283,42.369999999999905,10.0,6.3,Mw,149.0,1.05,NEI
2005-07-05 01:52:02.950,5,7,2005,1,1.819,97.08199999999991,21.0,6.7,Mw,398.0,1.0,NEI
2005-07-10 04:46:31.240,10,7,2005,4,-36.31,-97.26399999999991,10.0,6.1,Mw,204.0,1.02,NEI
2005-07-11 23:06:01.740,11,7,2005,23,-27.001,-176.322,10.0,6.0,Mw,228.0,0.91,NEI
2005-07-23 08:51:43.570,23,7,2005,8,-30.254,-178.068,10.0,6.0,Mw,325.0,1.08,NEI
2005-07-24 15:42:06.210,24,7,2005,15,7.92,92.1899999999999,16.0,7.2,Mw,636.0,0.93,NEI
2005-07-30 11:03:49.120,30,7,2005,11,-61.473999999999904,154.249,10.0,6.0,Mw,65.0,1.35,NEI
2005-08-03 11:03:15.130,3,8,2005,11,11.247,-85.5409999999999,14.0,6.3,Mw,454.0,1.16,NEI
2005-08-06 09:56:13.540,6,8,2005,9,-19.614,-175.849999999999,205.4,6.0,Mw,339.0,0.84,NEI
2005-08-07 02:17:46.040,7,8,2005,2,-47.09,33.6199999999999,10.0,6.2,Mw,241.0,1.19,NEI
2005-08-07 11:35:26.140,7,8,2005,11,-14.449,-177.293,10.0,6.0,Mw,277.0,0.95,NEI
2005-08-09 05:26:17.530,9,8,2005,5,-20.942,173.824999999999,23.6,6.1,Mw,145.0,0.93,NEI
2005-08-09 14:12:21.170,9,8,2005,14,-21.097,173.874,35.0,6.1,Mw,114.0,0.97,NEI
2005-08-11 09:08:46.810,11,8,2005,9,-22.677,169.508999999999,10.0,6.2,Mw,143.0,1.1,NEI
2005-08-13 07:36:52.770,13,8,2005,7,20.134,145.800999999999,48.6,6.0,Mw,303.0,0.83,NEI
2005-08-16 02:46:28.400,16,8,2005,2,38.276,142.038999999999,36.0,7.2,Mw,698.0,0.95,NEI
2005-08-24 10:15:28.190,24,8,2005,10,38.564,142.986999999999,10.0,6.1,Mw,251.0,1.48,NEI
2005-08-26 18:16:33.620,26,8,2005,18,14.417,52.365,10.0,6.2,Mw,309.0,1.4,NEI
2005-08-27 18:38:20.940,27,8,2005,18,6.817,-82.432,10.0,6.1,Mw,371.0,1.22,NEI
2005-08-30 18:10:45.460,30,8,2005,18,38.481,143.175,21.1,6.1,Mw,464.0,0.85,NEI
2005-09-04 23:58:34.890,4,9,2005,23,3.004,123.072999999999,443.9,6.0,Mw,303.0,0.89,NEI
2005-09-05 07:37:31.310,5,9,2005,7,-56.409999999999904,-142.392,10.0,6.2,Mw,151.0,1.33,NEI
2005-09-09 07:26:43.730,9,9,2005,7,-4.539,153.473999999999,90.0,7.6,Mw,502.0,1.04,NEI
2005-09-21 02:25:08.110,21,9,2005,2,43.892,146.145,103.0,6.1,Mw,594.0,0.74,NEI
2005-09-25 12:55:46.600,25,9,2005,12,-17.515,167.800999999999,30.0,6.1,Mw,275.0,1.08,NEI
2005-09-26 01:55:37.670,26,9,2005,1,-5.678,-76.39799999999991,115.0,7.5,Mw,696.0,0.88,NEI
2005-09-29 15:50:24.030,29,9,2005,15,-5.437,151.84,25.0,6.6,Mw,402.0,0.87,NEI
2005-09-29 18:23:25.980,29,9,2005,18,-5.563,151.865,28.0,6.2,Mw,312.0,1.08,NEI
2005-10-08 03:50:40.800,8,10,2005,3,34.539,73.58799999999991,26.0,7.6,Mw,724.0,0.9,NEI
2005-10-08 10:46:28.790,8,10,2005,10,34.7329999999999,73.09999999999991,8.0,6.4,Mw,471.0,0.98,NEI
2005-10-15 10:06:17.010,15,10,2005,10,46.816,154.113,42.8,6.1,Mw,604.0,0.82,NEI
2005-10-15 15:51:08.130,15,10,2005,15,25.309,123.351,192.0,6.4,Mw,774.0,0.88,NEI
2005-10-19 11:44:42.790,19,10,2005,11,36.405,140.839,32.0,6.3,Mw,527.0,0.8,NEI
2005-10-29 04:05:56.040,29,10,2005,4,-45.213999999999906,96.89799999999991,8.0,6.5,Mw,416.0,0.83,NEI
2005-11-05 10:48:21.220,5,11,2005,10,-3.149,148.143,25.0,6.4,Mw,147.0,1.31,NEI
2005-11-14 21:38:51.420,14,11,2005,21,38.10699999999991,144.895999999999,11.0,7.0,Mw,699.0,0.86,NEI
2005-11-17 19:26:54.490,17,11,2005,19,-22.361,-67.89499999999991,147.0,6.8,Mw,509.0,0.9,NEI
2005-11-19 14:10:13.030,19,11,2005,14,2.164,96.786,21.0,6.5,Mw,358.0,0.98,NEI
2005-11-20 12:53:02.950,20,11,2005,12,53.843,-164.092999999999,30.0,6.2,Mw,616.0,1.04,NEI
2005-11-21 15:36:30.980,21,11,2005,15,31.0189999999999,129.997,145.0,6.1,Mw,566.0,0.91,NEI
2005-11-22 15:11:31.580,22,11,2005,15,-5.154,145.283999999999,68.0,6.2,Mw,172.0,0.98,NEI
2005-11-28 16:41:28.140,28,11,2005,16,20.2899999999999,146.055,11.0,6.0,Mw,389.0,0.95,NEI
2005-11-30 16:53:42.470,30,11,2005,16,6.27,124.029,13.0,6.4,Mw,178.0,1.12,NEI
2005-12-02 13:13:09.520,2,12,2005,13,38.088999999999906,142.122,29.0,6.5,Mw,464.0,0.79,NEI
2005-12-05 12:19:56.620,5,12,2005,12,-6.224,29.8299999999999,22.0,6.8,Mw,561.0,0.98,NEI
2005-12-07 23:32:51.550,7,12,2005,23,-30.012,-177.637,21.0,6.4,Mw,340.0,0.98,NEI
2005-12-08 09:01:27.110,8,12,2005,9,-5.408,146.953,216.8,6.1,Mw,431.0,0.85,NEI
2005-12-11 14:20:45.000,11,12,2005,14,-6.584,152.223,17.0,6.6,Mw,503.0,0.85,NEI
2005-12-12 21:47:46.070,12,12,2005,21,36.35699999999991,71.093,224.6,6.5,Mw,529.0,0.81,NEI
2005-12-13 03:16:06.380,13,12,2005,3,-15.265,-178.571,10.0,6.7,Mw,322.0,1.16,NEI
2005-12-16 18:32:16.420,16,12,2005,18,38.506,141.9,42.9,6.0,Mw,407.0,1.18,NEI
2005-12-20 05:51:12.560,20,12,2005,5,12.2319999999999,140.995,22.8,6.1,Mw,196.0,0.89,NEI
2005-12-21 07:09:05.170,21,12,2005,7,-0.066,124.672,25.0,6.3,Mw,380.0,0.99,NEI
2005-12-21 14:32:38.910,21,12,2005,14,6.643,-82.75499999999991,7.0,6.0,Mw,473.0,1.07,NEI
2005-12-22 12:20:02.940,22,12,2005,12,-54.719,-135.867999999999,10.0,6.3,Mw,110.0,1.43,NEI
2005-12-23 21:47:28.000,23,12,2005,21,-1.386,-77.51699999999991,192.9,6.1,Mw,520.0,0.77,NEI
2005-12-30 18:26:43.900,30,12,2005,18,7.529,-82.266,10.0,6.1,Mw,420.0,0.96,NEI
2006-01-02 06:10:49.760,2,1,2006,6,-60.957,-21.606,13.0,7.4,Mw,271.0,1.28,NEI
2006-01-02 22:13:40.490,2,1,2006,22,-19.9259999999999,-178.178,582.9,7.2,Mw,646.0,1.11,NEI
2006-01-04 08:32:32.400,4,1,2006,8,28.164,-112.117,14.0,6.6,Mw,323.0,1.25,NEI
2006-01-06 03:39:58.550,6,1,2006,3,6.635,-82.337,7.4,6.1,Mw,385.0,1.05,NEI
2006-01-08 11:34:55.640,8,1,2006,11,36.311,23.212,66.0,6.7,Mw,769.0,1.34,NEI
2006-01-15 11:58:29.120,15,1,2006,11,-7.826,122.596999999999,264.8,6.1,Mw,339.0,0.99,NEI
2006-01-23 06:02:58.140,23,1,2006,6,-17.3909999999999,167.715,23.0,6.4,Mw,284.0,1.49,NEI
2006-01-23 20:50:44.980,23,1,2006,20,6.864,-77.793,14.0,6.2,Mw,552.0,0.87,NEI
2006-01-27 16:58:53.670,27,1,2006,16,-5.473,128.131,397.0,7.6,Mw,560.0,0.88,NEI
2006-02-02 12:48:43.440,2,2,2006,12,-17.747,-178.389999999999,597.5,6.7,Mw,644.0,1.0,NEI
2006-02-03 20:34:10.980,3,2,2006,20,11.8599999999999,92.372,19.0,6.1,Mw,442.0,0.89,NEI
2006-02-14 15:27:23.340,14,2,2006,15,20.821,146.18,40.0,6.3,Mw,279.0,0.86,NEI
2006-02-18 15:59:22.090,18,2,2006,15,-5.193,152.053,44.2,6.2,Mw,331.0,0.97,NEI
2006-02-22 22:19:07.800,22,2,2006,22,-21.324,33.5829999999999,11.0,7.0,Mw,412.0,1.37,NEI
2006-02-23 04:04:05.020,23,2,2006,4,-54.668999999999905,1.765,10.0,6.2,Mw,79.0,1.22,NEI
2006-02-24 14:15:45.210,24,2,2006,14,-17.995,-179.59,622.4,6.1,Mw,387.0,0.9,NEI
2006-02-26 03:08:27.810,26,2,2006,3,-23.6069999999999,-179.989,535.2,6.4,Mw,574.0,0.95,NEI
2006-02-26 04:18:42.110,26,2,2006,4,-15.2829999999999,-176.239,32.5,6.0,Mw,173.0,1.02,NEI
2006-02-28 07:31:02.650,28,2,2006,7,28.12,56.865,18.0,6.0,Mw,480.0,1.26,NEI
2006-03-03 23:36:27.980,3,3,2006,23,-55.695,-4.232,10.0,6.0,Mw,29.0,1.3,NEI
2006-03-05 08:07:56.570,5,3,2006,8,-20.1179999999999,-175.661,205.8,6.1,Mw,492.0,0.97,NEI
2006-03-06 18:13:08.430,6,3,2006,18,-40.103,78.486,10.0,6.2,Mw,101.0,0.93,NEI
2006-03-07 06:28:55.050,7,3,2006,6,-14.805,167.367999999999,136.2,6.2,Mw,340.0,0.99,NEI
2006-03-09 17:55:55.350,9,3,2006,17,0.791,-26.125,10.0,6.0,Mw,209.0,1.29,NEI
2006-03-10 10:12:18.630,10,3,2006,10,-60.418999999999905,-46.505,10.0,6.1,Mw,93.0,1.1,NEI
2006-03-14 06:57:33.860,14,3,2006,6,-3.595,127.214,30.1,6.7,Mw,306.0,1.17,NEI
2006-03-24 12:27:05.380,24,3,2006,12,-3.245,143.144,12.0,6.1,Mw,194.0,0.97,NEI
2006-03-24 17:46:49.780,24,3,2006,17,-16.885,174.503999999999,10.0,6.0,Mw,175.0,1.04,NEI
2006-03-31 01:17:00.960,31,3,2006,1,33.5,48.78,7.0,6.1,Mw,586.0,1.06,NEI
2006-03-31 13:21:00.250,31,3,2006,13,-29.4349999999999,-176.768,13.0,6.5,Mw,238.0,1.15,NEI
2006-03-31 21:14:45.200,31,3,2006,21,3.798,126.343999999999,37.0,6.2,Mw,346.0,0.98,NEI
2006-04-01 10:02:19.570,1,4,2006,10,22.8679999999999,121.278,9.0,6.1,Mw,429.0,1.02,NEI
2006-04-04 02:30:28.390,4,4,2006,2,18.716,-106.992,33.5,6.0,Mw,342.0,1.16,NEI
2006-04-07 08:30:44.630,7,4,2006,8,-16.527,176.989,14.0,6.5,Mw,247.0,1.15,NEI
2006-04-12 01:06:58.690,12,4,2006,1,56.396999999999906,163.99,28.8,6.0,Mw,352.0,1.39,NEI
2006-04-15 23:50:14.720,15,4,2006,23,-29.7719999999999,-72.003,19.8,6.0,Mw,166.0,1.06,NEI
2006-04-17 23:49:56.870,17,4,2006,23,-12.475,166.508,16.0,6.1,Mw,204.0,1.4,NEI
2006-04-19 20:36:46.400,19,4,2006,20,2.643,93.2259999999999,17.0,6.2,Mw,341.0,1.03,NEI
2006-04-20 23:25:02.150,20,4,2006,23,60.948999999999906,167.089,22.0,7.6,Mw,579.0,0.87,NEI
2006-04-20 23:28:03.900,20,4,2006,23,60.874,167.007,10.0,6.1,Mb,54.0,1.1,NEI
2006-04-21 04:32:43.820,21,4,2006,4,60.527,165.816,9.0,6.4,Mw,658.0,0.78,NEI
2006-04-21 11:14:15.330,21,4,2006,11,61.35399999999991,167.525,12.0,6.1,Mw,491.0,0.82,NEI
2006-04-25 18:26:17.150,25,4,2006,18,1.994,96.995,21.0,6.3,Mw,354.0,0.9,NEI
2006-04-26 01:46:03.860,26,4,2006,1,-57.48199999999991,147.568,10.0,6.1,Mw,167.0,1.33,NEI
2006-04-29 16:58:06.320,29,4,2006,16,60.491,167.515999999999,11.0,6.6,Mw,645.0,0.78,NEI
2006-04-30 08:17:34.860,30,4,2006,8,-15.103,167.441,127.7,6.1,Mw,303.0,1.08,NEI
2006-04-30 19:17:14.980,30,4,2006,19,-27.0169999999999,-71.022,12.0,6.7,Mw,277.0,1.19,NEI
2006-04-30 19:33:18.940,30,4,2006,19,-15.523,-173.101,10.0,6.0,Mw,224.0,0.94,NEI
2006-04-30 21:40:58.440,30,4,2006,21,-27.2109999999999,-71.0559999999999,12.0,6.5,Mw,282.0,1.26,NEI
2006-05-03 15:26:40.290,3,5,2006,15,-20.187,-174.122999999999,55.0,8.0,Mw,626.0,1.18,NEI
2006-05-04 11:25:26.050,4,5,2006,11,-20.579,-174.036,11.0,6.0,Mw,256.0,0.98,NEI
2006-05-06 18:26:50.540,6,5,2006,18,-38.619999999999905,78.56999999999991,10.0,6.0,Mw,71.0,1.55,NEI
2006-05-07 14:17:35.170,7,5,2006,14,-36.805,78.545,10.0,6.1,Mw,90.0,1.15,NEI
2006-05-10 02:42:51.030,10,5,2006,2,52.515,-169.256,18.0,6.4,Mw,566.0,0.91,NEI
2006-05-16 10:39:23.340,16,5,2006,10,-31.8099999999999,-179.306999999999,152.0,7.4,Mw,613.0,1.32,NEI
2006-05-16 15:28:25.920,16,5,2006,15,0.093,97.0499999999999,12.0,6.8,Mw,701.0,0.82,NEI
2006-05-17 03:06:16.360,17,5,2006,3,-20.634,-173.952,11.0,6.0,Mw,360.0,1.01,NEI
2006-05-19 14:44:24.900,19,5,2006,14,-0.143,124.712999999999,35.0,6.3,Mw,298.0,0.99,NEI
2006-05-21 02:07:36.430,21,5,2006,2,1.55,-85.311,10.0,6.0,Mw,209.0,1.07,NEI
2006-05-22 11:12:00.800,22,5,2006,11,60.771999999999906,165.742999999999,19.0,6.6,Mw,548.0,1.02,NEI
2006-05-22 13:08:02.950,22,5,2006,13,54.271,158.447,197.0,6.2,Mw,660.0,0.75,NEI
2006-05-22 20:53:57.410,22,5,2006,20,-4.715,126.811,2.8,6.1,Mw,109.0,1.33,NEI
2006-05-26 22:53:58.920,26,5,2006,22,-7.961,110.446,12.5,6.3,Mw,213.0,1.32,NEI
2006-05-28 03:12:08.760,28,5,2006,3,-5.724,151.133,34.0,6.5,Mw,477.0,0.9,NEI
2006-06-02 07:31:36.460,2,6,2006,7,-20.837,-178.700999999999,591.6,6.0,Mw,387.0,0.86,NEI
2006-06-05 06:27:07.960,5,6,2006,6,1.175,-28.065,10.0,6.0,Mw,209.0,1.32,NEI
2006-06-09 05:58:27.770,9,6,2006,5,-17.5309999999999,-178.747,564.4,6.1,Mw,374.0,0.82,NEI
2006-06-11 20:01:26.350,11,6,2006,20,33.134,131.145,140.0,6.3,Mw,623.0,0.79,NEI
2006-06-14 04:18:42.510,14,6,2006,4,51.752,177.081999999999,14.0,6.5,Mw,470.0,1.28,NEI
2006-06-14 04:46:42.420,14,6,2006,4,51.948,177.127999999999,29.1,6.0,Mw,376.0,0.79,NEI
2006-06-18 18:28:02.100,18,6,2006,18,33.0279999999999,-39.701999999999906,9.0,6.0,Mw,522.0,0.87,NEI
2006-06-21 12:34:52.680,21,6,2006,12,6.938,92.45399999999991,16.0,6.0,Mw,411.0,0.85,NEI
2006-06-22 10:53:11.570,22,6,2006,10,45.417,149.342999999999,95.0,6.0,Mw,734.0,0.84,NEI
2006-06-24 21:15:00.920,24,6,2006,21,-0.39,123.194999999999,26.0,6.3,Mw,331.0,1.29,NEI
2006-06-27 02:39:32.900,27,6,2006,2,52.229999999999905,176.157999999999,17.0,6.2,Mw,544.0,1.04,NEI
2006-06-27 02:59:15.310,27,6,2006,2,-19.8649999999999,-178.287,569.9,6.3,Mw,615.0,0.93,NEI
2006-06-27 18:07:22.740,27,6,2006,18,6.501,92.793,28.8,6.3,Mw,379.0,1.07,NEI
2006-07-07 07:26:12.530,7,7,2006,7,-15.244,-173.61,35.0,6.0,Mw,306.0,1.34,NEI
2006-07-08 20:40:00.980,8,7,2006,20,51.213999999999906,-179.312,22.0,6.6,Mw,632.0,1.0,NEI
2006-07-16 11:42:41.410,16,7,2006,11,-28.715,-72.543,10.0,6.2,Mw,436.0,1.01,NEI
2006-07-17 08:19:26.680,17,7,2006,8,-9.284,107.419,20.0,7.7,Mw,357.0,1.16,NEI
2006-07-17 09:13:04.960,17,7,2006,9,-9.087,107.76,10.0,6.0,Mw,272.0,1.02,NEI
2006-07-17 15:45:59.820,17,7,2006,15,-9.42,108.319,21.0,6.1,Mw,252.0,1.14,NEI
2006-07-19 10:57:36.880,19,7,2006,10,-6.535,105.389,45.0,6.1,Mw,383.0,0.93,NEI
2006-07-19 11:48:58.290,19,7,2006,11,-5.474,150.684,28.2,6.4,Mw,133.0,1.17,NEI
2006-07-23 08:22:04.160,23,7,2006,8,-0.336,123.286,28.0,6.0,Mw,308.0,1.16,NEI
2006-07-27 11:16:40.370,27,7,2006,11,1.707,97.146,20.0,6.3,Mw,269.0,0.81,NEI
2006-08-07 22:18:55.090,7,8,2006,22,-15.798,167.788999999999,150.0,6.8,Mw,551.0,1.08,NEI
2006-08-11 14:30:40.150,11,8,2006,14,18.541,-101.048,56.0,6.1,Mw,532.0,1.02,NEI
2006-08-11 20:54:14.370,11,8,2006,20,2.403,96.3479999999999,22.0,6.2,Mw,290.0,0.79,NEI
2006-08-15 23:53:46.770,15,8,2006,23,-21.189,-176.25,154.0,6.1,Mw,493.0,0.82,NEI
2006-08-20 03:01:02.410,20,8,2006,3,49.823,156.414999999999,26.0,6.0,Mw,659.0,0.8,NEI
2006-08-20 03:41:48.040,20,8,2006,3,-61.029,-34.371,13.0,7.0,Mw,322.0,1.01,NEI
2006-08-24 21:50:36.650,24,8,2006,21,51.148,157.521999999999,43.0,6.5,Mw,700.0,0.8,NEI
2006-08-25 00:44:46.160,25,8,2006,0,-24.4029999999999,-67.028,184.0,6.6,Mw,454.0,0.94,NEI
2006-09-01 10:18:51.600,1,9,2006,10,-6.759,155.512,38.0,6.8,Mw,459.0,0.84,NEI
2006-09-09 04:13:12.060,9,9,2006,4,-7.219,120.105999999999,572.0,6.3,Mw,357.0,0.92,NEI
2006-09-12 13:30:55.660,12,9,2006,13,-28.9439999999999,-68.89799999999991,114.0,6.0,Mw,424.0,1.02,NEI
2006-09-16 09:45:23.910,16,9,2006,9,-3.08,129.441,17.0,6.3,Mw,209.0,1.16,NEI
2006-09-17 09:34:13.580,17,9,2006,9,-31.733,-67.14499999999991,137.0,6.2,Mw,374.0,1.03,NEI
2006-09-21 18:54:50.050,21,9,2006,18,-9.05,110.364999999999,25.0,6.0,Mw,237.0,1.13,NEI
2006-09-22 02:32:25.640,22,9,2006,2,-26.8679999999999,-63.149,598.3,6.0,Mw,495.0,0.82,NEI
2006-09-28 06:22:09.730,28,9,2006,6,-16.5919999999999,-172.032999999999,28.0,6.9,Mw,702.0,0.92,NEI
2006-09-29 13:08:26.160,29,9,2006,13,10.8759999999999,-61.756,53.0,6.1,Mw,603.0,0.92,NEI
2006-09-30 16:26:56.120,30,9,2006,16,-15.5879999999999,-73.1599999999999,107.0,6.0,Mw,338.0,0.81,NEI
2006-09-30 17:50:23.050,30,9,2006,17,46.35099999999991,153.166,11.0,6.6,Mw,603.0,1.01,NEI
2006-09-30 17:56:16.100,30,9,2006,17,46.185,153.169,10.0,6.0,Mw,356.0,1.06,NEI
2006-10-01 09:06:02.320,1,10,2006,9,46.46999999999991,153.24,19.0,6.5,Mw,628.0,0.89,NEI
2006-10-03 18:03:13.430,3,10,2006,18,-18.84,169.001,161.0,6.3,Mw,432.0,1.12,NEI
2006-10-09 10:01:47.400,9,10,2006,10,20.654,120.023,14.0,6.3,Mw,451.0,0.88,NEI
2006-10-10 08:02:51.950,10,10,2006,8,-56.10099999999991,-122.373,10.0,6.0,Mw,162.0,1.25,NEI
2006-10-10 23:58:04.000,10,10,2006,23,37.197,142.663999999999,9.0,6.0,Mw,439.0,0.86,NEI
2006-10-12 18:05:56.570,12,10,2006,18,-31.256,-71.36799999999991,31.0,6.4,Mw,372.0,1.06,NEI
2006-10-15 17:07:49.220,15,10,2006,17,19.8786999999999,-155.9367,39.06,6.7,Unk,43.0,0.09,HV
2006-10-15 17:14:12.070,15,10,2006,17,20.129,-155.9857,18.92,6.0,Unk,40.0,0.12,HV
2006-10-17 01:25:12.230,17,10,2006,1,-5.881,150.982,32.0,6.7,Mw,533.0,1.02,NEI
2006-10-18 10:45:32.930,18,10,2006,10,-15.053,167.265999999999,115.0,6.4,Mw,303.0,1.39,NEI
2006-10-20 10:48:56.010,20,10,2006,10,-13.457,-76.677,23.0,6.7,Mw,444.0,0.97,NEI
2006-10-22 08:55:16.760,22,10,2006,8,-45.726999999999904,95.98699999999991,10.0,6.1,Mw,159.0,1.19,NEI
2006-10-23 21:17:19.980,23,10,2006,21,29.3509999999999,140.27,11.0,6.4,Mw,427.0,1.15,NEI
2006-10-24 03:03:45.280,24,10,2006,3,4.898,125.295,10.0,6.1,Mw,167.0,1.33,NEI
2006-10-26 22:54:32.320,26,10,2006,22,-13.371,-76.61799999999991,28.1,6.0,Mw,319.0,0.96,NEI
2006-11-06 20:56:51.110,6,11,2006,20,-5.45,146.637,133.2,6.0,Mw,230.0,1.15,NEI
2006-11-07 17:38:33.800,7,11,2006,17,-6.482,151.194999999999,11.0,6.6,Mw,352.0,1.05,NEI
2006-11-12 18:21:26.140,12,11,2006,18,-6.225,151.05,12.0,6.2,Mw,521.0,1.01,NEI
2006-11-13 01:26:35.870,13,11,2006,1,-26.052,-63.283,572.0,6.8,Mw,480.0,0.94,NEI
2006-11-13 16:12:28.980,13,11,2006,16,-6.38,151.229999999999,11.0,6.2,Mw,396.0,0.89,NEI
2006-11-14 14:21:01.320,14,11,2006,14,-6.39,127.998,345.0,6.1,Mw,286.0,0.87,NEI
2006-11-15 11:14:13.570,15,11,2006,11,46.591999999999906,153.265999999999,10.0,8.3,Mw,576.0,1.07,NEI
2006-11-15 11:25:09.000,15,11,2006,11,47.518,152.646999999999,10.0,6.0,Mb,222.0,1.38,NEI
2006-11-15 11:28:38.460,15,11,2006,11,46.085999999999906,154.099999999999,10.0,6.0,Mb,354.0,0.84,NEI
2006-11-15 11:29:22.790,15,11,2006,11,46.371,154.474999999999,10.0,6.2,Mb,342.0,1.07,NEI
2006-11-15 11:34:58.130,15,11,2006,11,46.652,155.305,10.0,6.4,Mb,540.0,0.84,NEI
2006-11-15 11:40:55.050,15,11,2006,11,46.482999999999905,154.726,10.0,6.7,Mw,489.0,0.9,NEI
2006-11-15 19:25:25.990,15,11,2006,19,47.006,154.979,10.0,6.0,Mw,376.0,1.02,NEI
2006-11-16 06:20:20.770,16,11,2006,6,46.357999999999905,154.467999999999,9.0,6.0,Mw,523.0,1.03,NEI
2006-11-16 20:29:54.970,16,11,2006,20,-51.996,139.473,10.0,6.1,Mw,119.0,1.06,NEI
2006-11-17 18:03:12.260,17,11,2006,18,28.591,129.895,22.0,6.2,Mw,391.0,0.94,NEI
2006-11-19 18:57:33.590,19,11,2006,18,-4.521,-104.831999999999,10.0,6.1,Mw,146.0,1.17,NEI
2006-11-29 01:32:17.920,29,11,2006,1,2.52,128.282999999999,39.0,6.2,Mw,264.0,1.07,NEI
2006-11-30 11:33:17.020,30,11,2006,11,-21.297,-174.676999999999,13.5,6.0,Mw,271.0,1.3,NEI
2006-11-30 21:20:11.590,30,11,2006,21,-53.844,-134.359,10.0,6.2,Mw,115.0,1.16,NEI
2006-12-01 03:58:21.650,1,12,2006,3,3.39,99.07899999999991,204.0,6.3,Mw,537.0,0.81,NEI
2006-12-01 14:01:44.260,1,12,2006,14,-8.26099999999999,118.753,19.0,6.3,Mw,205.0,1.17,NEI
2006-12-03 20:52:15.910,3,12,2006,20,13.994,-91.20699999999991,61.2,6.0,Mw,455.0,0.99,NEI
2006-12-07 19:10:21.850,7,12,2006,19,46.152999999999906,154.386,16.0,6.4,Mw,612.0,0.86,NEI
2006-12-12 15:48:03.270,12,12,2006,15,3.733,124.684,213.5,6.3,Mw,328.0,0.96,NEI
2006-12-22 19:50:44.630,22,12,2006,19,10.653,92.361,24.0,6.2,Mw,358.0,0.9,NEI
2006-12-26 12:26:21.140,26,12,2006,12,21.7989999999999,120.547,10.0,7.1,Mw,744.0,1.0,NEI
2006-12-26 12:34:13.800,26,12,2006,12,21.974,120.492999999999,10.0,6.9,Mw,466.0,1.12,NEI
2006-12-26 15:19:45.210,26,12,2006,15,48.320999999999906,154.836999999999,10.0,6.0,Mw,456.0,0.75,NEI
2006-12-27 20:15:38.640,27,12,2006,20,-5.724,154.424,355.0,6.0,Mw,394.0,0.79,NEI
2006-12-30 08:30:49.790,30,12,2006,8,13.313,51.365,15.0,6.6,Mw,474.0,1.2,NEI
2007-01-08 12:48:40.510,8,1,2007,12,8.077,92.4369999999999,11.0,6.1,Mw,252.0,0.91,NEI
2007-01-08 17:21:49.910,8,1,2007,17,39.802999999999905,70.3119999999999,16.0,6.0,Mw,468.0,0.88,NEI
2007-01-08 20:52:20.640,8,1,2007,20,-18.5799999999999,-177.847,406.8,6.3,Mw,266.0,1.1,NEI
2007-01-11 14:31:20.740,11,1,2007,14,-3.655,127.283,13.0,6.0,Mw,283.0,1.02,NEI
2007-01-13 04:23:21.160,13,1,2007,4,46.243,154.524,10.0,8.1,Mw,606.0,1.12,NEI
2007-01-13 17:37:06.310,13,1,2007,17,46.912999999999904,156.276,10.0,6.0,Mw,370.0,0.81,NEI
2007-01-17 04:28:26.660,17,1,2007,4,-3.322,139.834,100.8,6.0,Mw,128.0,0.9,NEI
2007-01-17 23:18:49.800,17,1,2007,23,10.125,58.707999999999906,8.0,6.2,Mw,396.0,0.89,NEI
2007-01-20 06:21:04.560,20,1,2007,6,-55.418999999999905,-29.533,10.0,6.2,Mw,149.0,0.95,NEI
2007-01-21 11:27:45.060,21,1,2007,11,1.065,126.282,22.0,7.5,Mw,570.0,1.22,NEI
2007-01-21 17:32:55.520,21,1,2007,17,1.06,126.345,23.0,6.2,Mw,225.0,0.86,NEI
2007-01-25 10:59:17.650,25,1,2007,10,22.564,121.926,36.2,6.0,Mw,220.0,1.1,NEI
2007-01-30 04:54:50.570,30,1,2007,4,-54.74,146.298,11.0,6.9,Mw,388.0,1.37,NEI
2007-01-30 21:37:44.370,30,1,2007,21,20.98,144.705,20.0,6.6,Mw,418.0,0.88,NEI
2007-01-31 03:15:52.290,31,1,2007,3,-29.776,-178.002,34.0,6.5,Mw,493.0,0.91,NEI
2007-02-04 20:56:59.130,4,2,2007,20,19.372,-78.518,10.0,6.2,Mw,458.0,1.15,NEI
2007-02-04 21:17:46.790,4,2,2007,21,-55.883,-122.721,10.0,6.2,Mw,80.0,1.23,NEI
2007-02-12 10:35:22.750,12,2,2007,10,35.804,-10.3119999999999,20.0,6.0,Mw,697.0,1.01,NEI
2007-02-12 12:45:31.700,12,2,2007,12,5.561,126.072999999999,24.0,6.1,Mw,309.0,1.25,NEI
2007-02-17 00:02:56.760,17,2,2007,0,41.793999999999905,143.553,31.0,6.0,Mw,496.0,0.8,NEI
2007-02-20 08:04:25.280,20,2,2007,8,-1.034,126.976,12.0,6.7,Mw,253.0,1.07,NEI
2007-02-20 14:25:26.340,20,2,2007,14,-1.032,126.974999999999,11.0,6.0,Mw,176.0,1.07,NEI
2007-02-24 02:36:23.650,24,2,2007,2,-7.006,-80.4849999999999,23.0,6.3,Mw,404.0,1.11,NEI
2007-02-28 23:13:15.610,28,2,2007,23,-55.244999999999905,-29.1419999999999,10.0,6.2,Mw,186.0,1.21,NEI
2007-03-01 23:11:52.070,1,3,2007,23,26.581,-44.594,10.0,6.0,Mw,387.0,0.99,NEI
2007-03-06 03:49:38.900,6,3,2007,3,-0.493,100.498,19.0,6.4,Mw,306.0,1.21,NEI
2007-03-06 05:49:25.430,6,3,2007,5,-0.488,100.53,11.0,6.3,Mw,392.0,1.04,NEI
2007-03-08 05:03:32.260,8,3,2007,5,29.908,140.204,139.6,6.1,Mw,510.0,0.82,NEI
2007-03-08 11:14:31.510,8,3,2007,11,-58.216999999999906,-7.615,10.0,6.2,Mw,73.0,1.34,NEI
2007-03-09 03:22:42.760,9,3,2007,3,43.223999999999904,133.526,441.2,6.0,Mw,666.0,0.71,NEI
2007-03-13 02:59:04.400,13,3,2007,2,26.2609999999999,-110.537,26.1,6.0,Mw,266.0,1.29,NEI
2007-03-17 17:42:26.290,17,3,2007,17,1.132,126.215999999999,35.0,6.2,Mw,328.0,0.96,NEI
2007-03-17 22:43:09.620,17,3,2007,22,4.551,-78.536,10.0,6.0,Mw,545.0,1.03,NEI
2007-03-18 02:11:05.300,18,3,2007,2,4.585,-78.494,7.0,6.2,Mw,677.0,0.89,NEI
2007-03-25 00:40:01.610,25,3,2007,0,-20.617,169.357,34.0,7.1,Mw,426.0,1.0,NEI
2007-03-25 00:41:57.820,25,3,2007,0,37.335999999999906,136.587999999999,8.0,6.7,Mw,493.0,0.83,NEI
2007-03-25 01:08:19.050,25,3,2007,1,-20.754,169.354,35.0,6.9,Mw,281.0,1.05,NEI
2007-03-31 12:49:03.710,31,3,2007,12,-56.082999999999906,-123.27,10.0,6.2,Mw,164.0,1.21,NEI
2007-04-01 20:39:58.710,1,4,2007,20,-8.46599999999999,157.043,24.0,8.1,Mw,439.0,1.32,NEI
2007-04-01 20:46:19.350,1,4,2007,20,-9.505,156.934,24.3,6.1,Mb,82.0,0.78,NEI
2007-04-01 20:47:31.310,1,4,2007,20,-7.169,155.776999999999,10.0,6.6,Mb,251.0,1.23,NEI
2007-04-01 21:11:33.150,1,4,2007,21,-7.306,155.741,10.0,6.9,Mw,305.0,1.11,NEI
2007-04-01 21:15:22.700,1,4,2007,21,-7.303,155.681999999999,10.0,6.0,Mb,112.0,0.92,NEI
2007-04-02 02:49:35.900,2,4,2007,2,-45.381999999999906,-73.058,4.9,6.1,Mw,204.0,0.0,GUC
2007-04-02 10:49:17.720,2,4,2007,10,-7.225,156.242999999999,34.0,6.1,Mw,229.0,0.92,NEI
2007-04-02 12:02:23.340,2,4,2007,12,-8.706,157.62,14.0,6.2,Mw,322.0,0.92,NEI
2007-04-02 23:20:23.270,2,4,2007,23,-8.617,157.386,18.0,6.2,Mw,329.0,1.26,NEI
2007-04-03 03:35:07.280,3,4,2007,3,36.451,70.688,222.1,6.2,Mw,602.0,0.89,NEI
2007-04-03 12:04:27.370,3,4,2007,12,-7.857,155.800999999999,8.0,6.1,Mw,331.0,0.78,NEI
2007-04-03 20:26:09.590,3,4,2007,20,-20.6329999999999,168.994,12.0,6.2,Mw,176.0,1.37,NEI
2007-04-04 00:39:43.950,4,4,2007,0,-7.141,156.047,10.0,6.0,Mw,400.0,1.02,NEI
2007-04-04 06:34:35.960,4,4,2007,6,-7.76,156.49,17.0,6.4,Mw,349.0,0.82,NEI
2007-04-04 11:00:27.940,4,4,2007,11,-20.715,168.828,13.0,6.2,Mw,383.0,1.45,NEI
2007-04-04 11:02:29.620,4,4,2007,11,-20.6879999999999,169.056,10.0,6.5,Mw,170.0,1.45,NEI
2007-04-05 03:56:50.480,5,4,2007,3,37.305999999999905,-24.6209999999999,14.0,6.3,Mw,627.0,0.82,NEI
2007-04-07 07:09:25.370,7,4,2007,7,37.305999999999905,-24.494,8.0,6.1,Mw,645.0,0.95,NEI
2007-04-07 09:51:51.620,7,4,2007,9,2.916,95.7,30.0,6.1,Mw,280.0,0.96,NEI
2007-04-12 18:24:49.030,12,4,2007,18,-61.828,160.96,10.0,6.0,Mw,73.0,1.36,NEI
2007-04-13 05:42:23.030,13,4,2007,5,17.302,-100.197999999999,34.0,6.0,Mw,487.0,1.02,NEI
2007-04-13 18:24:19.160,13,4,2007,18,-35.051,-108.836,10.0,6.1,Mw,256.0,0.93,NEI
2007-04-16 13:20:38.230,16,4,2007,13,-58.015,147.964,10.0,6.4,Mw,129.0,1.35,NEI
2007-04-20 00:26:40.600,20,4,2007,0,25.722,125.093,10.0,6.1,Mw,339.0,0.91,NEI
2007-04-20 01:45:56.110,20,4,2007,1,25.71,125.108,9.0,6.3,Mw,525.0,0.98,NEI
2007-04-20 02:23:34.040,20,4,2007,2,25.623,125.043,11.1,6.0,Mw,306.0,1.03,NEI
2007-04-21 07:12:48.060,21,4,2007,7,-3.548,151.265999999999,407.4,6.1,Mw,441.0,0.82,NEI
2007-04-21 17:20:31.930,21,4,2007,17,-13.8379999999999,166.842999999999,40.7,6.1,Mw,263.0,1.18,NEI
2007-04-21 17:53:46.310,21,4,2007,17,-45.243,-72.64799999999991,36.7,6.2,Mw,316.0,0.98,NEI
2007-04-25 13:34:14.230,25,4,2007,13,-14.285,166.863,55.0,6.4,Mw,351.0,0.99,NEI
2007-04-28 14:02:37.910,28,4,2007,14,-60.789,-20.2079999999999,10.0,6.1,Mw,105.0,1.15,NEI
2007-04-29 12:41:57.390,29,4,2007,12,52.006999999999906,-179.972,117.0,6.2,Mw,621.0,0.8,NEI
2007-05-04 12:06:51.750,4,5,2007,12,-1.41,-14.9209999999999,7.0,6.2,Mw,376.0,1.49,NEI
2007-05-05 08:51:39.090,5,5,2007,8,34.2479999999999,81.9669999999999,9.0,6.1,Mw,394.0,1.14,NEI
2007-05-06 21:11:52.500,6,5,2007,21,-19.401,-179.354,676.4,6.5,Mw,617.0,0.89,NEI
2007-05-06 22:01:08.920,6,5,2007,22,-19.4059999999999,-179.315,688.0,6.1,Mw,423.0,0.9,NEI
2007-05-07 11:15:16.230,7,5,2007,11,-44.85,-80.453,10.0,6.1,Mw,80.0,1.46,NEI
2007-05-16 08:56:14.120,16,5,2007,8,20.503,100.732,9.0,6.3,Mw,401.0,0.9,NEI
2007-05-17 19:29:10.250,17,5,2007,19,-30.658,-178.202,40.7,6.0,Mw,266.0,0.83,NEI
2007-05-29 01:03:27.920,29,5,2007,1,-4.587,151.841,132.5,6.1,Mw,364.0,0.88,NEI
2007-05-29 09:36:05.600,29,5,2007,9,-1.065,127.343,24.0,6.1,Mw,334.0,1.12,NEI
2007-05-30 20:22:12.660,30,5,2007,20,52.137,157.293,116.0,6.4,Mw,652.0,0.84,NEI
2007-06-02 21:34:57.780,2,6,2007,21,23.0279999999999,101.052,5.0,6.1,Mw,400.0,0.96,NEI
2007-06-07 00:40:38.130,7,6,2007,0,-3.316,146.761,4.7,6.2,Mw,117.0,1.04,NEI
2007-06-13 19:29:40.180,13,6,2007,19,13.554,-90.61799999999991,23.0,6.7,Mw,468.0,1.09,NEI
2007-06-18 06:18:45.680,18,6,2007,6,-3.55,150.961999999999,9.0,6.3,Mw,301.0,1.25,NEI
2007-06-24 00:25:18.400,24,6,2007,0,-55.645,-2.626,10.0,6.5,Mw,65.0,1.55,NEI
2007-06-26 22:23:03.040,26,6,2007,22,-10.492,108.149,10.0,6.0,Mw,327.0,0.92,NEI
2007-06-28 02:52:10.990,28,6,2007,2,-7.979,154.634999999999,18.0,6.7,Mw,419.0,1.07,NEI
2007-07-03 08:26:00.810,3,7,2007,8,0.715,-30.2719999999999,10.0,6.3,Mw,407.0,0.72,NEI
2007-07-06 01:09:19.000,6,7,2007,1,16.35,-93.98999999999991,113.0,6.1,Mw,525.0,0.0,UNM
2007-07-12 05:23:49.340,12,7,2007,5,-7.933,-74.379,152.1,6.1,Mw,515.0,0.79,NEI
2007-07-13 21:54:43.110,13,7,2007,21,51.838,-176.28,35.0,6.0,Mw,526.0,0.88,NEI
2007-07-15 09:27:34.480,15,7,2007,9,-15.3829999999999,168.597,8.0,6.1,Mw,417.0,1.05,NEI
2007-07-15 13:08:01.680,15,7,2007,13,52.491,-168.035,15.0,6.1,Mw,544.0,0.93,NEI
2007-07-16 01:13:22.370,16,7,2007,1,37.534999999999904,138.446,12.0,6.6,Mw,782.0,0.97,NEI
2007-07-16 14:17:37.340,16,7,2007,14,36.808,134.849999999999,350.4,6.8,Mw,664.0,0.73,NEI
2007-07-17 09:39:27.810,17,7,2007,9,-26.206,-177.744,10.0,6.1,Mw,260.0,1.04,NEI
2007-07-18 00:07:35.460,18,7,2007,0,-26.295,-177.738,10.0,6.1,Mw,309.0,1.35,NEI
2007-07-21 13:27:04.410,21,7,2007,13,-8.13299999999999,-71.272,644.9,6.1,Mw,412.0,0.76,NEI
2007-07-21 15:34:52.600,21,7,2007,15,-22.151,-65.777,289.5,6.4,Mw,434.0,0.86,NEI
2007-07-25 23:37:31.520,25,7,2007,23,7.157,92.518,15.0,6.1,Mw,442.0,1.04,NEI
2007-07-26 05:40:16.100,26,7,2007,5,2.872,127.464,25.0,6.9,Mw,374.0,1.28,NEI
2007-07-27 14:46:26.880,27,7,2007,14,-21.459,170.938999999999,10.0,6.1,Mw,313.0,1.36,NEI
2007-07-31 22:55:31.120,31,7,2007,22,-0.162,-17.795,11.0,6.2,Mw,539.0,0.8,NEI
2007-08-01 17:08:51.400,1,8,2007,17,-15.595,167.68,120.0,7.2,Mw,494.0,1.14,NEI
2007-08-02 02:37:42.380,2,8,2007,2,47.116,141.798,5.0,6.2,Mw,429.0,1.08,NEI
2007-08-02 03:21:42.820,2,8,2007,3,51.307,-179.971,21.0,6.7,Mw,725.0,0.97,NEI
2007-08-04 14:24:51.680,4,8,2007,14,-4.797,-105.406,10.0,6.1,Mw,184.0,1.27,NEI
2007-08-05 09:28:39.830,5,8,2007,9,-19.148,168.717999999999,40.0,6.0,Mw,438.0,0.99,NEI
2007-08-07 00:02:24.200,7,8,2007,0,27.292,126.836,18.1,6.0,Mw,279.0,0.95,NEI
2007-08-08 17:04:57.840,8,8,2007,17,-5.926,107.681,291.2,6.1,Mb,531.0,1.05,NEI
2007-08-08 17:05:04.920,8,8,2007,17,-5.859,107.419,280.0,7.5,Mw,228.0,1.13,NEI
2007-08-12 12:05:19.850,12,8,2007,12,-11.378,166.273,42.0,6.0,Mw,331.0,0.91,NEI
2007-08-13 10:27:23.070,13,8,2007,10,-60.54899999999991,153.785,10.0,6.1,Mw,137.0,1.28,NEI
2007-08-15 20:22:11.120,15,8,2007,20,50.322,-177.548,9.0,6.5,Mw,622.0,0.9,NEI
2007-08-15 23:40:57.890,15,8,2007,23,-13.3859999999999,-76.60299999999991,39.0,8.0,Me,625.0,0.86,NEI
2007-08-16 05:16:56.150,16,8,2007,5,-14.282,-76.12699999999991,23.4,6.4,Mw,411.0,0.81,NEI
2007-08-16 08:39:28.440,16,8,2007,8,-9.834,159.465,15.0,6.5,Me,382.0,1.4,NEI
2007-08-16 11:35:41.790,16,8,2007,11,-14.286,-76.2139999999999,35.0,6.0,Mw,221.0,1.0,NEI
2007-08-17 03:04:03.090,17,8,2007,3,-5.261,129.431999999999,10.0,6.4,Mw,293.0,1.14,NEI
2007-08-18 02:52:35.400,18,8,2007,2,-13.805,-76.2909999999999,30.0,6.0,Me,490.0,0.78,NEI
2007-08-20 13:46:17.410,20,8,2007,13,6.134,127.381,8.0,6.4,Me,587.0,1.02,NEI
2007-08-20 22:42:28.530,20,8,2007,22,8.037,-39.250999999999905,6.0,6.5,Me,655.0,0.94,NEI
2007-08-26 12:37:31.190,26,8,2007,12,-17.457,-174.335,127.4,6.1,Me,567.0,0.97,NEI
2007-09-01 19:14:22.640,1,9,2007,19,24.902,-109.688999999999,9.0,6.1,Mw,278.0,1.15,NEI
2007-09-02 01:05:18.150,2,9,2007,1,-11.6099999999999,165.762,35.0,7.2,Me,312.0,1.31,NEI
2007-09-02 02:35:23.650,2,9,2007,2,-11.766,165.699,36.7,6.3,Mw,85.0,1.1,NEI
2007-09-03 16:14:53.570,3,9,2007,16,45.835999999999906,150.06,94.0,6.2,Me,686.0,0.81,NEI
2007-09-06 17:51:26.190,6,9,2007,17,24.34,122.218999999999,53.0,6.2,Me,490.0,0.87,NEI
2007-09-10 01:49:11.780,10,9,2007,1,2.966,-77.96299999999991,15.0,6.8,Me,653.0,0.89,NEI
2007-09-12 11:10:26.830,12,9,2007,11,-4.438,101.367,34.0,8.5,Me,411.0,1.03,NEI
2007-09-12 23:49:03.720,12,9,2007,23,-2.625,100.840999999999,35.0,7.9,Me,446.0,1.01,NEI
2007-09-13 02:30:03.300,13,9,2007,2,-1.689,99.668,28.9,6.5,Mw,409.0,0.99,NEI
2007-09-13 03:35:28.720,13,9,2007,3,-2.13,99.62699999999991,22.0,7.0,Me,537.0,1.04,NEI
2007-09-13 09:48:45.130,13,9,2007,9,3.801,126.342,26.0,6.3,Me,364.0,1.26,NEI
2007-09-13 16:09:16.870,13,9,2007,16,-3.172,101.524,53.0,6.0,Me,465.0,0.91,NEI
2007-09-13 20:06:38.920,13,9,2007,20,-57.625,-147.303,10.0,6.0,Mw,99.0,1.38,NEI
2007-09-14 06:01:32.270,14,9,2007,6,-4.075,101.169,23.0,6.4,Me,384.0,1.15,NEI
2007-09-19 07:27:50.700,19,9,2007,7,-2.746,100.892,35.0,6.0,Mw,331.0,0.95,NEI
2007-09-20 08:31:14.490,20,9,2007,8,-1.999,100.141,30.0,6.7,Me,503.0,0.94,NEI
2007-09-25 05:16:01.120,25,9,2007,5,-30.965,179.997999999999,416.7,6.2,Mw,296.0,1.36,NEI
2007-09-26 12:36:26.890,26,9,2007,12,-4.99,153.5,40.0,6.8,Mw,348.0,1.1,NEI
2007-09-26 15:43:01.440,26,9,2007,15,-1.787,99.488,26.0,6.1,Mw,283.0,1.01,NEI
2007-09-27 19:57:44.000,27,9,2007,19,-21.103,169.282999999999,9.0,6.1,Mw,407.0,1.09,NEI
2007-09-28 01:01:49.180,28,9,2007,1,-21.207,169.361999999999,12.0,6.3,Mw,469.0,1.26,NEI
2007-09-28 01:35:51.970,28,9,2007,1,-21.1329999999999,169.372999999999,10.0,6.5,Mw,503.0,1.3,NEI
2007-09-28 13:38:57.880,28,9,2007,13,22.013,142.668,260.0,7.5,Mw,558.0,0.97,NEI
2007-09-29 05:37:07.260,29,9,2007,5,2.9,95.52299999999991,35.0,6.0,Mw,214.0,1.0,NEI
2007-09-30 02:08:30.170,30,9,2007,2,10.454,145.717999999999,14.0,6.9,Mw,535.0,1.13,NEI
2007-09-30 05:23:34.070,30,9,2007,5,-49.271,164.115,10.0,7.4,Mw,499.0,1.19,NEI
2007-09-30 09:47:51.970,30,9,2007,9,-49.137999999999906,164.11,18.0,6.6,Mw,572.0,1.28,NEI
2007-10-02 18:00:06.870,2,10,2007,18,54.511,-161.708,32.0,6.3,Mw,583.0,1.02,NEI
2007-10-04 12:40:31.130,4,10,2007,12,2.543,92.903,35.0,6.2,Mw,389.0,0.85,NEI
2007-10-05 07:17:52.810,5,10,2007,7,-25.189,179.459,509.4,6.5,Mw,573.0,1.05,NEI
2007-10-06 12:38:49.170,6,10,2007,12,18.73,147.148,20.0,6.1,Mw,344.0,0.9,NEI
2007-10-09 15:03:41.210,9,10,2007,15,-4.808,152.892,39.0,6.0,Mw,356.0,0.99,NEI
2007-10-13 17:45:53.180,13,10,2007,17,-21.23,169.194999999999,37.0,6.1,Mw,339.0,1.12,NEI
2007-10-15 12:29:34.860,15,10,2007,12,-44.79599999999991,167.553,18.0,6.8,Mw,338.0,1.2,NEI
2007-10-15 21:28:23.680,15,10,2007,21,-44.79299999999991,167.458,19.0,6.1,Mw,279.0,1.17,NEI
2007-10-16 21:05:43.270,16,10,2007,21,-25.7749999999999,179.53,509.3,6.6,Mw,538.0,0.93,NEI
2007-10-21 10:24:52.060,21,10,2007,10,-6.31,154.77,46.3,6.0,Mw,330.0,1.13,NEI
2007-10-24 21:02:50.610,24,10,2007,21,-3.899,101.02,21.0,6.8,Me,494.0,1.18,NEI
2007-10-25 13:50:04.260,25,10,2007,13,46.011,154.230999999999,20.0,6.1,Mw,576.0,0.86,NEI
2007-10-31 03:30:15.960,31,10,2007,3,18.8999999999999,145.388,207.0,7.2,Mw,461.0,1.09,NEI
2007-10-31 13:44:19.760,31,10,2007,13,51.41799999999991,-178.38,28.0,6.0,Mw,552.0,0.86,NEI
2007-11-02 22:31:43.880,2,11,2007,22,-55.466,-128.966,10.0,6.1,Mw,144.0,1.42,NEI
2007-11-10 01:13:29.350,10,11,2007,1,-51.777,161.318,10.0,6.6,Mw,73.0,1.33,NEI
2007-11-14 15:40:50.530,14,11,2007,15,-22.247,-69.89,40.0,7.7,Me,610.0,1.11,NEI
2007-11-15 15:03:08.750,15,11,2007,15,-22.867,-70.4069999999999,27.0,6.3,Mw,318.0,1.05,NEI
2007-11-15 15:05:58.350,15,11,2007,15,-22.925,-70.23699999999991,26.0,6.8,Mw,285.0,1.13,NEI
2007-11-16 03:13:00.120,16,11,2007,3,-2.312,-77.83799999999991,122.9,6.8,Mw,649.0,0.88,NEI
2007-11-18 05:40:12.040,18,11,2007,5,-22.643,-66.32299999999991,246.4,6.0,Mw,476.0,0.99,NEI
2007-11-19 00:52:12.510,19,11,2007,0,-21.1849999999999,-178.752,558.3,6.3,Mw,648.0,0.98,NEI
2007-11-19 15:20:03.700,19,11,2007,15,-21.968,173.485999999999,10.0,6.0,Mw,172.0,1.39,NEI
2007-11-20 12:52:59.030,20,11,2007,12,-6.907,155.672,52.6,6.0,Mw,330.0,1.04,NEI
2007-11-20 17:55:51.530,20,11,2007,17,-22.917,-70.483,15.0,6.1,Me,360.0,1.3,NEI
2007-11-22 08:48:27.530,22,11,2007,8,-5.757,147.098,53.0,6.8,Mw,341.0,1.18,NEI
2007-11-25 16:02:15.750,25,11,2007,16,-8.292,118.37,20.0,6.5,Mw,353.0,1.15,NEI
2007-11-25 17:41:38.040,25,11,2007,17,-2.238,100.413,35.0,6.0,Mw,331.0,0.93,NEI
2007-11-25 19:53:05.470,25,11,2007,19,-8.224,118.467,18.0,6.5,Mw,272.0,1.21,NEI
2007-11-27 11:49:58.010,27,11,2007,11,-10.9499999999999,162.149,16.0,6.6,Mw,280.0,1.08,NEI
2007-11-29 03:26:22.690,29,11,2007,3,-36.756,-97.40399999999991,10.0,6.3,Mw,192.0,1.38,NEI
2007-11-29 19:00:20.420,29,11,2007,19,14.944,-61.274,156.0,7.4,Mw,663.0,0.74,NEI
2007-12-09 07:28:20.820,9,12,2007,7,-25.9959999999999,-177.514,152.5,7.8,Mw,512.0,1.12,NEI
2007-12-13 05:20:21.850,13,12,2007,5,-23.157,-70.4789999999999,15.0,6.0,Mw,225.0,1.1,NEI
2007-12-13 07:23:39.890,13,12,2007,7,-23.202,-70.549,16.0,6.2,Mw,272.0,1.11,NEI
2007-12-13 15:51:27.210,13,12,2007,15,-15.2129999999999,-172.366999999999,17.0,6.2,Mw,427.0,1.05,NEI
2007-12-15 08:03:15.790,15,12,2007,8,-7.526,127.474,175.9,6.0,Mw,421.0,0.81,NEI
2007-12-15 09:39:53.620,15,12,2007,9,-6.622,131.09,57.0,6.4,Mw,326.0,0.93,NEI
2007-12-16 08:09:17.930,16,12,2007,8,-22.954,-70.182,45.0,6.7,Mw,481.0,1.11,NEI
2007-12-19 09:30:27.930,19,12,2007,9,51.35999999999991,-179.508999999999,34.0,7.2,Mw,702.0,0.96,NEI
2007-12-20 07:55:15.840,20,12,2007,7,-39.011,178.291,20.0,6.6,Mw,461.0,1.38,NEI
2007-12-21 07:24:34.030,21,12,2007,7,51.366,-178.979,25.0,6.3,Mw,336.0,0.99,NEI
2007-12-22 07:11:08.100,22,12,2007,7,-2.407,139.067,20.0,6.2,Mw,280.0,1.22,NEI
2007-12-22 12:26:17.470,22,12,2007,12,2.087,96.8059999999999,23.0,6.1,Mw,279.0,1.1,NEI
2007-12-25 14:04:34.730,25,12,2007,14,38.503,142.026,48.4,6.1,Mw,351.0,0.84,NEI
2007-12-26 22:04:54.670,26,12,2007,22,52.558,-168.221,25.0,6.4,Mw,566.0,0.96,NEI
2008-01-01 18:54:59.010,1,1,2008,18,-5.878,146.883999999999,34.0,6.3,Mw,373.0,1.13,NEI
2008-01-04 07:29:18.300,4,1,2008,7,-2.782,101.032,35.0,6.0,Mw,298.0,1.1,NEI
2008-01-05 11:01:06.110,5,1,2008,11,51.253999999999905,-130.746,15.0,6.6,Mw,422.0,1.29,NEI
2008-01-05 11:44:48.170,5,1,2008,11,51.162999999999904,-130.542,10.0,6.4,Mw,462.0,1.15,NEI
2008-01-06 05:14:20.180,6,1,2008,5,37.216,22.693,75.0,6.2,Mw,640.0,1.22,NEI
2008-01-09 08:26:45.490,9,1,2008,8,32.2879999999999,85.1659999999999,10.0,6.4,Mw,485.0,0.89,NEI
2008-01-09 14:40:00.960,9,1,2008,14,51.649,-131.182999999999,10.0,6.1,Mw,333.0,1.01,NEI
2008-01-10 01:37:19.000,10,1,2008,1,43.784999999999904,-127.264,13.0,6.3,Mw,232.0,1.38,NEI
2008-01-15 17:52:15.690,15,1,2008,17,-21.984,-179.535,597.6,6.5,Mw,484.0,1.05,NEI
2008-01-20 20:26:04.880,20,1,2008,20,2.346,126.816,35.0,6.1,Mw,213.0,0.98,NEI
2008-01-22 07:55:48.880,22,1,2008,7,-15.2769999999999,-175.348,6.0,6.0,Mw,219.0,1.31,NEI
2008-01-22 10:49:21.800,22,1,2008,10,-15.419,-175.589,10.0,6.1,Mw,184.0,1.36,NEI
2008-01-22 17:14:57.950,22,1,2008,17,1.011,97.44199999999991,20.0,6.2,Mw,157.0,1.07,NEI
2008-01-30 07:32:42.800,30,1,2008,7,-7.302,127.688,8.0,6.2,Mw,321.0,1.05,NEI
2008-02-01 12:10:06.400,1,2,2008,12,-21.495,-179.352,604.2,6.0,Mw,379.0,1.1,NEI
2008-02-04 17:01:29.980,4,2,2008,17,-20.166,-70.037,35.0,6.3,Mw,375.0,0.87,NEI
2008-02-08 09:38:14.100,8,2,2008,9,10.6709999999999,-41.899,9.0,6.9,Mw,600.0,0.85,NEI
2008-02-09 18:34:01.600,9,2,2008,18,-0.236,125.084,38.0,6.0,Mw,204.0,1.15,NEI
2008-02-10 12:22:02.650,10,2,2008,12,-60.796999999999905,-25.5859999999999,8.0,6.6,Mw,264.0,1.15,NEI
2008-02-12 12:50:18.490,12,2,2008,12,16.3569999999999,-94.304,83.0,6.5,Mw,521.0,1.01,NEI
2008-02-13 19:58:46.130,13,2,2008,19,-8.158,128.644,19.0,6.2,Mw,370.0,0.93,NEI
2008-02-14 10:09:22.720,14,2,2008,10,36.500999999999905,21.67,29.0,6.9,Mw,645.0,1.31,NEI
2008-02-14 12:08:55.790,14,2,2008,12,36.34499999999991,21.863,28.0,6.5,Mw,650.0,1.19,NEI
2008-02-16 14:45:11.690,16,2,2008,14,-21.346,-68.385,130.1,6.1,Mw,428.0,0.96,NEI
2008-02-20 08:08:30.520,20,2,2008,8,2.768,95.9639999999999,26.0,7.4,Mw,607.0,0.97,NEI
2008-02-20 18:27:06.000,20,2,2008,18,36.287999999999904,21.7749999999999,9.9,6.2,Mw,568.0,1.29,NEI
2008-02-21 02:46:18.190,21,2,2008,2,77.07899999999991,18.571,12.0,6.1,Mw,637.0,0.81,NEI
2008-02-21 14:16:02.710,21,2,2008,14,41.152999999999906,-114.867,6.7,6.0,Mw,518.0,0.0,REN
2008-02-23 15:57:20.490,23,2,2008,15,-57.335,-23.433,14.0,6.8,Mw,338.0,1.12,NEI
2008-02-24 14:46:21.470,24,2,2008,14,-2.405,99.9309999999999,22.0,6.5,Mw,429.0,0.97,NEI
2008-02-25 08:36:33.030,25,2,2008,8,-2.486,99.97199999999991,25.0,7.2,Mw,505.0,1.22,NEI
2008-02-25 18:06:03.900,25,2,2008,18,-2.332,99.891,25.0,6.6,Mw,421.0,0.98,NEI
2008-02-25 21:02:18.420,25,2,2008,21,-2.245,99.808,25.0,6.7,Mw,543.0,0.94,NEI
2008-02-27 06:54:20.610,27,2,2008,6,26.8159999999999,142.437999999999,15.0,6.2,Mw,437.0,0.8,NEI
2008-03-03 02:37:27.120,3,3,2008,2,-2.18,99.82299999999991,25.0,6.2,Mw,367.0,0.84,NEI
2008-03-03 09:31:02.500,3,3,2008,9,46.405999999999906,153.175,10.0,6.5,Mw,556.0,1.1,NEI
2008-03-03 13:49:40.420,3,3,2008,13,19.913,121.334,10.0,6.0,Mw,418.0,0.89,NEI
2008-03-03 14:11:14.620,3,3,2008,14,13.351,125.63,24.0,6.9,Mw,544.0,0.94,NEI
2008-03-12 11:23:34.060,12,3,2008,11,-16.567,167.335,13.0,6.4,Mw,267.0,1.24,NEI
2008-03-12 11:36:55.280,12,3,2008,11,-16.489,167.182999999999,10.0,6.3,Mw,204.0,1.2,NEI
2008-03-13 13:28:44.850,13,3,2008,13,-45.491999999999905,35.008,10.0,6.0,Mw,81.0,1.34,NEI
2008-03-14 22:32:09.380,14,3,2008,22,26.988,142.598999999999,10.0,6.0,Mw,403.0,0.99,NEI
2008-03-15 14:43:26.500,15,3,2008,14,2.708,94.596,25.0,6.0,Mw,390.0,1.1,NEI
2008-03-18 08:22:47.070,18,3,2008,8,-29.2519999999999,-177.44,25.0,6.2,Mw,347.0,1.19,NEI
2008-03-20 14:10:40.400,20,3,2008,14,6.192,126.934,45.0,6.1,Mw,287.0,1.05,NEI
2008-03-20 22:32:57.930,20,3,2008,22,35.49,81.4669999999999,10.0,7.2,Mw,532.0,1.03,NEI
2008-03-22 21:24:11.270,22,3,2008,21,52.176,-178.716,132.0,6.2,Mw,583.0,0.89,NEI
2008-03-24 20:39:07.630,24,3,2008,20,-20.0429999999999,-68.96299999999991,120.0,6.2,Mw,404.0,0.9,NEI
2008-03-29 17:30:50.150,29,3,2008,17,2.855,95.296,20.0,6.3,Mw,368.0,1.07,NEI
2008-04-09 11:13:17.690,9,4,2008,11,-20.175,168.860999999999,16.0,6.4,Mw,276.0,1.12,NEI
2008-04-09 11:23:40.350,9,4,2008,11,-20.1849999999999,168.905,35.0,6.3,Mw,298.0,1.11,NEI
2008-04-09 12:46:12.720,9,4,2008,12,-20.071,168.892,33.0,7.3,Mw,486.0,1.29,NEI
2008-04-09 14:47:50.510,9,4,2008,14,-19.997,168.874,35.0,6.3,Mw,322.0,0.93,NEI
2008-04-11 17:45:01.940,11,4,2008,17,-20.3919999999999,168.839,11.0,6.1,Mw,257.0,1.31,NEI
2008-04-12 00:30:12.600,12,4,2008,0,-55.664,158.453,16.0,7.1,Mw,541.0,0.99,NEI
2008-04-14 09:45:19.700,14,4,2008,9,-56.021999999999906,-28.035,140.2,6.0,Mw,290.0,0.76,NEI
2008-04-15 03:03:04.660,15,4,2008,3,13.564,-90.599,33.0,6.1,Mw,372.0,1.4,NEI
2008-04-15 22:59:51.500,15,4,2008,22,51.856,-179.360999999999,11.0,6.4,Mw,613.0,1.01,NEI
2008-04-16 00:35:48.870,16,4,2008,0,-18.609,-175.699,10.0,6.3,Mw,278.0,1.17,NEI
2008-04-16 05:54:19.690,16,4,2008,5,51.878,-179.164999999999,13.0,6.6,Mw,676.0,0.93,NEI
2008-04-18 20:39:07.140,18,4,2008,20,-17.3419999999999,-179.021999999999,553.8,6.3,Mw,533.0,0.9,NEI
2008-04-19 03:12:25.180,19,4,2008,3,-7.815,125.694,13.0,6.1,Mw,207.0,1.17,NEI
2008-04-19 05:58:42.250,19,4,2008,5,-20.273,168.795999999999,14.0,6.3,Mw,311.0,1.33,NEI
2008-04-19 10:21:12.500,19,4,2008,10,-7.875,125.721999999999,10.0,6.0,Mw,162.0,1.04,NEI
2008-04-23 18:28:41.880,23,4,2008,18,22.881,121.619,10.0,6.0,Mw,190.0,1.31,NEI
2008-04-24 12:14:49.920,24,4,2008,12,-1.182,-23.471,10.0,6.5,Mw,328.0,0.9,NEI
2008-04-26 23:34:49.390,26,4,2008,23,-49.091,164.116999999999,10.0,6.1,Mw,223.0,0.97,NEI
2008-04-28 15:57:55.280,28,4,2008,15,-58.738999999999905,-24.7139999999999,35.0,6.1,Mw,169.0,1.0,NEI
2008-04-28 18:33:34.200,28,4,2008,18,-19.9409999999999,168.953,32.0,6.4,Mw,511.0,0.9,NEI
2008-04-28 20:26:53.110,28,4,2008,20,-20.238,168.824,35.0,6.1,Mw,289.0,1.04,NEI
2008-05-02 01:33:37.240,2,5,2008,1,51.863999999999905,-177.527999999999,14.0,6.6,Mw,661.0,1.17,NEI
2008-05-07 16:02:02.600,7,5,2008,16,36.177999999999905,141.544999999999,19.0,6.2,Mw,431.0,0.9,NEI
2008-05-07 16:16:36.190,7,5,2008,16,36.155999999999906,141.756,23.3,6.1,Mw,429.0,0.84,NEI
2008-05-07 16:45:18.700,7,5,2008,16,36.164,141.526,27.0,6.9,Mw,519.0,0.78,NEI
2008-05-09 21:51:29.730,9,5,2008,21,12.516,143.181,76.0,6.8,Mw,330.0,0.96,NEI
2008-05-12 06:28:01.570,12,5,2008,6,31.0019999999999,103.322,19.0,7.9,Mw,774.0,1.2,NEI
2008-05-12 11:11:02.480,12,5,2008,11,31.2139999999999,103.617999999999,10.0,6.1,Mw,367.0,1.13,NEI
2008-05-19 14:26:45.020,19,5,2008,14,1.64,99.147,10.0,6.0,Mw,300.0,1.01,NEI
2008-05-20 13:53:35.640,20,5,2008,13,51.16199999999991,178.758999999999,27.0,6.3,Mw,480.0,0.95,NEI
2008-05-23 19:35:34.780,23,5,2008,19,7.313,-34.8969999999999,8.0,6.5,Mw,556.0,0.85,NEI
2008-05-25 08:21:49.990,25,5,2008,8,32.56,105.423,18.0,6.1,Mw,397.0,0.7,NEI
2008-05-25 19:18:24.380,25,5,2008,19,55.9055,-153.508299999999,20.0,6.0,Mw,87.0,0.73,AK
2008-05-29 15:46:00.320,29,5,2008,15,64.00499999999991,-21.013,9.0,6.3,Mw,591.0,0.97,NEI
2008-05-31 04:37:56.010,31,5,2008,4,-41.198,80.4789999999999,9.0,6.4,Mw,267.0,0.96,NEI
2008-06-01 01:57:23.690,1,6,2008,1,20.1239999999999,121.349999999999,31.0,6.3,Mw,528.0,0.86,NEI
2008-06-01 14:31:03.010,1,6,2008,14,-59.384,149.66,10.0,6.5,Mw,157.0,1.23,NEI
2008-06-03 16:20:50.380,3,6,2008,16,-10.509,161.273,84.0,6.2,Mw,436.0,0.98,NEI
2008-06-03 22:04:27.870,3,6,2008,22,-8.1,120.230999999999,14.0,6.0,Mw,130.0,0.89,NEI
2008-06-05 02:16:46.930,5,6,2008,2,-38.844,-91.623,10.0,6.0,Mw,143.0,0.97,NEI
2008-06-06 13:42:48.950,6,6,2008,13,-7.495,127.885,122.0,6.0,Mw,262.0,0.86,NEI
2008-06-08 12:25:29.710,8,6,2008,12,37.963,21.5249999999999,16.0,6.4,Mw,706.0,1.49,NEI
2008-06-13 23:43:45.360,13,6,2008,23,39.03,140.881,7.8,6.9,Mw,654.0,0.0,JMA
2008-06-15 08:37:17.200,15,6,2008,8,-36.622999999999905,-107.45,10.0,6.0,Mw,252.0,0.91,NEI
2008-06-22 23:56:30.030,22,6,2008,23,67.69799999999991,141.276,18.0,6.1,Mw,605.0,0.86,NEI
2008-06-26 21:19:15.580,26,6,2008,21,-20.768,-173.342,38.0,6.2,Mw,479.0,0.81,NEI
2008-06-27 11:40:13.990,27,6,2008,11,11.005,91.8239999999999,17.0,6.6,Mw,630.0,0.85,NEI
2008-06-28 12:54:46.360,28,6,2008,12,10.847,91.712,15.0,6.1,Mw,450.0,0.73,NEI
2008-06-29 20:53:04.890,29,6,2008,20,45.155999999999906,137.446,326.0,6.0,Mw,605.0,0.88,NEI
2008-06-30 06:17:43.020,30,6,2008,6,-58.226999999999904,-22.099,8.0,7.0,Mw,309.0,1.36,NEI
2008-07-03 03:02:37.560,3,7,2008,3,-23.37,-179.777999999999,581.2,6.2,Mw,407.0,0.91,NEI
2008-07-05 02:12:04.480,5,7,2008,2,53.881999999999906,152.886,632.8,7.7,Mw,777.0,0.83,NEI
2008-07-08 07:42:10.730,8,7,2008,7,27.532,128.334,43.0,6.0,Mw,491.0,0.88,NEI
2008-07-08 09:13:07.460,8,7,2008,9,-15.986,-71.748,123.0,6.2,Mw,467.0,0.91,NEI
2008-07-13 14:58:33.010,13,7,2008,14,21.0139999999999,121.149,14.0,6.2,Mw,243.0,1.17,NEI
2008-07-15 03:26:34.700,15,7,2008,3,35.7999999999999,27.8599999999999,52.0,6.4,Mw,774.0,1.35,NEI
2008-07-19 02:39:28.700,19,7,2008,2,37.552,142.214,22.0,7.0,Mw,577.0,0.84,NEI
2008-07-19 09:27:01.460,19,7,2008,9,-11.041,164.492999999999,11.0,6.6,Mw,452.0,0.91,NEI
2008-07-19 11:01:17.710,19,7,2008,11,-11.066,164.616,10.0,6.2,Mw,219.0,1.1,NEI
2008-07-19 22:39:52.700,19,7,2008,22,-17.337,-177.312,391.0,6.4,Mw,563.0,0.81,NEI
2008-07-21 11:30:29.280,21,7,2008,11,37.186,142.050999999999,22.0,6.0,Mw,400.0,0.71,NEI
2008-07-23 15:26:19.950,23,7,2008,15,39.802,141.464,108.0,6.8,Mw,633.0,0.92,NEI
2008-07-24 01:43:16.140,24,7,2008,1,50.966999999999906,157.584,27.0,6.2,Mw,571.0,0.79,NEI
2008-07-28 21:40:47.360,28,7,2008,21,-10.5779999999999,163.103,10.0,6.0,Mw,267.0,1.04,NEI
2008-08-04 20:45:13.970,4,8,2008,20,-5.916,130.194999999999,173.9,6.3,Mw,469.0,0.84,NEI
2008-08-05 09:49:17.260,5,8,2008,9,32.756,105.494,6.0,6.0,Mw,449.0,0.96,NEI
2008-08-09 06:01:48.510,9,8,2008,6,-60.648,153.770999999999,10.0,6.5,Mw,99.0,1.65,NEI
2008-08-09 16:36:38.170,9,8,2008,16,-60.692999999999905,153.825999999999,10.0,6.3,Mw,151.0,1.3,NEI
2008-08-10 08:20:33.420,10,8,2008,8,11.055,91.81399999999991,20.0,6.2,Mw,447.0,0.79,NEI
2008-08-11 23:38:38.310,11,8,2008,23,-1.02,-21.843,13.0,6.0,Mw,418.0,1.05,NEI
2008-08-15 10:25:16.530,15,8,2008,10,12.897,124.319,10.0,6.0,Mw,232.0,1.22,NEI
2008-08-19 16:30:13.210,19,8,2008,16,-15.087,-173.476,8.0,6.1,Mw,308.0,0.91,NEI
2008-08-21 12:24:30.930,21,8,2008,12,25.039,97.697,10.0,6.0,Mw,235.0,0.88,NEI
2008-08-22 07:47:39.580,22,8,2008,7,-17.7689999999999,65.394,6.0,6.0,Mw,334.0,0.99,NEI
2008-08-25 13:21:58.820,25,8,2008,13,30.901,83.51999999999991,12.0,6.7,Mw,325.0,1.07,NEI
2008-08-26 21:00:36.610,26,8,2008,21,-7.641,-74.37699999999991,154.0,6.4,Mw,598.0,0.9,NEI
2008-08-27 01:35:32.150,27,8,2008,1,51.60699999999991,104.158,16.0,6.3,Mw,621.0,0.8,NEI
2008-08-28 15:22:23.200,28,8,2008,15,-0.252,-17.358,12.0,6.3,Mw,367.0,1.08,NEI
2008-08-30 06:54:07.610,30,8,2008,6,-6.146,147.258,75.0,6.4,Mw,440.0,1.15,NEI
2008-08-30 08:30:53.010,30,8,2008,8,26.241,101.889,11.0,6.0,Mw,373.0,0.98,NEI
2008-09-01 04:00:39.430,1,9,2008,4,-25.387,-177.636,171.1,6.0,Mw,450.0,0.83,NEI
2008-09-03 11:25:14.450,3,9,2008,11,-26.736,-63.225,569.6,6.3,Mw,528.0,0.81,NEI
2008-09-08 03:03:15.930,8,9,2008,3,-19.9639999999999,169.108,36.0,6.2,Mw,489.0,1.05,NEI
2008-09-08 18:52:06.970,8,9,2008,18,-13.5009999999999,166.967,110.0,6.9,Mw,531.0,0.88,NEI
2008-09-10 11:00:34.090,10,9,2008,11,26.7429999999999,55.828,12.0,6.1,Mw,500.0,1.0,NEI
2008-09-10 13:08:14.690,10,9,2008,13,8.093,-38.704999999999906,9.0,6.6,Mw,672.0,0.95,NEI
2008-09-11 00:00:02.700,11,9,2008,0,1.885,127.363,96.0,6.6,Mw,463.0,1.02,NEI
2008-09-11 00:20:50.920,11,9,2008,0,41.892,143.753999999999,25.0,6.8,Mw,500.0,1.08,NEI
2008-09-18 01:41:03.010,18,9,2008,1,-4.554,-105.999,11.0,6.0,Mw,254.0,1.01,NEI
2008-09-24 02:33:05.560,24,9,2008,2,17.6119999999999,-105.497,12.0,6.4,Mw,384.0,0.96,NEI
2008-09-25 01:47:11.190,25,9,2008,1,30.8359999999999,83.48699999999991,4.0,6.0,Mw,270.0,1.47,NEI
2008-09-29 15:19:31.590,29,9,2008,15,-29.756,-177.682999999999,36.0,7.0,Mw,524.0,1.21,NEI
2008-10-05 09:12:36.070,5,10,2008,9,-30.184,-177.175999999999,10.0,6.1,Mw,249.0,1.01,NEI
2008-10-05 15:52:49.400,5,10,2008,15,39.533,73.8239999999999,27.4,6.7,Mw,529.0,0.81,NEI
2008-10-05 22:56:28.930,5,10,2008,22,33.886,69.4699999999999,10.0,6.0,Mw,312.0,1.09,NEI
2008-10-06 08:30:45.570,6,10,2008,8,29.8069999999999,90.34999999999991,12.0,6.3,Mw,434.0,0.99,NEI
2008-10-11 10:40:14.060,11,10,2008,10,19.161,-64.8329999999999,23.0,6.1,Mw,605.0,0.85,NEI
2008-10-12 20:55:41.460,12,10,2008,20,-20.123,-64.971,352.7,6.2,Mw,566.0,0.84,NEI
2008-10-16 19:41:25.720,16,10,2008,19,14.423,-92.364,24.0,6.7,Mw,481.0,1.17,NEI
2008-10-19 05:10:33.910,19,10,2008,5,-21.863,-173.818999999999,29.0,6.9,Mw,518.0,0.87,NEI
2008-10-22 12:55:57.390,22,10,2008,12,-18.414,-175.351,233.4,6.4,Mw,421.0,0.86,NEI
2008-10-23 10:04:35.040,23,10,2008,10,-2.635,145.574,10.0,6.3,Mw,256.0,1.33,NEI
2008-10-28 16:00:03.240,28,10,2008,16,-3.494,145.866999999999,18.3,6.0,Mw,99.0,1.24,NEI
2008-10-28 23:09:57.650,28,10,2008,23,30.6389999999999,67.3509999999999,15.0,6.4,Mw,365.0,0.84,NEI
2008-10-29 11:32:43.130,29,10,2008,11,30.5979999999999,67.4549999999999,14.0,6.4,Mw,277.0,1.43,NEI
2008-10-30 15:15:41.140,30,10,2008,15,-9.02,-108.246,10.0,6.1,Mw,241.0,1.12,NEI
2008-11-01 01:13:09.640,1,11,2008,1,-3.399,148.711999999999,10.0,6.0,Mw,136.0,1.07,NEI
2008-11-02 13:48:42.820,2,11,2008,13,51.552,-174.366,36.0,6.1,Mw,440.0,0.94,NEI
2008-11-04 18:35:45.270,4,11,2008,18,-17.135,168.458,205.7,6.3,Mw,387.0,1.02,NEI
2008-11-07 07:19:35.710,7,11,2008,7,-14.829,168.032,13.0,6.4,Mw,377.0,1.21,NEI
2008-11-07 16:04:23.350,7,11,2008,16,-6.712,129.074,10.0,6.2,Mw,251.0,0.96,NEI
2008-11-08 07:49:59.000,8,11,2008,7,-15.223,-174.232,121.0,6.0,Mw,324.0,0.96,NEI
2008-11-10 01:22:02.570,10,11,2008,1,37.564999999999905,95.8329999999999,19.0,6.3,Mw,432.0,0.86,NEI
2008-11-16 17:02:32.700,16,11,2008,17,1.271,122.090999999999,30.0,7.4,Mw,365.0,1.1,NEI
2008-11-19 06:11:20.790,19,11,2008,6,8.267,-82.9669999999999,32.0,6.3,Mw,359.0,1.16,NEI
2008-11-21 07:05:34.940,21,11,2008,7,-8.94699999999999,159.553,118.0,6.1,Mw,324.0,0.92,NEI
2008-11-22 16:01:01.700,22,11,2008,16,-4.348,101.259,24.0,6.3,Mw,243.0,1.24,NEI
2008-11-22 16:01:39.380,22,11,2008,16,-22.523,171.199,57.3,6.4,Mw,236.0,1.02,NEI
2008-11-22 18:49:42.380,22,11,2008,18,-1.23,-13.933,10.0,6.3,Mw,246.0,1.04,NEI
2008-11-24 09:02:58.760,24,11,2008,9,54.203,154.322,492.3,7.3,Mw,531.0,0.77,NEI
2008-11-29 05:59:16.580,29,11,2008,5,-18.701,-177.716,386.0,6.0,Mw,304.0,0.84,NEI
2008-12-06 10:55:26.350,6,12,2008,10,-7.393,124.745,398.0,6.4,Mw,416.0,0.81,NEI
2008-12-08 18:39:09.480,8,12,2008,18,-53.005,106.822999999999,11.0,6.3,Mw,365.0,0.95,NEI
2008-12-09 06:23:59.750,9,12,2008,6,-31.2319999999999,-176.924,18.0,6.8,Mw,414.0,1.08,NEI
2008-12-09 17:28:58.640,9,12,2008,17,-15.929,168.173,224.1,6.1,Mw,249.0,1.18,NEI
2008-12-10 13:15:34.430,10,12,2008,13,-12.337,166.572,51.0,6.0,Mw,195.0,0.88,NEI
2008-12-18 21:19:28.380,18,12,2008,21,-32.4579999999999,-71.7259999999999,18.0,6.2,Mw,346.0,0.9,NEI
2008-12-18 21:50:28.000,18,12,2008,21,-32.4729999999999,-72.051,25.0,6.0,Mw,304.0,0.0,GUC
2008-12-20 10:29:23.100,20,12,2008,10,36.540999999999904,142.425,19.0,6.3,Mw,373.0,0.84,NEI
2008-12-24 09:11:34.290,24,12,2008,9,-17.2899999999999,-171.908999999999,9.0,6.0,Mw,321.0,0.74,NEI
2008-12-25 03:20:29.350,25,12,2008,3,5.752,125.377,206.0,6.3,Mw,328.0,1.05,NEI
2009-01-03 19:43:50.650,3,1,2009,19,-0.414,132.884999999999,17.0,7.7,Mw,288.0,1.27,NEI
2009-01-03 20:23:20.180,3,1,2009,20,36.418999999999905,70.74299999999991,204.8,6.6,Mw,344.0,0.86,NEI
2009-01-03 22:33:40.290,3,1,2009,22,-0.691,133.305,23.0,7.4,Mw,314.0,1.03,NEI
2009-01-06 22:48:27.250,6,1,2009,22,-0.659,133.434,16.0,6.0,Mw,159.0,0.99,NEI
2009-01-08 19:21:35.610,8,1,2009,19,10.1649999999999,-84.197,14.0,6.1,Mw,289.0,0.95,NEI
2009-01-13 01:04:42.640,13,1,2009,1,-13.147,66.078,10.0,6.0,Mw,166.0,1.32,NEI
2009-01-15 07:27:20.290,15,1,2009,7,-22.352,170.634999999999,27.0,6.7,Mw,253.0,0.96,NEI
2009-01-15 17:49:39.070,15,1,2009,17,46.85699999999991,155.154,36.0,7.4,Mw,522.0,0.91,NEI
2009-01-18 14:11:48.860,18,1,2009,14,-30.199,-177.950999999999,33.0,6.4,Mw,361.0,1.0,NEI
2009-01-19 03:35:18.840,19,1,2009,3,-22.596,170.911,12.0,6.6,Mw,182.0,1.16,NEI
2009-01-19 03:46:37.520,19,1,2009,3,-22.477,170.806,35.0,6.0,Mw,123.0,1.13,NEI
2009-01-21 17:08:42.990,21,1,2009,17,-22.689,171.043,24.0,6.1,Mw,185.0,1.01,NEI
2009-01-22 13:40:25.990,22,1,2009,13,-5.912,148.511,44.0,6.1,Mw,183.0,0.83,NEI
2009-01-22 20:16:34.580,22,1,2009,20,-7.307,128.568,146.7,6.1,Mw,391.0,0.94,NEI
2009-02-02 17:53:21.800,2,2,2009,17,-13.582,-76.558,21.0,6.0,Mw,277.0,0.95,NEI
2009-02-09 14:09:02.980,9,2,2009,14,-6.567,-81.15,15.0,6.0,Mw,208.0,0.98,NEI
2009-02-11 17:34:50.490,11,2,2009,17,3.886,126.387,20.0,7.2,Mw,432.0,1.14,NEI
2009-02-11 18:25:11.240,11,2,2009,18,4.026,126.783,35.0,6.0,Mw,168.0,1.08,NEI
2009-02-12 03:49:39.660,12,2,2009,3,3.947,126.411,26.0,6.0,Mw,284.0,1.27,NEI
2009-02-12 08:30:17.260,12,2,2009,8,3.972,126.724,35.0,6.0,Mw,274.0,0.93,NEI
2009-02-12 13:15:06.280,12,2,2009,13,4.036,126.548,27.0,6.3,Mw,317.0,0.89,NEI
2009-02-15 10:04:49.310,15,2,2009,10,-5.854,-80.891,21.0,6.1,Mw,372.0,0.8,NEI
2009-02-17 03:30:53.330,17,2,2009,3,-30.724,-178.616999999999,13.0,6.0,Mw,105.0,1.35,NEI
2009-02-18 21:53:45.160,18,2,2009,21,-27.4239999999999,-176.33,25.0,7.0,Mw,353.0,0.95,NEI
2009-02-22 17:45:22.400,22,2,2009,17,3.679,126.561,32.0,6.0,Mw,229.0,1.01,NEI
2009-02-28 14:33:06.350,28,2,2009,14,-60.524999999999906,-24.7959999999999,15.0,6.3,Mw,245.0,1.04,NEI
2009-03-06 10:50:29.410,6,3,2009,10,80.3239999999999,-1.853,9.0,6.5,Mw,341.0,0.9,NEI
2009-03-12 23:23:34.820,12,3,2009,23,5.686,-82.76699999999991,9.0,6.3,Mw,372.0,1.29,NEI
2009-03-16 14:15:56.460,16,3,2009,14,3.807,126.552,35.0,6.3,Mw,243.0,1.18,NEI
2009-03-19 18:17:40.470,19,3,2009,18,-23.0429999999999,-174.66,31.0,7.6,Mw,504.0,1.0,NEI
2009-03-28 17:59:31.750,28,3,2009,17,-2.952,139.543,93.0,6.0,Mw,253.0,1.11,NEI
2009-04-01 03:54:58.770,1,4,2009,3,-3.522,144.102,10.0,6.4,Mw,223.0,1.26,NEI
2009-04-04 05:31:55.480,4,4,2009,5,5.149,127.200999999999,48.0,6.3,Mw,281.0,0.96,NEI
2009-04-06 01:32:39.000,6,4,2009,1,42.334,13.334,8.8,6.3,Mw,488.0,0.0,ROM
2009-04-07 04:23:33.150,7,4,2009,4,46.04899999999991,151.548,31.0,6.9,Mw,493.0,0.94,NEI
2009-04-15 20:01:34.680,15,4,2009,20,-3.115,100.471,22.0,6.3,Mw,309.0,0.99,NEI
2009-04-16 14:57:06.200,16,4,2009,14,-60.203,-26.858,20.0,6.7,Mw,214.0,0.99,NEI
2009-04-17 02:08:08.710,17,4,2009,2,-19.584,-70.483,25.0,6.1,Mw,369.0,0.86,NEI
2009-04-18 19:17:58.930,18,4,2009,19,46.015,151.426999999999,35.0,6.6,Mw,459.0,0.87,NEI
2009-04-19 05:23:25.880,19,4,2009,5,4.136,126.678,25.0,6.1,Mw,237.0,0.9,NEI
2009-04-21 05:26:11.520,21,4,2009,5,50.832999999999906,155.008999999999,152.0,6.2,Mw,485.0,0.79,NEI
2009-04-26 00:06:53.150,26,4,2009,0,-30.3,-178.581999999999,131.7,6.1,Mw,255.0,0.85,NEI
2009-05-03 16:21:45.270,3,5,2009,16,14.5459999999999,-91.143,108.0,6.3,Mw,451.0,1.24,NEI
2009-05-10 01:16:06.960,10,5,2009,1,1.393,-85.1689999999999,6.0,6.1,Mw,299.0,0.97,NEI
2009-05-12 01:26:26.580,12,5,2009,1,-5.664,149.543,89.0,6.1,Mw,194.0,1.09,NEI
2009-05-16 00:53:51.250,16,5,2009,0,-31.553,-178.833,43.0,6.5,Mw,466.0,0.88,NEI
2009-05-24 00:58:02.110,24,5,2009,0,-31.475,-177.682999999999,4.0,6.0,Mw,213.0,1.21,NEI
2009-05-28 08:24:46.560,28,5,2009,8,16.731,-86.2169999999999,19.0,7.3,Mw,464.0,1.12,NEI
2009-06-02 02:17:03.510,2,6,2009,2,-17.757,167.949,15.0,6.3,Mw,257.0,0.86,NEI
2009-06-04 17:25:25.500,4,6,2009,17,-45.832999999999906,35.139,16.0,6.0,Mw,128.0,0.99,NEI
2009-06-05 03:30:33.060,5,6,2009,3,41.823999999999906,143.444999999999,29.0,6.4,Mw,424.0,0.71,NEI
2009-06-06 20:33:28.830,6,6,2009,20,23.864,-46.104999999999905,14.0,6.0,Mw,383.0,0.88,NEI
2009-06-12 09:44:15.060,12,6,2009,9,-17.611,167.812,15.0,6.0,Mw,278.0,0.84,NEI
2009-06-14 05:58:43.270,14,6,2009,5,5.361,126.438,35.0,6.1,Mw,261.0,0.93,NEI
2009-06-16 20:05:56.990,16,6,2009,20,-54.366,5.871,10.0,6.1,Mw,168.0,1.24,NEI
2009-06-23 14:19:22.350,23,6,2009,14,-5.157,153.782,64.0,6.7,Mw,269.0,1.17,NEI
2009-07-01 09:30:10.410,1,7,2009,9,34.164,25.471,19.0,6.4,Mw,396.0,0.82,NEI
2009-07-03 11:00:14.630,3,7,2009,11,25.131,-109.754,10.0,6.0,Mw,211.0,1.13,NEI
2009-07-04 06:49:35.510,4,7,2009,6,9.59,-78.96599999999991,38.0,6.1,Mw,358.0,0.95,NEI
2009-07-06 14:53:12.240,6,7,2009,14,50.435,176.991999999999,22.0,6.1,Mw,397.0,0.81,NEI
2009-07-07 19:11:46.710,7,7,2009,19,75.3509999999999,-72.453,19.0,6.1,Mw,347.0,1.0,NEI
2009-07-08 19:23:37.730,8,7,2009,19,-36.0039999999999,-102.686,12.0,6.0,Mw,198.0,1.23,NEI
2009-07-12 06:12:47.330,12,7,2009,6,-15.041,-70.44499999999991,198.9,6.1,Mw,335.0,1.07,NEI
2009-07-13 18:05:01.420,13,7,2009,18,24.056,122.200999999999,17.0,6.3,Mw,256.0,1.04,NEI
2009-07-15 09:22:29.030,15,7,2009,9,-45.762,166.562,12.0,7.8,Mw,434.0,0.0,WEL
2009-07-15 09:41:53.800,15,7,2009,9,-46.036,165.937,12.0,6.1,ML,194.0,0.0,WEL
2009-07-15 20:10:42.660,15,7,2009,20,-3.375,150.506,13.4,6.1,Mw,156.0,1.05,NEI
2009-08-01 13:33:29.950,1,8,2009,13,-56.234,-124.296,10.0,6.1,Mw,66.0,1.13,NEI
2009-08-02 08:54:33.360,2,8,2009,8,-0.447,132.907999999999,20.0,6.1,Mw,223.0,0.88,NEI
2009-08-03 17:59:56.170,3,8,2009,17,29.039,-112.903,10.0,6.9,Mw,243.0,1.29,NEI
2009-08-03 18:40:50.100,3,8,2009,18,29.3099999999999,-113.727999999999,10.0,6.2,Mw,234.0,1.28,NEI
2009-08-05 00:17:58.820,5,8,2009,0,24.233,125.095,25.0,6.1,Mw,221.0,0.89,NEI
2009-08-05 08:31:40.480,5,8,2009,8,-45.554,166.355999999999,10.0,6.1,Mw,163.0,1.12,NEI
2009-08-09 10:55:55.110,9,8,2009,10,33.167,137.943999999999,292.0,7.1,Mw,447.0,0.91,NEI
2009-08-10 04:06:31.000,10,8,2009,4,-11.612,166.09,35.0,6.6,Mw,251.0,1.29,NEI
2009-08-10 19:55:38.730,10,8,2009,19,14.099,92.902,24.0,7.5,Mw,303.0,1.03,NEI
2009-08-10 20:07:09.110,10,8,2009,20,34.743,138.264,40.4,6.2,Mw,163.0,0.94,NEI
2009-08-12 22:48:51.420,12,8,2009,22,32.8209999999999,140.395,53.0,6.6,Mw,336.0,0.78,NEI
2009-08-16 07:38:21.700,16,8,2009,7,-1.479,99.48999999999991,20.0,6.7,Mw,369.0,1.07,NEI
2009-08-17 00:05:49.030,17,8,2009,0,23.501,123.499,20.0,6.7,Mw,345.0,1.01,NEI
2009-08-17 10:10:56.500,17,8,2009,10,23.4259999999999,123.516,15.0,6.1,Mw,350.0,0.92,NEI
2009-08-18 21:20:47.550,18,8,2009,21,-26.064,-178.390999999999,269.8,6.3,Mw,337.0,0.85,NEI
2009-08-20 06:35:04.430,20,8,2009,6,72.2,0.944,6.0,6.0,Mw,465.0,0.93,NEI
2009-08-28 01:51:20.400,28,8,2009,1,-7.146,123.427,642.4,6.9,Mw,350.0,0.84,NEI
2009-08-28 01:52:06.640,28,8,2009,1,37.695999999999906,95.718,13.0,6.3,Mw,351.0,0.81,NEI
2009-08-30 14:51:32.890,30,8,2009,14,-15.223,-172.571,11.0,6.6,Mw,431.0,1.04,NEI
2009-09-02 07:55:01.050,2,9,2009,7,-7.782,107.297,46.0,7.0,Mw,312.0,0.89,NEI
2009-09-02 18:00:09.330,2,9,2009,18,-29.395,-178.955999999999,257.0,6.2,Mw,378.0,1.06,NEI
2009-09-03 13:26:17.950,3,9,2009,13,31.14,130.014,163.0,6.2,Mw,460.0,1.0,NEI
2009-09-07 16:12:22.560,7,9,2009,16,-10.198,110.628,23.0,6.2,Mw,349.0,0.81,NEI
2009-09-07 22:41:37.360,7,9,2009,22,42.659999999999904,43.442999999999905,15.0,6.0,Mw,309.0,0.75,NEI
2009-09-10 02:46:50.350,10,9,2009,2,48.317,154.192,36.0,6.0,Mw,470.0,0.81,NEI
2009-09-12 20:06:25.470,12,9,2009,20,10.709,-67.927,14.0,6.4,Mw,508.0,1.24,NEI
2009-09-17 23:21:38.520,17,9,2009,23,-29.1439999999999,-112.267,10.0,6.2,Mw,299.0,0.94,NEI
2009-09-21 08:53:05.910,21,9,2009,8,27.332,91.4369999999999,14.0,6.1,Mw,259.0,0.98,NEI
2009-09-23 02:59:30.530,23,9,2009,2,-52.963,159.911,10.0,6.0,Mw,111.0,0.92,NEI
2009-09-24 07:16:20.260,24,9,2009,7,18.829,-107.339,13.0,6.4,Mw,375.0,1.33,NEI
2009-09-29 17:48:10.990,29,9,2009,17,-15.489,-172.095,18.0,8.1,Mw,520.0,1.01,NEI
2009-09-29 17:56:05.790,29,9,2009,17,-15.355,-173.158999999999,10.0,6.0,Mb,101.0,1.17,NEI
2009-09-29 23:45:03.460,29,9,2009,23,-15.832,-172.550999999999,10.0,6.0,Mb,311.0,0.94,NEI
2009-09-30 10:16:09.250,30,9,2009,10,-0.72,99.867,81.0,7.6,Mw,498.0,0.92,NEI
2009-10-01 01:52:27.320,1,10,2009,1,-2.482,101.524,9.0,6.6,Mw,417.0,1.15,NEI
2009-10-02 01:07:39.260,2,10,2009,1,-16.335,-173.471,8.0,6.1,Mw,379.0,1.0,NEI
2009-10-02 15:47:09.350,2,10,2009,15,-17.0169999999999,174.505,10.0,6.0,Mw,229.0,1.26,NEI
2009-10-03 17:36:06.120,3,10,2009,17,23.6299999999999,121.452,28.0,6.1,Mw,311.0,0.97,NEI
2009-10-04 10:58:00.170,4,10,2009,10,6.74,123.378,620.0,6.6,Mw,419.0,1.05,NEI
2009-10-07 21:41:13.270,7,10,2009,21,4.079,122.371,574.0,6.8,Mw,326.0,1.06,NEI
2009-10-07 22:03:14.470,7,10,2009,22,-13.006,166.509999999999,45.0,7.7,Mw,283.0,1.31,NEI
2009-10-07 22:18:51.240,7,10,2009,22,-12.5169999999999,166.382,35.0,7.8,Mw,195.0,0.97,NEI
2009-10-07 22:50:15.780,7,10,2009,22,-12.39,166.086,21.0,6.8,Mw,74.0,0.92,NEI
2009-10-07 23:13:48.160,7,10,2009,23,-13.093,166.497,31.1,7.4,Mw,314.0,0.96,NEI
2009-10-08 08:28:47.970,8,10,2009,8,-13.298,165.91,35.0,6.8,Mw,174.0,1.45,NEI
2009-10-08 08:34:36.960,8,10,2009,8,-12.237,166.489,35.0,6.0,Mb,193.0,1.18,NEI
2009-10-08 10:11:07.460,8,10,2009,10,-11.263,165.818999999999,44.7,6.1,Mw,114.0,0.91,NEI
2009-10-08 21:16:13.850,8,10,2009,21,-12.912,166.313999999999,35.0,6.0,Mw,178.0,1.13,NEI
2009-10-10 21:24:38.530,10,10,2009,21,47.85099999999991,152.455,112.0,6.0,Mw,512.0,0.86,NEI
2009-10-11 03:12:13.470,11,10,2009,3,-22.0,170.247999999999,10.0,6.0,Mw,198.0,0.98,NEI
2009-10-12 03:15:47.280,12,10,2009,3,-17.099,66.688,10.0,6.2,Mw,344.0,0.95,NEI
2009-10-12 09:37:21.480,12,10,2009,9,-12.414,166.497999999999,42.0,6.2,Mw,230.0,1.24,NEI
2009-10-13 05:37:23.690,13,10,2009,5,52.753999999999905,-166.997,24.0,6.5,Mw,485.0,0.92,NEI
2009-10-13 11:38:05.310,13,10,2009,11,2.93,128.232,32.0,6.0,Mw,207.0,1.02,NEI
2009-10-13 20:21:53.200,13,10,2009,20,52.60399999999991,-167.117999999999,14.0,6.4,Mw,445.0,1.17,NEI
2009-10-14 18:00:21.770,14,10,2009,18,-14.91,-174.823,10.0,6.3,Mw,163.0,1.17,NEI
2009-10-15 12:11:16.410,15,10,2009,12,-3.058,139.538999999999,105.7,6.0,Mw,172.0,0.79,NEI
2009-10-15 17:48:21.890,15,10,2009,17,3.272,-103.822999999999,10.0,6.0,Mw,305.0,0.96,NEI
2009-10-16 09:52:50.830,16,10,2009,9,-6.534,105.223,38.0,6.1,Mw,388.0,1.02,NEI
2009-10-19 22:49:38.410,19,10,2009,22,-15.3599999999999,-172.264,18.0,6.0,Mw,471.0,0.92,NEI
2009-10-22 00:51:39.210,22,10,2009,0,6.729,-82.57899999999991,18.0,6.0,Mw,294.0,1.19,NEI
2009-10-22 19:51:27.520,22,10,2009,19,36.517,70.95,185.9,6.2,Mw,395.0,0.84,NEI
2009-10-23 15:14:13.060,23,10,2009,15,-12.196,166.047,31.1,6.0,Mw,129.0,0.97,NEI
2009-10-24 14:40:43.720,24,10,2009,14,-6.133,130.384999999999,130.0,6.9,Mw,397.0,0.81,NEI
2009-10-25 07:53:52.150,25,10,2009,7,-23.091,-179.205,417.9,6.0,Mw,337.0,0.81,NEI
2009-10-27 00:04:46.230,27,10,2009,0,-59.954999999999906,-65.1629999999999,10.0,6.0,Mw,192.0,1.11,NEI
2009-10-29 17:44:32.060,29,10,2009,17,36.390999999999906,70.72199999999991,210.0,6.2,Mw,372.0,0.99,NEI
2009-10-30 07:03:39.120,30,10,2009,7,29.218,129.782,34.0,6.8,Mw,424.0,1.02,NEI
2009-11-02 10:47:13.240,2,11,2009,10,-24.1209999999999,-175.173,9.0,6.2,Mw,432.0,0.8,NEI
2009-11-05 09:43:20.710,5,11,2009,9,-52.292,160.703,10.0,6.0,Mw,80.0,1.13,NEI
2009-11-08 19:41:43.360,8,11,2009,19,-8.207,118.631,18.0,6.6,Mw,305.0,1.03,NEI
2009-11-09 10:44:55.110,9,11,2009,10,-17.239,178.330999999999,595.0,7.3,Mw,430.0,0.87,NEI
2009-11-10 02:48:46.790,10,11,2009,2,8.082,91.899,23.0,6.0,Mw,355.0,0.84,NEI
2009-11-13 03:05:57.220,13,11,2009,3,-19.3939999999999,-70.3209999999999,27.0,6.5,Mw,390.0,0.83,NEI
2009-11-14 19:44:29.930,14,11,2009,19,-22.965,-66.641,220.4,6.2,Mw,427.0,1.23,NEI
2009-11-17 15:30:47.440,17,11,2009,15,52.122999999999905,-131.395,17.0,6.6,Mw,388.0,1.16,NEI
2009-11-22 07:48:20.610,22,11,2009,7,-17.794,-178.425,522.6,6.4,Mw,394.0,0.79,NEI
2009-11-22 22:47:27.480,22,11,2009,22,-31.5689999999999,179.467,435.7,6.2,Mw,320.0,1.01,NEI
2009-11-24 12:47:15.660,24,11,2009,12,-20.7079999999999,-174.035,18.0,6.8,Mw,459.0,0.9,NEI
2009-11-28 06:04:22.200,28,11,2009,6,-10.403,118.885,15.0,6.0,Mw,306.0,1.04,NEI
2009-11-28 09:21:17.980,28,11,2009,9,-29.216,-177.018,28.0,6.0,Mw,314.0,0.91,NEI
2009-11-28 18:10:20.630,28,11,2009,18,5.326,126.288,38.8,6.1,Mw,221.0,1.03,NEI
2009-12-03 06:12:32.490,3,12,2009,6,-56.47599999999991,-122.321,10.0,6.0,Mw,162.0,1.13,NEI
2009-12-09 09:46:03.300,9,12,2009,9,-22.1499999999999,170.962999999999,45.0,6.4,Mw,338.0,1.05,NEI
2009-12-09 16:00:43.330,9,12,2009,16,-0.642,-21.0719999999999,10.0,6.4,Mw,151.0,1.12,NEI
2009-12-09 21:29:02.890,9,12,2009,21,2.759,95.9099999999999,21.0,6.0,Mw,245.0,0.9,NEI
2009-12-10 02:30:52.690,10,12,2009,2,53.417,152.756,656.2,6.3,Mw,415.0,0.78,NEI
2009-12-14 08:54:01.820,14,12,2009,8,-5.958,154.443999999999,39.0,6.0,Mw,215.0,1.12,NEI
2009-12-19 13:02:15.570,19,12,2009,13,23.7959999999999,121.605,43.0,6.4,Mw,426.0,1.04,NEI
2009-12-19 23:19:15.550,19,12,2009,23,-10.108,33.8179999999999,6.0,6.0,Mw,301.0,1.05,NEI
2009-12-23 01:11:58.200,23,12,2009,1,-1.434,99.393,19.0,6.0,Mw,391.0,0.96,NEI
2009-12-24 00:23:31.700,24,12,2009,0,42.244999999999905,134.718999999999,392.0,6.3,Mw,487.0,0.88,NEI
2009-12-26 08:57:27.720,26,12,2009,8,-5.53,131.205,85.0,6.1,Mw,341.0,0.83,NEI
2009-12-31 09:23:24.010,31,12,2009,9,-59.401,-150.974999999999,10.0,6.0,Mw,44.0,1.3,NEI
2010-01-02 08:45:33.020,2,1,2010,8,12.4239999999999,141.949,8.0,6.1,Mw,234.0,1.15,NEI
2010-01-03 21:48:02.870,3,1,2010,21,-8.726,157.486999999999,10.0,6.6,Mw,282.0,1.24,NEI
2010-01-03 22:36:25.640,3,1,2010,22,-8.783,157.354,10.0,7.1,Mw,377.0,1.09,NEI
2010-01-05 04:55:39.410,5,1,2010,4,-58.173,-14.695,13.0,6.8,Mw,198.0,1.19,NEI
2010-01-05 12:15:32.210,5,1,2010,12,-9.019,157.550999999999,15.4,6.8,Mw,338.0,1.16,NEI
2010-01-05 13:11:42.820,5,1,2010,13,-9.05,157.892,35.0,6.0,Mw,117.0,1.21,NEI
2010-01-09 05:51:30.470,9,1,2010,5,-9.131,157.626,12.0,6.2,Mw,266.0,1.24,NEI
2010-01-10 00:27:39.320,10,1,2010,0,40.652,-124.6925,29.33,6.5,Mw,48.0,0.2,NC
2010-01-12 21:53:10.060,12,1,2010,21,18.443,-72.5709999999999,13.0,7.0,Mw,500.0,0.97,NEI
2010-01-12 22:00:41.490,12,1,2010,22,18.387,-72.784,10.0,6.0,Mw,196.0,0.84,NEI
2010-01-17 12:00:01.080,17,1,2010,12,-57.664,-65.879,5.0,6.3,Mw,243.0,0.89,NEI
2010-02-01 22:28:16.920,1,2,2010,22,-6.112,154.462999999999,32.0,6.2,Mw,261.0,1.02,NEI
2010-02-05 06:59:05.500,5,2,2010,6,-47.911,99.593,1.0,6.2,Mw,203.0,1.14,NEI
2010-02-06 04:44:58.400,6,2,2010,4,46.835999999999906,152.730999999999,30.0,6.0,Mw,339.0,0.92,NEI
2010-02-07 06:10:00.230,7,2,2010,6,23.488,123.614999999999,21.0,6.3,Mw,394.0,1.12,NEI
2010-02-09 01:03:44.440,9,2,2010,1,-15.053,-173.491999999999,10.0,6.1,Mw,174.0,1.21,NEI
2010-02-13 02:34:28.860,13,2,2010,2,-21.902,-174.767,11.0,6.1,Mw,361.0,0.92,NEI
2010-02-15 21:51:47.790,15,2,2010,21,-7.217,128.723,126.0,6.2,Mw,415.0,0.87,NEI
2010-02-18 01:13:19.510,18,2,2010,1,42.587,130.703,577.7,6.9,Mw,524.0,1.35,NEI
2010-02-22 07:00:51.320,22,2,2010,7,-23.626,-176.036,15.0,6.0,Mw,251.0,0.81,NEI
2010-02-26 20:31:26.970,26,2,2010,20,25.93,128.425,25.0,7.0,Mw,487.0,1.05,NEI
2010-02-27 06:34:11.530,27,2,2010,6,-36.122,-72.89799999999991,22.9,8.8,Mw,454.0,1.09,NEI
2010-02-27 06:51:17.650,27,2,2010,6,-31.663,-69.141,39.8,6.0,Mb,118.0,0.69,NEI
2010-02-27 06:52:34.020,27,2,2010,6,-34.8669999999999,-72.614,35.0,6.2,Mb,150.0,0.98,NEI
2010-02-27 07:12:28.450,27,2,2010,7,-33.878,-71.9429999999999,35.0,6.0,Mb,291.0,1.02,NEI
2010-02-27 07:37:17.960,27,2,2010,7,-36.869,-72.673,35.0,6.0,Mb,319.0,0.86,NEI
2010-02-27 08:01:23.010,27,2,2010,8,-37.773,-75.048,35.0,7.4,Mw,409.0,1.06,NEI
2010-02-27 08:25:29.620,27,2,2010,8,-34.749,-72.427,35.0,6.1,Mb,337.0,0.8,NEI
2010-02-27 10:30:36.400,27,2,2010,10,-33.2809999999999,-71.9549999999999,35.0,6.1,ML,213.0,0.0,GUC
2010-02-27 15:45:37.000,27,2,2010,15,-24.872,-65.602,10.0,6.3,Mw,376.0,0.0,SJA
2010-02-27 17:24:30.590,27,2,2010,17,-36.35399999999991,-73.2079999999999,19.0,6.1,Mw,243.0,1.09,NEI
2010-02-27 19:00:06.860,27,2,2010,19,-33.4219999999999,-71.828,31.1,6.2,Mw,384.0,1.01,NEI
2010-02-27 23:12:34.910,27,2,2010,23,-34.7,-71.8269999999999,35.0,6.0,Mb,310.0,0.71,NEI
2010-02-28 11:25:35.920,28,2,2010,11,-34.9029999999999,-71.617,46.0,6.2,Mw,516.0,0.88,NEI
2010-03-03 17:44:25.040,3,3,2010,17,-36.60999999999991,-73.3599999999999,20.0,6.1,Mw,232.0,1.04,NEI
2010-03-04 00:18:51.290,4,3,2010,0,22.9179999999999,120.795,21.0,6.3,Mw,326.0,0.88,NEI
2010-03-04 01:59:48.670,4,3,2010,1,-33.216,-72.125,24.2,6.0,Mw,302.0,0.86,NEI
2010-03-04 14:02:27.550,4,3,2010,14,-13.571,167.227,176.0,6.5,Mw,426.0,1.01,NEI
2010-03-04 22:39:26.530,4,3,2010,22,-22.227,-68.328,114.0,6.3,Mw,498.0,0.93,NEI
2010-03-05 09:19:36.380,5,3,2010,9,-36.631,-73.2229999999999,29.9,6.1,Mw,315.0,0.78,NEI
2010-03-05 11:47:06.820,5,3,2010,11,-36.66499999999991,-73.37399999999991,18.0,6.6,Mw,255.0,0.93,NEI
2010-03-05 16:07:00.680,5,3,2010,16,-3.762,100.991,26.0,6.8,Mw,401.0,1.09,NEI
2010-03-07 07:05:24.640,7,3,2010,7,-16.236,-115.296,18.0,6.3,Mw,448.0,0.9,NEI
2010-03-08 02:32:34.710,8,3,2010,2,38.863999999999905,39.985999999999905,12.0,6.1,Mw,379.0,0.76,NEI
2010-03-08 09:47:08.890,8,3,2010,9,19.3479999999999,144.742999999999,427.0,6.1,Mw,478.0,0.87,NEI
2010-03-11 14:39:43.950,11,3,2010,14,-34.2899999999999,-71.891,11.0,6.9,Mw,415.0,0.85,NEI
2010-03-11 14:55:27.510,11,3,2010,14,-34.326,-71.799,18.0,7.0,Mw,403.0,1.02,NEI
2010-03-11 15:06:02.130,11,3,2010,15,-34.4699999999999,-72.004,31.5,6.0,Mb,316.0,1.04,NEI
2010-03-14 00:57:44.700,14,3,2010,0,-1.692,128.134999999999,53.0,6.4,Mw,407.0,1.12,NEI
2010-03-14 08:08:03.960,14,3,2010,8,37.744999999999905,141.59,32.0,6.5,Mw,491.0,0.82,NEI
2010-03-15 11:08:28.960,15,3,2010,11,-35.802,-73.158,14.0,6.2,Mw,238.0,1.01,NEI
2010-03-16 02:21:57.940,16,3,2010,2,-36.216999999999906,-73.257,18.0,6.7,Mw,312.0,0.93,NEI
2010-03-20 14:00:49.980,20,3,2010,14,-3.361,152.245,414.6,6.6,Mw,519.0,0.91,NEI
2010-03-25 05:29:24.720,25,3,2010,5,13.827,120.071,16.0,6.0,Mw,260.0,0.88,NEI
2010-03-26 14:52:07.230,26,3,2010,14,-27.9529999999999,-70.8209999999999,42.0,6.3,Mw,387.0,0.9,NEI
2010-03-28 21:38:28.000,28,3,2010,21,-35.387,-73.385,29.9,6.0,Mw,259.0,0.0,GUC
2010-03-30 16:54:46.730,30,3,2010,16,13.667,92.831,34.0,6.6,Mw,413.0,0.86,NEI
2010-04-02 22:58:07.560,2,4,2010,22,-36.226999999999904,-72.878,24.0,6.0,Mw,353.0,0.81,NEI
2010-04-04 22:40:42.360,4,4,2010,22,32.2862,-115.2953,10.0,7.2,Mw,11.0,0.11,CI
2010-04-05 10:05:44.630,5,4,2010,10,-0.183,125.009,25.0,6.2,Mw,287.0,0.98,NEI
2010-04-06 22:15:01.580,6,4,2010,22,2.383,97.048,31.0,7.8,Mw,352.0,1.19,NEI
2010-04-07 14:33:01.930,7,4,2010,14,-3.76,141.943,23.0,6.0,Mw,231.0,1.01,NEI
2010-04-10 16:54:24.250,10,4,2010,16,-20.114,-176.223,273.2,6.0,Mw,354.0,0.75,NEI
2010-04-11 09:40:25.600,11,4,2010,9,-10.878,161.116,21.0,6.9,Mw,399.0,0.97,NEI
2010-04-11 22:08:12.790,11,4,2010,22,36.965,-3.542,609.8,6.3,Mw,588.0,0.0,MDD
2010-04-13 23:49:38.330,13,4,2010,23,33.1649999999999,96.548,17.0,6.9,Mw,410.0,1.25,NEI
2010-04-14 01:25:15.580,14,4,2010,1,33.195,96.4489999999999,7.6,6.1,Mw,251.0,0.87,NEI
2010-04-17 23:15:22.020,17,4,2010,23,-6.669,147.291,53.0,6.2,Mw,435.0,0.87,NEI
2010-04-21 17:20:29.110,21,4,2010,17,-15.271,-173.218999999999,35.0,6.1,Mw,318.0,0.99,NEI
2010-04-23 10:03:06.180,23,4,2010,10,-37.529,-72.96899999999991,32.0,6.0,Mw,237.0,0.86,NEI
2010-04-24 07:41:00.410,24,4,2010,7,-1.912,128.122,27.0,6.0,Mw,244.0,1.01,NEI
2010-04-26 02:59:52.150,26,4,2010,2,22.18,123.623,22.0,6.5,Mw,351.0,1.09,NEI
2010-04-30 23:11:43.100,30,4,2010,23,60.47299999999991,-177.877,12.0,6.5,Mw,430.0,1.12,NEI
2010-04-30 23:16:28.640,30,4,2010,23,60.478,-177.65,14.9,6.3,Mw,302.0,0.78,NEI
2010-05-03 10:27:45.090,3,5,2010,10,29.645,140.950999999999,84.0,6.1,Mw,479.0,0.84,NEI
2010-05-03 23:09:44.790,3,5,2010,23,-38.072,-73.45399999999991,19.0,6.3,Mw,262.0,1.07,NEI
2010-05-05 16:29:03.210,5,5,2010,16,-4.054,101.096,27.0,6.5,Mw,347.0,0.98,NEI
2010-05-06 02:42:47.940,6,5,2010,2,-18.058,-70.5469999999999,37.0,6.2,Mw,455.0,0.73,NEI
2010-05-09 05:59:41.620,9,5,2010,5,3.748,96.018,38.0,7.2,Mw,611.0,0.92,NEI
2010-05-19 04:15:43.230,19,5,2010,4,-5.083,-77.5409999999999,132.0,6.0,Mw,502.0,0.75,NEI
2010-05-19 10:30:10.400,19,5,2010,10,-54.799999999999905,-135.252,10.0,6.0,Mw,90.0,1.28,NEI
2010-05-19 10:51:03.080,19,5,2010,10,-54.843,-135.398,10.0,6.0,Mw,97.0,1.44,NEI
2010-05-23 22:46:52.050,23,5,2010,22,-13.928,-74.352,101.4,6.1,Mw,525.0,0.86,NEI
2010-05-24 16:18:29.090,24,5,2010,16,-8.087,-71.558,581.2,6.5,Mw,460.0,0.8,NEI
2010-05-25 10:09:05.780,25,5,2010,10,35.3359999999999,-35.9239999999999,10.0,6.3,Mw,385.0,1.2,NEI
2010-05-26 08:53:08.030,26,5,2010,8,25.773,129.943999999999,10.0,6.5,Mw,548.0,0.89,NEI
2010-05-27 17:14:46.570,27,5,2010,17,-13.698,166.643,31.0,7.2,Mw,327.0,1.08,NEI
2010-05-27 20:48:00.440,27,5,2010,20,-13.6579999999999,166.745,35.0,6.1,Mw,161.0,0.96,NEI
2010-05-31 10:16:00.230,31,5,2010,10,6.948,124.025,20.0,6.0,Mw,234.0,1.06,NEI
2010-05-31 19:51:45.870,31,5,2010,19,11.132,93.471,112.0,6.5,Mw,422.0,1.09,NEI
2010-06-01 03:26:15.760,1,6,2010,3,9.331,-84.206,18.0,6.0,Mw,370.0,1.05,NEI
2010-06-09 23:23:17.350,9,6,2010,23,-18.597,169.485,12.0,6.0,Mw,171.0,1.02,NEI
2010-06-12 19:26:50.460,12,6,2010,19,7.881,91.936,35.0,7.5,Mw,514.0,1.1,NEI
2010-06-16 03:06:02.420,16,6,2010,3,-2.386,136.634999999999,13.0,6.2,Mw,218.0,1.4,NEI
2010-06-16 03:16:27.550,16,6,2010,3,-2.174,136.543,18.0,7.0,Mw,307.0,1.27,NEI
2010-06-16 03:58:08.480,16,6,2010,3,-2.329,136.484,10.5,6.6,Mw,309.0,1.38,NEI
2010-06-17 13:06:46.590,17,6,2010,13,-33.1679999999999,179.718999999999,170.4,6.0,Mw,299.0,1.17,NEI
2010-06-18 02:23:05.580,18,6,2010,2,44.448,148.688999999999,28.0,6.2,Mw,424.0,0.89,NEI
2010-06-24 05:32:27.400,24,6,2010,5,-5.514,151.161,40.0,6.1,Mw,338.0,0.9,NEI
2010-06-26 05:30:19.490,26,6,2010,5,-10.627,161.447,35.0,6.7,Mw,392.0,1.19,NEI
2010-06-30 04:31:02.160,30,6,2010,4,-23.3069999999999,179.116,581.4,6.4,Mw,425.0,0.99,NEI
2010-06-30 07:22:27.690,30,6,2010,7,16.396,-97.7819999999999,20.0,6.3,Mw,344.0,0.92,NEI
2010-07-02 06:04:03.130,2,7,2010,6,-13.643,166.485,29.0,6.3,Mw,246.0,1.14,NEI
2010-07-04 21:55:51.980,4,7,2010,21,39.697,142.369,27.0,6.3,Mw,503.0,1.0,NEI
2010-07-10 11:43:32.790,10,7,2010,11,11.143,145.999,13.0,6.3,Mw,443.0,0.89,NEI
2010-07-12 00:11:21.250,12,7,2010,0,-22.146,-68.21599999999991,115.0,6.3,Mw,510.0,0.92,NEI
2010-07-14 08:32:21.490,14,7,2010,8,-38.067,-73.31,22.0,6.6,Mw,295.0,0.86,NEI
2010-07-18 05:56:44.930,18,7,2010,5,52.875999999999905,-169.848,14.0,6.7,Mw,702.0,0.94,NEI
2010-07-18 13:04:09.410,18,7,2010,13,-5.966,150.428,28.0,6.9,Mw,456.0,0.96,NEI
2010-07-18 13:34:59.360,18,7,2010,13,-5.931,150.59,35.0,7.4,Mw,397.0,1.16,NEI
2010-07-18 19:48:04.540,18,7,2010,19,52.814999999999905,-169.718999999999,10.0,6.0,Mw,474.0,1.0,NEI
2010-07-20 19:18:20.370,20,7,2010,19,-5.902,150.711999999999,24.0,6.3,Mw,323.0,1.23,NEI
2010-07-21 09:16:04.420,21,7,2010,9,3.039,128.222,100.0,6.1,Mw,280.0,0.93,NEI
2010-07-22 05:03:56.440,22,7,2010,5,-15.132,168.162,6.0,6.1,Mw,414.0,0.9,NEI
2010-07-23 22:08:11.250,23,7,2010,22,6.718,123.409,607.1,7.3,Mw,491.0,0.91,NEI
2010-07-23 22:51:11.840,23,7,2010,22,6.497,123.48,578.0,7.6,Mw,340.0,0.91,NEI
2010-07-23 23:15:10.190,23,7,2010,23,6.776,123.259,640.6,7.5,Mw,441.0,0.82,NEI
2010-07-24 05:35:01.060,24,7,2010,5,6.218,123.519,553.0,6.6,Mw,380.0,1.12,NEI
2010-07-29 07:31:56.240,29,7,2010,7,6.548,123.221999999999,618.0,6.6,Mw,179.0,1.43,NEI
2010-07-30 03:56:13.710,30,7,2010,3,52.497999999999905,159.842999999999,23.0,6.3,Mw,477.0,0.86,NEI
2010-08-03 12:08:25.950,3,8,2010,12,1.239,126.212999999999,41.0,6.3,Mw,259.0,1.07,NEI
2010-08-04 04:46:20.380,4,8,2010,4,-26.916,-177.245,19.0,6.0,Mw,277.0,0.94,NEI
2010-08-04 07:15:33.510,4,8,2010,7,-5.486,146.822,220.0,6.5,Mw,403.0,0.97,NEI
2010-08-04 12:58:24.200,4,8,2010,12,51.423,-178.649,27.0,6.4,Mw,482.0,0.89,NEI
2010-08-04 22:01:43.620,4,8,2010,22,-5.746,150.764999999999,44.0,7.0,Mw,396.0,1.19,NEI
2010-08-04 23:48:02.070,4,8,2010,23,45.979999999999905,153.175,27.8,6.0,Mw,393.0,0.82,NEI
2010-08-10 05:23:44.980,10,8,2010,5,-17.541,168.068999999999,25.0,7.3,Mw,405.0,1.25,NEI
2010-08-12 11:54:15.580,12,8,2010,11,-1.266,-77.3059999999999,206.7,7.1,Mw,672.0,0.87,NEI
2010-08-13 21:19:34.090,13,8,2010,21,12.487,141.473999999999,16.0,6.9,Mw,393.0,1.35,NEI
2010-08-14 07:30:16.940,14,8,2010,7,12.348,141.486999999999,10.0,6.2,Mw,280.0,1.11,NEI
2010-08-14 23:01:04.090,14,8,2010,23,12.273,141.429,13.0,6.6,Mw,374.0,1.28,NEI
2010-08-15 15:09:29.240,15,8,2010,15,-5.692,148.342,174.7,6.3,Mw,372.0,0.97,NEI
2010-08-16 03:30:53.310,16,8,2010,3,-17.759,65.647,9.8,6.3,Mw,204.0,1.18,NEI
2010-08-16 19:35:49.000,16,8,2010,19,-20.7989999999999,-178.825999999999,603.2,6.2,Mw,416.0,1.03,NEI
2010-08-18 16:28:15.440,18,8,2010,16,12.234,141.514,10.0,6.3,Mw,207.0,1.07,NEI
2010-08-20 17:56:14.150,20,8,2010,17,-6.57,154.246,19.0,6.1,Mw,213.0,1.22,NEI
2010-08-24 02:11:59.090,24,8,2010,2,18.795,-107.193,10.0,6.2,Mw,227.0,1.3,NEI
2010-09-03 11:16:06.600,3,9,2010,11,51.451,-175.87,23.5,6.5,Mw,583.0,0.0,AEI
2010-09-03 16:35:47.770,3,9,2010,16,-43.521999999999906,171.83,12.0,7.0,Mw,365.0,1.3,NEI
2010-09-04 08:52:04.100,4,9,2010,8,-17.3679999999999,-173.999,69.0,6.1,Mw,371.0,0.83,NEI
2010-09-07 16:13:32.060,7,9,2010,16,-15.879,-179.306,9.0,6.3,Mw,257.0,1.32,NEI
2010-09-08 11:37:31.890,8,9,2010,11,-20.6709999999999,169.818,10.0,6.3,Mw,273.0,1.16,NEI
2010-09-09 07:28:01.720,9,9,2010,7,-37.03399999999991,-73.412,16.0,6.2,Mw,265.0,1.15,NEI
2010-09-17 19:21:15.010,17,9,2010,19,36.442999999999905,70.774,220.1,6.3,Mw,385.0,1.11,NEI
2010-09-26 12:12:41.710,26,9,2010,12,-5.314,133.917,30.0,6.0,Mw,345.0,0.81,NEI
2010-09-29 17:10:51.080,29,9,2010,17,-4.909,133.711999999999,10.0,6.2,Mb,272.0,1.24,NEI
2010-09-29 17:11:25.940,29,9,2010,17,-4.963,133.759999999999,26.0,7.0,Mw,271.0,1.31,NEI
2010-10-04 13:28:38.860,4,10,2010,13,24.27,125.154,32.0,6.3,Mw,370.0,0.92,NEI
2010-10-08 03:26:13.710,8,10,2010,3,51.374,-175.360999999999,19.0,6.4,Mw,590.0,1.06,NEI
2010-10-08 03:49:10.720,8,10,2010,3,51.28699999999991,-175.18,27.7,6.0,Mw,443.0,0.0,AEI
2010-10-08 05:43:08.070,8,10,2010,5,2.831,128.217,120.0,6.2,Mw,348.0,0.96,NEI
2010-10-21 17:53:13.570,21,10,2010,17,24.696,-109.156,13.0,6.7,Mw,352.0,1.21,NEI
2010-10-25 14:42:22.460,25,10,2010,14,-3.487,100.081999999999,20.1,7.8,Mw,379.0,1.17,NEI
2010-10-25 19:37:31.150,25,10,2010,19,-2.958,100.372,26.0,6.3,Me,258.0,1.04,NEI
2010-10-30 15:18:33.070,30,10,2010,15,-56.585999999999906,-142.292,10.0,6.4,Mw,35.0,1.5,NEI
2010-11-03 11:18:15.570,3,11,2010,11,-4.617,134.071,10.0,6.0,Mw,156.0,1.15,NEI
2010-11-03 23:34:42.480,3,11,2010,23,-20.466,-174.28,18.0,6.1,Mw,430.0,0.9,NEI
2010-11-10 04:05:24.410,10,11,2010,4,-45.463999999999906,96.394,10.0,6.5,Mw,267.0,1.12,NEI
2010-11-21 04:36:31.440,21,11,2010,4,-54.966999999999906,-131.479,10.0,6.0,Mw,169.0,1.22,NEI
2010-11-23 09:01:06.860,23,11,2010,9,-5.959,148.966,68.0,6.1,Mw,345.0,1.07,NEI
2010-11-30 03:24:40.180,30,11,2010,3,28.349,139.187,470.0,6.8,Mw,477.0,0.85,NEI
2010-12-01 16:01:27.440,1,12,2010,16,-15.888,-178.955999999999,15.2,6.1,Mw,259.0,0.98,NEI
2010-12-02 03:12:09.820,2,12,2010,3,-6.001,149.977,33.0,6.6,Mw,306.0,1.15,NEI
2010-12-08 05:24:35.260,8,12,2010,5,-56.41199999999991,-25.741,29.4,6.3,Mw,319.0,1.06,NEI
2010-12-13 01:14:42.320,13,12,2010,1,-6.534,155.646999999999,135.8,6.2,Mw,392.0,1.02,NEI
2010-12-15 11:29:30.840,15,12,2010,11,-7.268,128.786,134.9,6.0,Mw,364.0,0.92,NEI
2010-12-20 18:41:59.200,20,12,2010,18,28.4119999999999,59.18,12.0,6.7,Mw,279.0,1.21,NEI
2010-12-21 17:19:40.660,21,12,2010,17,26.901,143.698,14.0,7.4,Mw,603.0,0.99,NEI
2010-12-22 21:49:40.080,22,12,2010,21,26.8099999999999,143.595,18.0,6.4,Mw,455.0,1.06,NEI
2010-12-23 14:00:32.330,23,12,2010,14,53.127,171.161,18.0,6.4,Mw,559.0,0.91,NEI
2010-12-25 13:16:37.000,25,12,2010,13,-19.702,167.947,16.0,7.3,Mw,409.0,1.17,NEI
2010-12-26 02:13:37.680,26,12,2010,2,-19.616,168.283999999999,13.0,6.0,Mw,300.0,0.93,NEI
2010-12-28 08:34:17.550,28,12,2010,8,-23.407,-179.801999999999,551.0,6.3,Mw,446.0,0.85,NEI
2010-12-29 06:54:19.640,29,12,2010,6,-19.661,168.139999999999,16.0,6.4,Mw,372.0,1.27,NEI
2011-01-01 09:56:58.120,1,1,2011,9,-26.803,-63.136,576.8,7.0,Mw,607.0,0.85,NEI
2011-01-02 20:20:17.780,2,1,2011,20,-38.354999999999905,-73.32599999999991,24.0,7.2,Mw,397.0,1.1,NEI
2011-01-05 06:46:14.630,5,1,2011,6,-22.26,171.631,112.2,6.1,Mw,284.0,0.93,NEI
2011-01-09 10:03:43.990,9,1,2011,10,-19.155,168.312,22.0,6.6,Mw,408.0,1.02,NEI
2011-01-09 17:21:51.650,9,1,2011,17,-19.201,168.155,18.0,6.1,Mw,261.0,1.37,NEI
2011-01-12 21:32:53.860,12,1,2011,21,26.9729999999999,139.882,512.0,6.5,Mw,626.0,1.04,NEI
2011-01-13 16:16:41.540,13,1,2011,16,-20.628,168.471,9.0,7.0,Mw,578.0,0.99,NEI
2011-01-17 19:20:57.210,17,1,2011,19,-5.03,102.647,36.0,6.0,Mw,391.0,1.02,NEI
2011-01-18 20:23:23.480,18,1,2011,20,28.777,63.951,68.0,7.2,Mw,372.0,1.3,NEI
2011-01-24 02:45:31.520,24,1,2011,2,38.412999999999904,72.7909999999999,110.0,6.0,Mw,438.0,0.93,NEI
2011-01-26 15:42:29.590,26,1,2011,15,2.205,96.82899999999991,23.0,6.1,Mw,286.0,1.19,NEI
2011-01-27 08:38:28.340,27,1,2011,8,28.195,59.015,10.0,6.2,Mw,296.0,1.05,NEI
2011-01-29 06:55:27.520,29,1,2011,6,70.9309999999999,-6.657,15.0,6.2,Mw,562.0,0.92,NEI
2011-01-31 06:03:27.300,31,1,2011,6,-22.009,-175.622,76.0,6.0,Mw,437.0,0.92,NEI
2011-02-03 20:25:15.890,3,2,2011,20,-15.5109999999999,-173.068,10.0,6.0,Mw,240.0,0.95,NEI
2011-02-04 13:53:46.260,4,2,2011,13,24.6179999999999,94.68,85.0,6.2,Mw,555.0,1.04,NEI
2011-02-07 19:53:42.910,7,2,2011,19,-7.154,155.184,415.0,6.4,Mw,393.0,1.29,NEI
2011-02-10 14:39:27.710,10,2,2011,14,4.195,122.974,523.2,6.5,Mw,488.0,1.09,NEI
2011-02-10 14:41:58.820,10,2,2011,14,4.077,123.039,525.0,6.6,Mw,262.0,1.37,NEI
2011-02-11 20:05:30.910,11,2,2011,20,-36.421999999999905,-72.95999999999991,26.0,6.9,Mw,382.0,1.27,NEI
2011-02-11 23:39:21.310,11,2,2011,23,-37.195999999999906,-73.19799999999991,15.0,6.0,Mw,229.0,1.2,NEI
2011-02-12 01:17:01.410,12,2,2011,1,-37.027,-72.95399999999991,16.0,6.1,Mw,224.0,1.39,NEI
2011-02-12 17:57:56.130,12,2,2011,17,-20.879,-175.672,85.0,6.1,Mw,481.0,0.94,NEI
2011-02-13 10:35:06.740,13,2,2011,10,-36.649,-73.176,17.0,6.0,Mw,308.0,1.03,NEI
2011-02-14 03:40:09.920,14,2,2011,3,-35.38,-72.834,21.0,6.7,Mw,358.0,0.97,NEI
2011-02-15 13:33:53.180,15,2,2011,13,-2.497,121.483,16.2,6.1,Mw,255.0,1.33,NEI
2011-02-20 21:43:24.150,20,2,2011,21,55.91799999999991,162.116999999999,33.0,6.1,Mw,576.0,0.87,NEI
2011-02-21 10:57:52.410,21,2,2011,10,-26.1419999999999,178.394,558.1,6.6,Mw,610.0,0.89,NEI
2011-02-21 23:51:42.350,21,2,2011,23,-43.582999999999906,172.68,5.9,6.1,Mw,323.0,0.0,WEL
2011-03-01 00:53:46.340,1,3,2011,0,-29.701,-111.980999999999,10.0,6.1,Mw,227.0,1.12,NEI
2011-03-06 12:31:59.780,6,3,2011,12,-18.021,-69.36199999999991,118.0,6.3,Mw,590.0,0.88,NEI
2011-03-06 14:32:36.080,6,3,2011,14,-56.421999999999905,-27.0629999999999,87.7,6.5,Mw,407.0,1.02,NEI
2011-03-07 00:09:36.450,7,3,2011,0,-10.349,160.765999999999,22.0,6.4,Mw,471.0,1.14,NEI
2011-03-09 02:45:20.330,9,3,2011,2,38.435,142.842,32.0,7.5,Mw,550.0,0.98,NEI
2011-03-09 18:16:16.440,9,3,2011,18,38.314999999999905,142.434,22.0,6.0,Mw,411.0,1.14,NEI
2011-03-09 21:24:01.680,9,3,2011,21,38.29599999999991,142.807999999999,15.0,6.4,Ms,224.0,0.99,NEI
2011-03-09 21:24:49.760,9,3,2011,21,-5.985,149.776999999999,29.0,6.4,Mw,165.0,1.33,NEI
2011-03-10 17:08:36.860,10,3,2011,17,-6.873,116.72,510.6,6.6,Mw,492.0,1.05,NEI
2011-03-11 05:46:24.120,11,3,2011,5,38.296999999999905,142.372999999999,29.0,9.1,Mw,541.0,1.16,NEI
2011-03-11 05:54:31.940,11,3,2011,5,37.712,141.184,32.3,6.3,Mb,120.0,0.75,NEI
2011-03-11 05:55:45.480,11,3,2011,5,37.359,143.351,35.0,6.4,Mb,108.0,1.42,NEI
2011-03-11 05:58:07.490,11,3,2011,5,37.622999999999905,142.155,50.7,6.3,Mb,98.0,0.95,NEI
2011-03-11 06:00:39.300,11,3,2011,6,38.09499999999991,142.491999999999,40.6,6.2,Mb,43.0,1.0,NEI
2011-03-11 06:06:13.170,11,3,2011,6,39.003,142.289999999999,42.7,6.3,Mb,304.0,0.71,NEI
2011-03-11 06:07:20.880,11,3,2011,6,36.418999999999905,141.876,32.3,6.4,Mb,262.0,0.88,NEI
2011-03-11 06:08:29.660,11,3,2011,6,38.969,143.37,2.8,6.7,Mb,122.0,1.06,NEI
2011-03-11 06:12:36.360,11,3,2011,6,37.787999999999904,144.233,25.4,6.2,Mb,130.0,0.71,NEI
2011-03-11 06:13:01.040,11,3,2011,6,37.210999999999906,141.601,40.1,6.2,Mb,275.0,0.76,NEI
2011-03-11 06:15:23.120,11,3,2011,6,37.93,143.801999999999,35.0,6.3,Mb,75.0,1.3,NEI
2011-03-11 06:15:40.280,11,3,2011,6,36.280999999999906,141.110999999999,42.6,7.9,Mw,163.0,1.44,NEI
2011-03-11 06:18:49.510,11,3,2011,6,36.023,142.269,16.0,6.6,Mb,57.0,0.94,NEI
2011-03-11 06:20:04.110,11,3,2011,6,36.0039999999999,142.067,49.3,6.5,Mb,43.0,0.87,NEI
2011-03-11 06:21:32.700,11,3,2011,6,38.28999999999991,142.812999999999,51.7,6.2,Mb,98.0,0.67,NEI
2011-03-11 06:23:09.480,11,3,2011,6,39.03,142.283999999999,56.3,6.2,Mb,194.0,0.67,NEI
2011-03-11 06:25:50.300,11,3,2011,6,38.058,144.59,18.6,7.7,Mw,507.0,0.85,NEI
2011-03-11 06:29:15.990,11,3,2011,6,37.811999999999905,144.233,40.6,6.1,Mb,94.0,0.8,NEI
2011-03-11 06:48:45.590,11,3,2011,6,37.960999999999906,142.723999999999,11.7,6.2,Mb,323.0,0.67,NEI
2011-03-11 06:49:16.610,11,3,2011,6,37.337,144.236999999999,47.3,6.1,Mb,121.0,0.93,NEI
2011-03-11 06:57:16.510,11,3,2011,6,35.712,140.875,47.5,6.0,Mb,368.0,0.83,NEI
2011-03-11 06:59:00.270,11,3,2011,6,37.35699999999991,144.724999999999,35.9,6.3,Mb,292.0,1.09,NEI
2011-03-11 07:14:58.820,11,3,2011,7,36.585999999999906,141.823,24.7,6.3,Mb,382.0,0.88,NEI
2011-03-11 07:25:36.460,11,3,2011,7,37.933999999999905,144.529,39.5,6.1,Mb,398.0,0.78,NEI
2011-03-11 07:28:12.360,11,3,2011,7,36.823,141.824,28.4,6.1,Mb,289.0,0.62,NEI
2011-03-11 07:29:01.830,11,3,2011,7,39.030999999999906,142.348999999999,45.4,6.3,Mb,338.0,1.09,NEI
2011-03-11 07:30:18.450,11,3,2011,7,37.442,141.194999999999,49.2,6.0,Mb,40.0,0.47,NEI
2011-03-11 08:12:07.260,11,3,2011,8,36.569,141.485999999999,39.6,6.2,Mb,510.0,0.72,NEI
2011-03-11 08:15:41.850,11,3,2011,8,37.046999999999905,144.541,41.0,6.1,Mb,275.0,0.75,NEI
2011-03-11 08:19:24.380,11,3,2011,8,36.165999999999904,141.562,6.8,6.5,Mb,369.0,0.86,NEI
2011-03-11 08:26:36.930,11,3,2011,8,37.366999999999905,143.017,17.0,6.1,Mb,317.0,0.73,NEI
2011-03-11 08:27:51.600,11,3,2011,8,38.017,142.657,42.8,6.0,Mb,362.0,1.09,NEI
2011-03-11 08:31:09.260,11,3,2011,8,37.469,141.175999999999,37.3,6.0,Mb,274.0,0.74,NEI
2011-03-11 08:33:00.780,11,3,2011,8,39.14,142.967,27.6,6.0,Mb,231.0,0.81,NEI
2011-03-11 10:10:34.220,11,3,2011,10,39.185,142.759999999999,26.5,6.0,Mb,438.0,0.89,NEI
2011-03-11 11:36:40.920,11,3,2011,11,39.241,142.462999999999,25.7,6.6,Ms,668.0,1.11,NEI
2011-03-11 15:13:15.090,11,3,2011,15,35.999,141.805,23.7,6.3,Mw,544.0,0.98,NEI
2011-03-11 15:20:08.190,11,3,2011,15,36.398,141.864,52.8,6.0,Mb,130.0,0.96,NEI
2011-03-11 18:59:16.540,11,3,2011,18,37.014,138.376,9.3,6.3,Mw,478.0,1.29,NEI
2011-03-11 19:02:59.170,11,3,2011,19,39.341999999999906,142.872,27.1,6.0,Mw,408.0,0.93,NEI
2011-03-11 19:46:50.880,11,3,2011,19,40.482999999999905,139.055,10.0,6.2,Mw,442.0,1.08,NEI
2011-03-11 20:11:24.060,11,3,2011,20,39.005,142.633,17.4,6.1,Mw,487.0,0.82,NEI
2011-03-12 01:47:15.400,12,3,2011,1,37.594,142.648,20.0,6.5,Mw,472.0,0.85,NEI
2011-03-12 13:15:41.650,12,3,2011,13,37.249,141.158999999999,38.0,6.2,Mw,463.0,0.84,NEI
2011-03-12 23:24:48.780,12,3,2011,23,38.046999999999905,141.72,15.0,6.1,Mw,515.0,0.9,NEI
2011-03-13 01:26:04.250,13,3,2011,1,35.7229999999999,141.637,8.0,6.2,Mw,496.0,1.07,NEI
2011-03-14 06:12:36.060,14,3,2011,6,37.784999999999904,142.455999999999,14.0,6.1,Mw,482.0,0.68,NEI
2011-03-15 13:27:56.630,15,3,2011,13,37.576,142.236999999999,28.0,6.1,Mw,375.0,1.02,NEI
2011-03-15 13:31:46.320,15,3,2011,13,35.2719999999999,138.581999999999,9.0,6.0,Mw,450.0,0.92,NEI
2011-03-15 15:23:54.130,15,3,2011,15,40.332999999999906,143.287,19.8,6.1,Mw,356.0,0.9,NEI
2011-03-17 02:48:00.030,17,3,2011,2,-17.2749999999999,167.825999999999,17.0,6.3,Mw,248.0,1.09,NEI
2011-03-17 04:13:56.780,17,3,2011,4,40.136,142.168,29.0,6.1,Mw,395.0,0.92,NEI
2011-03-20 08:26:10.730,20,3,2011,8,18.9989999999999,121.244,35.0,6.0,Mw,392.0,1.06,NEI
2011-03-22 07:18:45.380,22,3,2011,7,37.244,144.002999999999,11.0,6.5,Mw,551.0,0.95,NEI
2011-03-22 09:19:06.230,22,3,2011,9,37.325,141.791,31.0,6.3,Mw,527.0,0.8,NEI
2011-03-22 09:44:28.420,22,3,2011,9,39.85,143.442,7.3,6.4,Mw,425.0,0.77,NEI
2011-03-24 13:55:12.010,24,3,2011,13,20.687,99.822,8.0,6.8,Mw,335.0,1.1,NEI
2011-03-25 11:36:24.490,25,3,2011,11,38.771999999999906,141.88,39.0,6.2,Mw,558.0,0.86,NEI
2011-03-26 22:49:41.470,26,3,2011,22,-15.851,-179.406,10.0,6.1,Mw,382.0,1.18,NEI
2011-03-27 22:23:58.800,27,3,2011,22,38.41499999999991,142.011,19.0,6.2,Mw,629.0,0.91,NEI
2011-03-29 10:54:33.200,29,3,2011,10,37.401,142.289999999999,15.0,6.1,Mw,558.0,0.9,NEI
2011-03-31 00:11:58.300,31,3,2011,0,-16.541,-177.517,15.5,6.4,Mw,373.0,1.38,NEI
2011-03-31 07:15:30.190,31,3,2011,7,38.921999999999905,141.821,42.0,6.1,Mw,518.0,0.85,NEI
2011-04-01 11:57:54.390,1,4,2011,11,39.323,141.949999999999,41.0,6.0,Mw,494.0,0.7,NEI
2011-04-01 13:29:10.690,1,4,2011,13,35.6619999999999,26.5599999999999,59.9,6.1,Mw,395.0,0.0,ATH
2011-04-03 14:07:09.330,3,4,2011,14,-17.6419999999999,-178.585,551.7,6.4,Mw,539.0,0.87,NEI
2011-04-03 20:06:40.390,3,4,2011,20,-9.848,107.693,14.0,6.8,Mw,270.0,1.11,NEI
2011-04-06 14:01:43.340,6,4,2011,14,1.615,97.09699999999991,25.3,6.0,Mw,336.0,0.95,NEI
2011-04-07 13:11:22.400,7,4,2011,13,17.2079999999999,-94.33799999999991,166.2,6.7,Mw,518.0,0.0,UNM
2011-04-07 14:32:43.290,7,4,2011,14,38.276,141.587999999999,42.0,7.1,Mw,446.0,0.94,NEI
2011-04-09 12:57:48.840,9,4,2011,12,30.0019999999999,131.782999999999,17.3,6.0,Mw,318.0,0.71,NEI
2011-04-11 08:16:12.730,11,4,2011,8,37.000999999999905,140.401,11.0,6.6,Mw,586.0,0.78,NEI
2011-04-11 23:08:16.870,11,4,2011,23,35.417,140.574999999999,15.0,6.2,Mw,514.0,1.23,NEI
2011-04-12 05:07:41.860,12,4,2011,5,37.10699999999991,140.367999999999,11.0,6.0,Mw,515.0,0.77,NEI
2011-04-13 19:57:25.420,13,4,2011,19,39.582999999999906,143.34,22.0,6.1,Mw,427.0,0.88,NEI
2011-04-18 13:03:02.730,18,4,2011,13,-34.3359999999999,179.874,86.0,6.6,Mw,467.0,1.09,NEI
2011-04-21 13:37:03.340,21,4,2011,13,35.579,140.305,43.0,6.2,Mw,393.0,1.12,NEI
2011-04-23 04:16:54.720,23,4,2011,4,-10.375,161.199999999999,79.0,6.8,Mw,445.0,0.98,NEI
2011-04-23 10:12:46.980,23,4,2011,10,39.097,142.87,31.0,6.0,Mw,313.0,0.9,NEI
2011-04-24 23:07:51.490,24,4,2011,23,-4.586,122.771,8.0,6.1,Mw,204.0,1.48,NEI
2011-04-30 08:19:16.070,30,4,2011,8,6.851,-82.3329999999999,8.0,6.2,Mw,377.0,1.23,NEI
2011-05-05 14:58:18.680,5,5,2011,14,38.17,144.032,11.0,6.1,Mw,447.0,0.9,NEI
2011-05-09 18:54:43.730,9,5,2011,18,-56.649999999999906,147.411,9.0,6.1,Mw,142.0,1.1,NEI
2011-05-10 08:55:08.930,10,5,2011,8,-20.244,168.226,11.0,6.9,Mw,519.0,1.15,NEI
2011-05-13 22:47:54.000,13,5,2011,22,9.954,-84.313,72.8,6.0,Mw,424.0,0.0,UCR
2011-05-13 23:35:52.860,13,5,2011,23,37.396,141.341,35.0,6.1,Mw,392.0,0.98,NEI
2011-05-14 21:07:22.160,14,5,2011,21,36.40899999999991,70.748,207.3,6.0,Mw,324.0,0.84,NEI
2011-05-15 13:08:13.060,15,5,2011,13,0.569,-25.6469999999999,10.0,6.1,Mw,163.0,1.24,NEI
2011-05-15 18:37:10.370,15,5,2011,18,-6.104,154.413999999999,40.0,6.5,Mw,356.0,1.21,NEI
2011-06-01 12:55:22.380,1,6,2011,12,-37.578,-73.691,21.0,6.3,Mw,276.0,1.17,NEI
2011-06-03 00:05:00.830,3,6,2011,0,37.284999999999904,143.907,14.0,6.2,Mw,637.0,0.87,NEI
2011-06-05 11:51:12.010,5,6,2011,11,-55.843,146.62,3.0,6.4,Mw,395.0,1.19,NEI
2011-06-13 02:20:49.330,13,6,2011,2,-43.564,172.742999999999,6.1,6.0,Mw,280.0,0.0,WEL
2011-06-13 14:31:22.990,13,6,2011,14,2.515,126.456999999999,61.1,6.4,Mw,439.0,1.06,NEI
2011-06-16 00:03:35.790,16,6,2011,0,-5.928,151.039999999999,16.0,6.3,Mw,448.0,1.31,NEI
2011-06-20 16:36:01.160,20,6,2011,16,-21.701,-68.22799999999991,128.0,6.5,Mw,481.0,0.88,NEI
2011-06-21 02:04:15.940,21,6,2011,2,-11.4789999999999,165.550999999999,14.0,6.0,Mw,383.0,0.92,NEI
2011-06-22 21:50:52.350,22,6,2011,21,39.954999999999906,142.205,33.0,6.7,Mw,592.0,0.9,NEI
2011-06-24 03:09:39.470,24,6,2011,3,52.049999999999905,-171.836,52.0,7.3,Mw,791.0,1.05,NEI
2011-06-26 12:16:38.600,26,6,2011,12,-2.384,136.631,17.0,6.4,Mw,332.0,1.09,NEI
2011-07-06 19:03:18.260,6,7,2011,19,-29.539,-176.34,17.0,7.6,Mw,567.0,1.17,NEI
2011-07-09 15:02:27.240,9,7,2011,15,-29.337,-177.050999999999,14.0,6.0,Mw,238.0,1.05,NEI
2011-07-10 00:57:10.800,10,7,2011,0,38.03399999999991,143.264,23.0,7.0,Mw,531.0,1.04,NEI
2011-07-11 07:15:43.780,11,7,2011,7,-29.4869999999999,-176.579,11.0,6.1,Mw,304.0,1.35,NEI
2011-07-11 20:47:04.300,11,7,2011,20,9.509,122.175,19.0,6.4,Mw,401.0,1.26,NEI
2011-07-15 13:26:02.950,15,7,2011,13,-60.762,-23.523,10.0,6.2,Mw,141.0,1.27,NEI
2011-07-16 00:26:12.640,16,7,2011,0,-33.819,-71.83199999999991,20.0,6.1,Mw,334.0,0.84,NEI
2011-07-16 19:59:12.890,16,7,2011,19,54.78699999999991,-161.289999999999,36.0,6.2,Mw,720.0,1.36,NEI
2011-07-19 19:35:43.480,19,7,2011,19,40.081,71.4099999999999,20.0,6.1,Mw,510.0,0.9,NEI
2011-07-20 22:04:59.320,20,7,2011,22,-10.34,162.009999999999,21.0,6.0,Mw,460.0,0.91,NEI
2011-07-22 06:56:40.860,22,7,2011,6,-20.3249999999999,-178.595,612.1,6.0,Mw,519.0,0.86,NEI
2011-07-23 04:34:24.180,23,7,2011,4,38.898,141.815,41.0,6.4,Mw,502.0,0.82,NEI
2011-07-24 18:51:24.520,24,7,2011,18,37.726999999999904,141.394,35.0,6.3,Mw,454.0,0.84,NEI
2011-07-25 00:50:47.590,25,7,2011,0,-3.182,150.610999999999,10.0,6.4,Mw,256.0,1.19,NEI
2011-07-26 17:44:20.380,26,7,2011,17,25.1009999999999,-109.525,12.0,6.0,Mw,379.0,1.19,NEI
2011-07-27 23:00:30.320,27,7,2011,23,10.801,-43.393,10.0,6.0,Mw,514.0,0.94,NEI
2011-07-29 07:42:22.630,29,7,2011,7,-23.7839999999999,179.759999999999,523.0,6.7,Mw,614.0,1.0,NEI
2011-07-30 18:53:49.680,30,7,2011,18,36.942999999999905,140.959,30.0,6.5,Mw,701.0,0.82,NEI
2011-07-31 14:34:47.320,31,7,2011,14,-17.0159999999999,171.579,10.0,6.2,Mw,437.0,0.88,NEI
2011-07-31 23:38:56.610,31,7,2011,23,-3.518,144.828,10.0,6.6,Mw,229.0,0.96,NEI
2011-08-04 13:51:34.560,4,8,2011,13,48.832999999999906,154.769,36.0,6.1,Mw,512.0,0.84,NEI
2011-08-10 23:45:43.040,10,8,2011,23,-7.04,-12.618,10.0,6.0,Mw,181.0,1.2,NEI
2011-08-16 11:03:57.700,16,8,2011,11,-2.331,128.002,35.0,6.0,Mw,323.0,1.08,NEI
2011-08-17 11:44:08.370,17,8,2011,11,36.765,143.77,9.0,6.2,Mw,305.0,0.81,NEI
2011-08-19 03:54:26.780,19,8,2011,3,-16.5219999999999,-177.003999999999,407.9,6.2,Mw,449.0,0.82,NEI
2011-08-19 05:36:33.040,19,8,2011,5,37.67099999999991,141.651999999999,47.0,6.3,Mw,669.0,0.74,NEI
2011-08-20 16:55:02.810,20,8,2011,16,-18.3649999999999,168.143,32.0,7.1,Mw,280.0,1.26,NEI
2011-08-20 17:13:06.380,20,8,2011,17,-18.308,168.156,35.0,6.5,Mw,322.0,1.09,NEI
2011-08-20 18:19:23.550,20,8,2011,18,-18.311,168.217999999999,28.0,7.1,Mw,564.0,1.07,NEI
2011-08-22 11:23:35.250,22,8,2011,11,36.082999999999906,141.687999999999,12.0,6.0,Mw,409.0,0.78,NEI
2011-08-22 20:12:20.950,22,8,2011,20,-6.282,104.054,29.0,6.1,Mw,317.0,0.95,NEI
2011-08-24 17:46:11.650,24,8,2011,17,-7.641,-74.525,147.0,7.0,Mw,471.0,0.87,NEI
2011-08-24 23:06:17.090,24,8,2011,23,-18.155,167.727,13.0,6.2,Mw,352.0,1.16,NEI
2011-08-30 06:57:41.610,30,8,2011,6,-6.362,126.752,469.8,6.9,Mw,468.0,0.9,NEI
2011-09-01 06:14:38.650,1,9,2011,6,-12.3569999999999,166.657,39.0,6.1,Mw,315.0,1.23,NEI
2011-09-02 10:55:53.590,2,9,2011,10,52.17099999999991,-171.708,32.0,6.8,Mw,779.0,1.41,NEI
2011-09-02 13:47:09.620,2,9,2011,13,-28.398,-63.029,578.9,6.7,Mw,532.0,0.85,NEI
2011-09-03 04:48:57.310,3,9,2011,4,-56.451,-26.847,84.0,6.4,Mw,254.0,1.0,NEI
2011-09-03 22:55:40.920,3,9,2011,22,-20.6709999999999,169.716,185.1,7.0,Mw,406.0,0.99,NEI
2011-09-05 09:52:01.130,5,9,2011,9,-15.295,-173.621,37.0,6.3,Mw,567.0,0.76,NEI
2011-09-05 17:55:11.220,5,9,2011,17,2.965,97.893,91.0,6.7,Mw,447.0,1.02,NEI
2011-09-09 19:41:34.150,9,9,2011,19,49.534999999999904,-126.893,22.0,6.5,Mw,650.0,1.02,NEI
2011-09-12 22:44:28.080,12,9,2011,22,-3.626,144.178,14.0,6.0,Mw,292.0,0.98,NEI
2011-09-14 18:10:09.000,14,9,2011,18,53.10699999999991,172.984,15.0,6.0,Mw,384.0,0.89,NEI
2011-09-15 07:53:18.630,15,9,2011,7,-35.366,-179.038999999999,10.0,6.1,Mw,269.0,1.07,NEI
2011-09-15 08:00:09.640,15,9,2011,8,36.256,141.337999999999,28.0,6.2,Mw,403.0,0.81,NEI
2011-09-15 19:31:04.080,15,9,2011,19,-21.611,-179.527999999999,644.6,7.3,Mw,646.0,1.06,NEI
2011-09-16 19:26:40.970,16,9,2011,19,40.271,142.78,35.0,6.7,Mw,668.0,0.88,NEI
2011-09-16 21:08:05.330,16,9,2011,21,40.238999999999905,143.008,18.0,6.0,Mw,422.0,0.86,NEI
2011-09-18 12:40:51.830,18,9,2011,12,27.73,88.155,50.0,6.9,Mw,383.0,0.96,NEI
2011-09-22 23:07:03.570,22,9,2011,23,-15.4369999999999,-175.311,10.0,6.4,Mw,397.0,1.21,NEI
2011-10-06 11:12:30.070,6,10,2011,11,-24.178,-64.21899999999991,15.0,6.1,Mw,401.0,0.87,NEI
2011-10-07 08:58:28.910,7,10,2011,8,-32.514,-179.038,36.0,6.1,Mw,396.0,0.97,NEI
2011-10-13 03:16:30.160,13,10,2011,3,-9.35,114.587,39.0,6.2,Mw,456.0,1.07,NEI
2011-10-14 03:35:14.810,14,10,2011,3,-6.57,147.881,37.0,6.5,Mw,423.0,1.13,NEI
2011-10-14 06:10:14.600,14,10,2011,6,54.079999999999906,123.721999999999,12.0,6.1,Mw,499.0,0.76,NEI
2011-10-18 05:05:06.250,18,10,2011,5,-5.785,151.037,26.0,6.1,Mw,360.0,0.95,NEI
2011-10-21 08:02:37.950,21,10,2011,8,43.892,142.479,187.0,6.1,Mw,674.0,0.74,NEI
2011-10-21 17:57:16.100,21,10,2011,17,-28.9929999999999,-176.238,33.0,7.4,Mw,707.0,0.87,NEI
2011-10-23 10:41:22.930,23,10,2011,10,38.722,43.512999999999906,16.0,7.3,Mw,694.0,0.94,NEI
2011-10-23 20:45:34.860,23,10,2011,20,38.634,43.076999999999906,5.0,6.0,Mw,408.0,0.0,ISK
2011-10-27 00:15:24.520,27,10,2011,0,-17.9409999999999,-179.531,602.9,6.0,Mw,465.0,0.86,NEI
2011-10-28 18:54:34.040,28,10,2011,18,-14.438,-75.96599999999991,24.0,6.9,Mw,474.0,1.0,NEI
2011-11-01 12:32:00.430,1,11,2011,12,19.831,-109.205,10.0,6.3,Mw,401.0,1.03,NEI
2011-11-02 14:59:27.940,2,11,2011,14,-55.293999999999905,-128.842999999999,10.0,6.2,Mw,148.0,1.04,NEI
2011-11-07 22:35:25.630,7,11,2011,22,11.56,-85.861,177.0,6.1,Mw,623.0,1.12,NEI
2011-11-08 02:59:08.510,8,11,2011,2,27.324,125.621,224.9,6.9,Mw,665.0,0.97,NEI
2011-11-11 10:41:37.480,11,11,2011,10,-55.981,-124.438999999999,10.0,6.1,Mw,62.0,1.44,NEI
2011-11-14 04:05:11.390,14,11,2011,4,-0.949,126.91,17.0,6.3,Mw,274.0,1.04,NEI
2011-11-17 01:57:05.730,17,11,2011,1,-1.702,-81.546,26.6,6.0,Mw,499.0,0.74,NEI
2011-11-22 18:48:16.300,22,11,2011,18,-15.364,-65.09,549.9,6.6,Mw,832.0,0.8,NEI
2011-11-23 19:24:31.470,23,11,2011,19,37.365,141.367999999999,34.0,6.1,Mw,496.0,0.73,NEI
2011-11-24 10:25:34.030,24,11,2011,10,41.898,142.639,38.0,6.2,Mw,580.0,0.79,NEI
2011-11-28 12:26:45.450,28,11,2011,12,-5.48,153.733,25.0,6.2,Mw,265.0,1.12,NEI
2011-11-29 00:30:29.120,29,11,2011,0,-1.602,-15.4499999999999,10.0,6.0,Mw,416.0,1.18,NEI
2011-11-30 00:27:06.990,30,11,2011,0,15.455,118.999,9.0,6.0,Mw,370.0,1.01,NEI
2011-12-07 22:23:09.730,7,12,2011,22,-27.899,-70.918,20.0,6.1,Mw,473.0,0.82,NEI
2011-12-11 01:47:25.900,11,12,2011,1,17.844,-99.96299999999991,54.2,6.5,Mw,607.0,0.0,UNM
2011-12-11 09:54:55.200,11,12,2011,9,-56.009,-28.184,116.0,6.2,Mw,430.0,0.94,NEI
2011-12-13 07:52:11.930,13,12,2011,7,0.041,123.03,161.0,6.0,Mw,536.0,0.95,NEI
2011-12-14 05:04:59.270,14,12,2011,5,-7.561,146.804,140.9,7.1,Mw,485.0,0.77,NEI
2011-12-15 10:10:07.210,15,12,2011,10,-32.718,-179.098999999999,32.0,6.0,Mw,423.0,1.09,NEI
2011-12-26 04:48:08.870,26,12,2011,4,-16.198,-173.861999999999,90.0,6.0,Mw,536.0,0.95,NEI
2011-12-27 15:21:56.840,27,12,2011,15,51.841999999999906,95.911,15.0,6.6,Mw,545.0,0.81,NEI
2012-01-01 05:27:55.980,1,1,2012,5,31.456,138.072,365.3,6.8,Mw,628.0,0.84,NEI
2012-01-09 04:07:14.670,9,1,2012,4,-10.617,165.16,28.0,6.4,Mw,592.0,0.88,NEI
2012-01-10 18:36:59.080,10,1,2012,18,2.433,93.20999999999991,19.0,7.2,Mw,443.0,1.09,NEI
2012-01-15 13:40:19.540,15,1,2012,13,-60.948,-56.113,8.0,6.6,Mw,147.0,1.14,NEI
2012-01-15 14:21:31.370,15,1,2012,14,-60.881999999999906,-55.965,10.0,6.0,Mw,212.0,1.07,NEI
2012-01-21 18:47:11.560,21,1,2012,18,14.8729999999999,-93.00499999999991,45.0,6.3,Mw,619.0,1.06,NEI
2012-01-22 05:53:42.080,22,1,2012,5,-56.759,-25.1469999999999,13.0,6.0,Mw,121.0,0.97,NEI
2012-01-23 16:04:52.980,23,1,2012,16,-36.40899999999991,-73.03,20.0,6.2,Mw,388.0,0.78,NEI
2012-01-24 00:52:05.230,24,1,2012,0,-24.977,178.52,580.3,6.4,Mw,499.0,0.91,NEI
2012-01-30 05:11:00.950,30,1,2012,5,-14.1679999999999,-75.635,43.0,6.4,Mw,589.0,0.78,NEI
2012-02-02 13:34:40.650,2,2,2012,13,-17.827,167.133,23.0,7.1,Mw,573.0,1.07,NEI
2012-02-03 03:46:21.150,3,2,2012,3,-17.378,167.276999999999,8.0,6.1,Mw,352.0,0.89,NEI
2012-02-05 00:15:38.900,5,2,2012,0,-18.8939999999999,168.917,145.0,6.1,Mw,311.0,1.23,NEI
2012-02-05 16:40:39.160,5,2,2012,16,-17.948,167.226,8.0,6.1,Mw,484.0,0.84,NEI
2012-02-06 03:49:12.520,6,2,2012,3,9.999,123.206,11.0,6.7,Mw,572.0,1.07,NEI
2012-02-06 10:10:19.850,6,2,2012,10,9.885,123.095,9.0,6.0,Mw,335.0,0.99,NEI
2012-02-10 01:47:34.190,10,2,2012,1,-17.968,-178.549,582.3,6.0,Mw,624.0,0.81,NEI
2012-02-14 08:19:55.470,14,2,2012,8,-10.39,161.102,51.0,6.4,Mw,605.0,0.97,NEI
2012-02-26 05:21:24.630,26,2,2012,5,-24.495,-177.238,10.0,6.0,Mw,271.0,1.22,NEI
2012-02-26 06:17:19.760,26,2,2012,6,51.707999999999906,95.991,12.0,6.7,Mw,596.0,0.92,NEI
2012-03-03 12:19:55.090,3,3,2012,12,-22.1409999999999,170.34,14.0,6.6,Mw,418.0,1.0,NEI
2012-03-05 07:46:10.040,5,3,2012,7,-28.2459999999999,-63.293999999999905,553.9,6.1,Mw,702.0,0.71,NEI
2012-03-09 07:09:50.950,9,3,2012,7,-19.125,169.613,16.0,6.7,Mw,488.0,0.86,NEI
2012-03-14 09:08:35.140,14,3,2012,9,40.887,144.943999999999,12.0,7.0,Mw,552.0,0.88,NEI
2012-03-14 10:49:24.580,14,3,2012,10,40.780999999999906,144.761,10.0,6.1,Mw,532.0,0.87,NEI
2012-03-14 12:05:04.520,14,3,2012,12,35.6869999999999,140.694999999999,10.0,6.0,Mw,476.0,0.74,NEI
2012-03-14 21:13:08.040,14,3,2012,21,-5.595,151.042,28.0,6.2,Mw,456.0,1.2,NEI
2012-03-20 17:56:18.800,20,3,2012,17,-3.812,140.265999999999,66.0,6.2,Mw,327.0,0.92,NEI
2012-03-20 18:02:47.440,20,3,2012,18,16.4929999999999,-98.23099999999991,20.0,7.4,Mw,672.0,0.98,NEI
2012-03-21 22:15:06.130,21,3,2012,22,-6.242,145.955,118.0,6.6,Mw,640.0,0.97,NEI
2012-03-25 22:37:06.000,25,3,2012,22,-35.2,-72.2169999999999,40.7,7.1,Mw,553.0,0.0,GUC
2012-03-26 18:12:52.850,26,3,2012,18,10.071,-104.16,10.0,6.0,Mw,342.0,0.97,NEI
2012-03-27 11:00:44.500,27,3,2012,11,39.859,142.017,15.0,6.1,Mw,625.0,0.89,NEI
2012-04-02 17:36:42.060,2,4,2012,17,16.395,-98.316,9.0,6.0,Mw,557.0,0.89,NEI
2012-04-06 16:15:58.010,6,4,2012,16,-4.551,153.456999999999,108.5,6.1,Mw,312.0,0.98,NEI
2012-04-11 08:38:36.720,11,4,2012,8,2.327,93.063,20.0,8.6,Mw,499.0,1.33,NEI
2012-04-11 09:27:56.760,11,4,2012,9,1.254,91.7349999999999,10.0,6.0,Mb,205.0,1.05,NEI
2012-04-11 10:43:10.850,11,4,2012,10,0.802,92.46299999999991,25.1,8.2,Mw,341.0,0.9,NEI
2012-04-11 22:41:46.040,11,4,2012,22,43.584,-127.638,8.0,6.0,Mw,656.0,1.1,NEI
2012-04-11 22:55:10.250,11,4,2012,22,18.2289999999999,-102.688999999999,20.0,6.7,Mw,599.0,0.98,NEI
2012-04-12 07:06:00.570,12,4,2012,7,28.837,-113.027,9.0,6.0,Mw,397.0,1.15,NEI
2012-04-12 07:15:48.500,12,4,2012,7,28.696,-113.104,13.0,7.0,Mw,474.0,1.18,NEI
2012-04-14 10:56:19.380,14,4,2012,10,-57.679,-65.308,15.0,6.2,Mw,288.0,1.32,NEI
2012-04-14 22:05:26.430,14,4,2012,22,-18.972,168.741,11.0,6.3,Mw,471.0,1.19,NEI
2012-04-15 05:57:40.060,15,4,2012,5,2.581,90.269,25.0,6.2,Mw,322.0,0.91,NEI
2012-04-17 03:50:15.610,17,4,2012,3,-32.625,-71.36499999999991,29.0,6.7,Mw,518.0,0.96,NEI
2012-04-17 07:13:49.000,17,4,2012,7,-5.462,147.116999999999,198.0,6.8,Mw,597.0,0.95,NEI
2012-04-17 19:03:56.370,17,4,2012,19,-59.015999999999906,-16.6119999999999,12.0,6.2,Mw,355.0,1.27,NEI
2012-04-21 01:16:52.740,21,4,2012,1,-1.617,134.276,16.0,6.7,Mw,370.0,1.12,NEI
2012-04-21 01:25:13.200,21,4,2012,1,-1.635,134.197,17.4,6.0,Mw,178.0,1.25,NEI
2012-04-23 17:36:21.170,23,4,2012,17,-28.556,-177.412,114.0,6.0,Mw,397.0,0.82,NEI
2012-04-28 10:08:08.090,28,4,2012,10,-18.6849999999999,-174.705,134.7,6.7,Mw,529.0,1.0,NEI
2012-05-01 22:43:33.340,1,5,2012,22,14.3759999999999,-92.897,14.0,6.0,Mw,558.0,1.09,NEI
2012-05-14 10:00:40.230,14,5,2012,10,-17.678,-69.59099999999991,105.9,6.2,Mw,681.0,0.88,NEI
2012-05-18 02:00:39.490,18,5,2012,2,-44.805999999999905,-80.159,10.0,6.3,Mw,225.0,1.44,NEI
2012-05-20 02:03:52.000,20,5,2012,2,44.89,11.23,6.3,6.1,Mw,729.0,0.0,ROM
2012-05-20 07:20:36.870,20,5,2012,7,39.646,143.163999999999,11.0,6.3,Mw,166.0,1.14,NEI
2012-05-23 15:02:25.310,23,5,2012,15,41.335,142.081999999999,46.0,6.0,Mw,617.0,0.74,NEI
2012-05-23 22:59:52.700,23,5,2012,22,-50.42,139.515999999999,10.0,6.0,Mw,149.0,1.22,NEI
2012-05-24 22:47:46.800,24,5,2012,22,72.95999999999991,5.683,10.0,6.2,Mw,579.0,1.18,NEI
2012-05-26 21:48:10.120,26,5,2012,21,26.91,140.055,487.4,6.0,Mw,513.0,0.95,NEI
2012-05-28 05:07:23.450,28,5,2012,5,-28.0429999999999,-63.094,586.9,6.8,Mw,548.0,0.82,NEI
2012-06-02 07:52:53.990,2,6,2012,7,-22.059,-63.555,527.0,6.0,Mw,571.0,0.91,NEI
2012-06-04 00:45:15.290,4,6,2012,0,5.305,-82.629,7.0,6.3,Mw,587.0,1.07,NEI
2012-06-04 03:15:24.750,4,6,2012,3,5.508,-82.563,7.0,6.3,Mw,580.0,1.2,NEI
2012-06-05 19:31:33.750,5,6,2012,19,34.9429999999999,141.132,15.0,6.1,Mw,687.0,0.68,NEI
2012-06-07 04:05:04.520,7,6,2012,4,-36.073999999999906,-70.56999999999991,8.0,6.0,Mw,461.0,0.98,NEI
2012-06-07 16:03:18.900,7,6,2012,16,-15.877,-72.4129999999999,110.0,6.1,Mw,579.0,0.88,NEI
2012-06-10 12:44:16.590,10,6,2012,12,36.42,28.8799999999999,35.0,6.0,Mw,529.0,0.0,ATH
2012-06-17 20:32:20.590,17,6,2012,20,38.918999999999905,141.830999999999,36.0,6.4,Mw,627.0,0.94,NEI
2012-06-19 15:56:32.530,19,6,2012,15,53.35099999999991,171.619,14.0,6.1,Mw,760.0,0.75,NEI
2012-06-23 04:34:53.180,23,6,2012,4,3.009,97.896,95.0,6.1,Mw,601.0,0.93,NEI
2012-06-24 03:15:01.280,24,6,2012,3,57.60099999999991,163.194999999999,10.0,6.1,Mw,701.0,0.98,NEI
2012-06-29 21:07:33.860,29,6,2012,21,43.433,84.7,18.0,6.3,Mw,526.0,0.94,NEI
2012-07-03 10:36:15.520,3,7,2012,10,-40.023,173.756,229.8,6.3,Mw,462.0,0.0,WEL
2012-07-06 02:28:22.190,6,7,2012,2,-14.657,167.34,160.1,6.3,Mw,521.0,0.92,NEI
2012-07-08 11:33:02.920,8,7,2012,11,45.497,151.288,20.0,6.0,Mw,626.0,0.83,NEI
2012-07-18 08:09:46.200,18,7,2012,8,-20.872,-178.508,536.9,6.0,Mw,532.0,0.81,NEI
2012-07-20 06:10:25.170,20,7,2012,6,49.406999999999904,155.907,19.0,6.1,Mw,651.0,0.71,NEI
2012-07-25 00:27:45.260,25,7,2012,0,2.707,96.045,22.0,6.4,Mw,570.0,1.08,NEI
2012-07-25 11:20:27.030,25,7,2012,11,-9.694,159.727,20.0,6.4,Mw,220.0,1.02,NEI
2012-07-26 05:33:33.020,26,7,2012,5,-17.5919999999999,66.391,20.0,6.7,Mw,114.0,1.24,NEI
2012-07-28 20:03:56.800,28,7,2012,20,-4.651,153.173,41.0,6.5,Mw,576.0,0.97,NEI
2012-08-02 09:38:30.850,2,8,2012,9,-8.414,-74.259,144.6,6.1,Mw,698.0,0.8,NEI
2012-08-02 09:56:41.740,2,8,2012,9,-4.654,153.275,46.0,6.1,Mw,409.0,0.8,NEI
2012-08-10 18:37:43.090,10,8,2012,18,52.633,-167.420999999999,13.0,6.2,Mw,857.0,1.08,NEI
2012-08-11 12:23:18.190,11,8,2012,12,38.329,46.826,11.0,6.4,Mw,510.0,1.23,NEI
2012-08-11 12:34:35.900,11,8,2012,12,38.389,46.744999999999905,12.0,6.3,Mw,522.0,0.98,NEI
2012-08-12 10:47:06.450,12,8,2012,10,35.661,82.518,13.0,6.3,Mw,471.0,0.86,NEI
2012-08-14 02:59:38.460,14,8,2012,2,49.799999999999905,145.063999999999,583.2,7.7,Mw,862.0,0.83,NEI
2012-08-18 09:41:52.450,18,8,2012,9,-1.315,120.096,10.0,6.3,Mw,359.0,1.24,NEI
2012-08-19 22:41:49.810,19,8,2012,22,-4.766,144.569999999999,73.0,6.3,Mw,478.0,0.96,NEI
2012-08-26 15:05:37.080,26,8,2012,15,2.19,126.837,91.1,6.6,Mw,497.0,0.87,NEI
2012-08-27 04:37:19.430,27,8,2012,4,12.1389999999999,-88.59,28.0,7.4,Mw,417.0,1.3,NEI
2012-08-30 13:43:25.170,30,8,2012,13,71.441,-10.605,14.0,6.8,Mw,622.0,1.11,NEI
2012-08-31 12:47:33.380,31,8,2012,12,10.811,126.638,28.0,7.6,Mw,682.0,1.02,NEI
2012-09-03 18:23:05.230,3,9,2012,18,-10.708,113.931,14.0,6.2,Mw,389.0,1.06,NEI
2012-09-05 13:09:10.060,5,9,2012,13,-12.476,166.513,27.0,6.0,Mw,360.0,1.01,NEI
2012-09-05 14:42:07.880,5,9,2012,14,10.099,-85.308,35.0,7.6,Mw,702.0,1.2,NEI
2012-09-08 10:51:44.200,8,9,2012,10,-3.177,135.109,21.0,6.1,Mw,483.0,0.8,NEI
2012-09-09 05:39:37.050,9,9,2012,5,49.247,155.75,31.0,6.0,Mw,198.0,0.66,NEI
2012-09-14 04:51:47.070,14,9,2012,4,-3.319,100.593999999999,19.0,6.2,Mw,549.0,0.95,NEI
2012-09-25 23:45:24.940,25,9,2012,23,24.666,-110.173,10.0,6.3,Mw,659.0,1.0,NEI
2012-09-26 23:39:55.110,26,9,2012,23,51.591999999999906,-178.294999999999,16.0,6.4,Mw,882.0,0.98,NEI
2012-09-27 23:53:49.030,27,9,2012,23,-8.83799999999999,157.455999999999,10.0,6.0,Mw,232.0,1.27,NEI
2012-09-30 16:31:35.970,30,9,2012,16,1.929,-76.36199999999991,170.0,7.3,Mw,934.0,0.87,NEI
2012-10-01 22:21:46.020,1,10,2012,22,39.808,143.098999999999,15.0,6.1,Mw,579.0,0.82,NEI
2012-10-08 06:26:23.020,8,10,2012,6,25.1269999999999,-109.574,14.0,6.0,Mw,520.0,1.11,NEI
2012-10-08 11:43:31.420,8,10,2012,11,-4.472,129.128999999999,10.0,6.3,Mw,493.0,0.91,NEI
2012-10-09 12:32:09.770,9,10,2012,12,-60.326,153.699,10.0,6.6,Mw,131.0,1.22,NEI
2012-10-12 00:31:28.270,12,10,2012,0,-4.892,134.03,13.0,6.6,Mw,291.0,0.98,NEI
2012-10-17 04:42:30.400,17,10,2012,4,4.232,124.52,326.0,6.1,Mw,513.0,0.99,NEI
2012-10-20 23:00:32.450,20,10,2012,23,-13.552,166.563999999999,36.0,6.2,Mw,392.0,1.18,NEI
2012-10-23 08:53:38.240,23,10,2012,8,29.0569999999999,139.251,436.0,6.0,Mw,606.0,0.72,NEI
2012-10-24 00:45:32.990,24,10,2012,0,10.086,-85.298,17.0,6.5,Mw,691.0,0.85,NEI
2012-10-28 03:04:08.820,28,10,2012,3,52.787999999999904,-132.101,14.0,7.8,Mw,807.0,0.99,NEI
2012-10-28 03:07:30.000,28,10,2012,3,52.768999999999906,-131.926999999999,5.0,7.7,Unk,0.0,0.0,UW
2012-10-28 18:54:20.830,28,10,2012,18,52.67399999999991,-132.602,9.0,6.3,Mw,399.0,1.14,NEI
2012-10-28 18:56:18.000,28,10,2012,18,52.633,-132.700999999999,0.0,6.3,Unk,0.0,0.0,UW
2012-10-30 02:49:02.270,30,10,2012,2,52.365,-131.901999999999,9.0,6.2,Mw,579.0,1.13,NEI
2012-10-30 02:50:29.000,30,10,2012,2,52.323999999999906,-131.907999999999,0.0,6.2,Unk,0.0,0.0,UW
2012-11-02 18:17:32.710,2,11,2012,18,9.212,126.158,37.0,6.1,Mw,526.0,1.03,NEI
2012-11-07 16:35:46.690,7,11,2012,16,13.9629999999999,-91.8539999999999,24.0,7.4,Mw,739.0,1.14,NEI
2012-11-08 02:01:50.630,8,11,2012,2,49.231,-128.477,13.7,6.1,Mw,613.0,1.17,NEI
2012-11-10 14:57:50.740,10,11,2012,14,-8.866,-75.0709999999999,129.0,6.0,Mw,524.0,0.8,NEI
2012-11-11 01:12:38.870,11,11,2012,1,23.0049999999999,95.885,13.7,6.8,Mw,391.0,1.05,NEI
2012-11-11 22:14:59.240,11,11,2012,22,14.129,-92.164,20.0,6.5,Mw,598.0,1.08,NEI
2012-11-12 20:42:16.780,12,11,2012,20,57.5884,-142.876499999999,10.93,6.0,Mb,136.0,0.99,AK
2012-11-13 04:31:26.760,13,11,2012,4,-45.761,-77.0529999999999,9.0,6.1,Mw,208.0,1.06,NEI
2012-11-14 19:02:06.120,14,11,2012,19,-29.1179999999999,-71.1899999999999,63.0,6.2,Mw,525.0,0.83,NEI
2012-11-15 09:20:21.910,15,11,2012,9,18.346,-100.382,53.0,6.1,Mw,576.0,1.18,NEI
2012-11-16 18:12:39.910,16,11,2012,18,49.28,155.425,29.0,6.5,Mw,793.0,0.81,NEI
2012-11-19 09:44:34.120,19,11,2012,9,-5.705,151.602,13.0,6.0,Mw,430.0,0.88,NEI
2012-11-22 13:07:10.420,22,11,2012,13,-22.742,-63.570999999999906,516.6,6.0,Mw,552.0,0.83,NEI
2012-11-29 10:37:38.990,29,11,2012,10,-20.6239999999999,-177.048,247.5,6.2,ML,154.0,0.93,NEI
2012-12-02 00:54:22.690,2,12,2012,0,-16.975,167.645,32.0,6.2,Mw,349.0,0.77,NEI
2012-12-07 08:18:23.130,7,12,2012,8,37.89,143.949,31.0,7.3,Mw,918.0,0.91,NEI
2012-12-07 08:31:14.800,7,12,2012,8,37.914,143.764,32.0,6.2,Mw,708.0,0.86,NEI
2012-12-07 18:19:07.050,7,12,2012,18,-38.277999999999906,176.098999999999,167.5,6.4,Mw,390.0,1.39,NEI
2012-12-10 16:53:08.770,10,12,2012,16,-6.533,129.824999999999,155.0,7.1,Mw,517.0,0.95,NEI
2012-12-11 06:18:27.520,11,12,2012,6,0.595,126.247,29.7,6.0,Mw,218.0,1.0,NEI
2012-12-14 10:36:02.000,14,12,2012,10,31.213,-119.56,11.3,6.4,Mw,589.0,1.03,NEI
2012-12-14 10:38:25.110,14,12,2012,10,31.213,-119.56,11.0,6.3,Unk,0.0,0.0,UW
2012-12-15 04:49:29.590,15,12,2012,4,52.268,174.038,26.0,6.0,Mw,707.0,0.69,NEI
2012-12-15 19:30:02.130,15,12,2012,19,-4.691,153.012,52.0,6.1,Mw,463.0,0.79,NEI
2012-12-17 09:16:28.310,17,12,2012,9,-0.708,123.837,18.5,6.1,Mw,151.0,1.38,NEI
2012-12-21 09:26:52.140,21,12,2012,9,-20.151,-176.322,234.6,6.1,ML,66.0,1.36,NEI
2012-12-21 22:28:07.250,21,12,2012,22,-14.331,167.289999999999,188.0,6.7,Mw,496.0,0.81,NEI
2012-12-25 08:46:32.980,25,12,2012,8,-7.917,101.269,28.6,6.0,ML,59.0,0.87,NEI
2012-12-29 07:59:41.680,29,12,2012,7,-3.492,148.831999999999,10.1,6.0,Mw,55.0,1.08,NEI
2013-01-05 08:58:19.330,5,1,2013,8,55.393999999999906,-134.65,10.0,7.5,Mw,659.0,1.27,NEI
2013-01-15 16:09:37.080,15,1,2013,16,-62.570999999999906,-161.431999999999,10.0,6.1,Mw,75.0,1.13,NEI
2013-01-21 22:22:52.900,21,1,2013,22,4.966,95.85599999999991,11.6,6.1,Mw,479.0,1.16,NEI
2013-01-28 16:38:53.500,28,1,2013,16,42.604999999999905,79.7079999999999,15.0,6.1,Mw,548.0,0.76,NEI
2013-01-30 20:15:43.200,30,1,2013,20,-28.0799999999999,-70.62099999999991,45.0,6.8,Mw,531.0,1.01,NEI
2013-01-30 23:03:43.800,30,1,2013,23,-10.635,166.371,11.0,6.1,Mw,301.0,0.92,NEI
2013-01-31 03:33:43.800,31,1,2013,3,-10.628,166.382,9.2,6.1,Mw,393.0,0.82,NEI
2013-02-01 05:36:41.700,1,2,2013,5,-11.1039999999999,165.532,15.0,6.0,Mw,313.0,0.92,NEI
2013-02-01 22:16:34.100,1,2,2013,22,-10.896,165.378999999999,10.0,6.3,Mw,309.0,1.31,NEI
2013-02-01 22:18:33.000,1,2,2013,22,-11.1199999999999,165.377999999999,10.0,6.4,Mw,158.0,1.3,NEI
2013-02-02 14:17:35.100,2,2,2013,14,42.758,143.105999999999,107.0,6.9,Mw,496.0,0.84,NEI
2013-02-02 18:58:05.800,2,2,2013,18,-10.938,165.255,3.2,6.0,Mw,321.0,0.81,NEI
2013-02-06 00:07:22.300,6,2,2013,0,-10.865,165.247999999999,12.6,6.0,Mw,341.0,0.58,NEI
2013-02-06 01:12:27.000,6,2,2013,1,-10.738,165.138,28.7,8.0,Mw,332.0,1.28,NEI
2013-02-06 01:23:19.770,6,2,2013,1,-11.2540999999999,164.9323,10.14,7.1,Mw,560.0,1.39,NEI
2013-02-06 01:54:15.200,6,2,2013,1,-10.4789999999999,165.771999999999,9.8,7.0,Mw,414.0,1.37,NEI
2013-02-06 06:35:19.800,6,2,2013,6,-10.784,164.512,10.1,6.1,Mw,273.0,1.16,NEI
2013-02-06 10:33:17.400,6,2,2013,10,-10.643,164.764,10.0,6.0,Mw,279.0,0.97,NEI
2013-02-06 11:53:55.200,6,2,2013,11,-11.2449999999999,165.727,14.0,6.0,Mw,265.0,0.82,NEI
2013-02-07 00:30:10.700,7,2,2013,0,-11.6579999999999,164.94,8.0,6.0,Mw,343.0,0.77,NEI
2013-02-07 18:59:16.100,7,2,2013,18,-11.0009999999999,165.657999999999,10.0,6.7,Mw,341.0,0.86,NEI
2013-02-08 11:12:13.000,8,2,2013,11,-10.9049999999999,165.886,15.9,6.8,Mw,348.0,1.05,NEI
2013-02-08 15:26:38.500,8,2,2013,15,-10.932,166.020999999999,21.0,7.1,Mw,267.0,0.85,NEI
2013-02-09 14:16:07.900,9,2,2013,14,1.142,-77.4,145.0,6.9,Mw,495.0,0.89,NEI
2013-02-09 21:02:22.500,9,2,2013,21,-10.952,165.837999999999,15.6,6.6,Mw,393.0,1.08,NEI
2013-02-10 18:39:32.300,10,2,2013,18,-10.959,165.459,11.0,6.0,Mw,160.0,0.96,NEI
2013-02-14 13:13:52.800,14,2,2013,13,67.58199999999991,142.563999999999,9.9,6.6,Mw,665.0,1.27,NEI
2013-02-16 04:37:36.200,16,2,2013,4,5.812,125.748,105.0,6.1,Mw,513.0,0.76,NEI
2013-02-22 12:01:59.200,22,2,2013,12,-27.9929999999999,-63.195,585.8,6.1,Mw,534.0,0.89,NEI
2013-02-28 14:05:50.400,28,2,2013,14,50.942,157.339,41.0,6.9,Mw,425.0,0.78,NEI
2013-03-01 12:53:52.400,1,3,2013,12,50.938,157.511,40.9,6.4,Mw,511.0,0.75,NEI
2013-03-01 13:20:50.100,1,3,2013,13,50.948999999999906,157.448,29.0,6.5,Mw,310.0,0.78,NEI
2013-03-10 22:51:51.600,10,3,2013,22,-6.653,148.155,28.9,6.5,Mw,93.0,1.3,NEI
2013-03-24 08:13:45.100,24,3,2013,8,-20.757,173.37,10.0,6.1,Mw,267.0,0.8,NEI
2013-03-25 23:02:13.300,25,3,2013,23,14.596,-90.43899999999991,189.0,6.2,Mw,681.0,1.32,NEI
2013-04-01 18:53:18.570,1,4,2013,18,39.515999999999906,143.2076,20.89,6.0,Mw,521.0,0.63,NEI
2013-04-05 13:00:02.100,5,4,2013,13,42.713,131.104999999999,561.9,6.3,Mw,95.0,1.03,NEI
2013-04-06 04:42:35.700,6,4,2013,4,-3.513,138.477,66.0,7.0,Mw,506.0,0.82,NEI
2013-04-09 11:52:50.100,9,4,2013,11,28.5,51.591,10.0,6.4,Mw,144.0,0.76,NEI
2013-04-13 22:49:50.500,13,4,2013,22,-19.1409999999999,169.535,280.2,6.0,Mw,632.0,1.04,NEI
2013-04-14 01:32:22.600,14,4,2013,1,-6.475,154.607,31.0,6.6,Mw,491.0,0.64,NEI
2013-04-16 10:44:20.700,16,4,2013,10,28.1069999999999,62.052999999999905,82.0,7.7,Mw,164.0,0.98,NEI
2013-04-16 22:55:27.000,16,4,2013,22,-3.218,142.543,13.0,6.6,Mw,97.0,1.42,NEI
2013-04-19 03:05:52.800,19,4,2013,3,46.223999999999904,150.782999999999,112.2,7.2,Mw,767.0,0.84,NEI
2013-04-19 19:58:41.000,19,4,2013,19,49.957999999999906,157.663,20.0,6.1,Mw,593.0,0.79,NEI
2013-04-20 00:02:47.500,20,4,2013,0,30.308,102.888,14.0,6.6,Mw,548.0,1.08,NEI
2013-04-20 13:12:50.600,20,4,2013,13,50.104999999999905,157.164999999999,18.0,6.1,Mw,440.0,1.03,NEI
2013-04-21 03:22:16.200,21,4,2013,3,29.933,138.887,421.9,6.1,Mw,688.0,0.78,NEI
2013-04-22 01:16:33.200,22,4,2013,1,18.1269999999999,-101.908,30.0,6.0,Mw,596.0,1.01,NEI
2013-04-23 23:14:42.600,23,4,2013,23,-3.913,152.12,23.3,6.5,Mw,264.0,0.8,NEI
2013-04-26 06:53:28.900,26,4,2013,6,-28.681,-178.916,351.0,6.1,Mw,386.0,0.94,NEI
2013-04-26 06:53:28.950,26,4,2013,6,-28.7357,-178.9155,349.02,6.2,Mw,112.0,1.32,NEI
2013-05-07 10:10:55.700,7,5,2013,10,-19.638,175.063999999999,70.1,6.0,Mw,113.0,1.1,NEI
2013-05-11 02:08:08.500,11,5,2013,2,26.5599999999999,57.77,15.0,6.1,Mw,351.0,0.0,NEI
2013-05-11 20:46:57.500,11,5,2013,20,-17.954,-175.098999999999,212.2,6.4,Mw,520.0,0.54,NEI
2013-05-14 00:32:25.900,14,5,2013,0,18.728,145.287,602.3,6.8,Mw,131.0,1.16,NEI
2013-05-18 05:47:59.500,18,5,2013,5,37.738999999999905,141.471,39.0,6.0,Mw,436.0,0.77,NEI
2013-05-20 09:49:04.400,20,5,2013,9,-44.866,-80.74599999999991,10.0,6.4,Mw,180.0,1.15,NEI
2013-05-21 01:55:05.600,21,5,2013,1,52.469,160.485999999999,15.1,6.0,Mw,106.0,1.41,NEI
2013-05-21 05:43:21.600,21,5,2013,5,52.307,159.985999999999,36.7,6.1,Mw,112.0,1.17,NEI
2013-05-23 17:19:04.000,23,5,2013,17,-23.0249999999999,-177.109,171.4,7.4,Mw,63.0,1.44,NEI
2013-05-23 21:07:46.400,23,5,2013,21,-20.561,-175.764999999999,149.1,6.3,Mw,267.0,1.09,NEI
2013-05-24 05:44:49.600,24,5,2013,5,54.874,153.281,608.9,8.3,Mw,166.0,0.92,NEI
2013-05-24 14:56:31.800,24,5,2013,14,52.222,151.514999999999,623.0,6.7,Mw,83.0,0.68,NEI
2013-06-02 05:43:03.400,2,6,2013,5,23.794,121.133,17.0,6.2,Mw,437.0,0.71,NEI
2013-06-05 04:47:26.200,5,6,2013,4,-11.401,166.299,39.0,6.1,Mw,411.0,0.73,NEI
2013-06-13 16:47:23.200,13,6,2013,16,-9.99799999999999,107.242999999999,8.6,6.7,Mw,510.0,0.84,NEI
2013-06-15 11:20:36.000,15,6,2013,11,-33.853,179.401999999999,195.0,6.0,Mw,426.0,0.77,NEI
2013-06-15 16:11:00.260,15,6,2013,16,34.4487999999999,25.0435,10.0,6.2,Mw,87.0,0.95,NEI
2013-06-15 17:34:29.070,15,6,2013,17,11.7246,-86.97539999999991,35.81,6.5,Mw,222.0,1.63,NEI
2013-06-16 21:39:04.500,16,6,2013,21,34.27,25.114,26.0,6.0,Mw,634.0,0.0,NEI
2013-06-24 22:04:13.400,24,6,2013,22,10.701,-42.594,10.0,6.6,Mw,111.0,0.81,NEI
2013-07-02 07:37:02.900,2,7,2013,7,4.698,96.6869999999999,10.0,6.1,Mw,86.0,1.16,NEI
2013-07-04 17:16:00.070,4,7,2013,17,-7.039,155.6438,72.0,6.1,Mw,121.0,0.96,NEI
2013-07-06 05:05:06.540,6,7,2013,5,-3.249,100.5668,19.7,6.0,Mw,111.0,1.15,NEI
2013-07-07 18:35:30.800,7,7,2013,18,-3.9234,153.9204,386.25,7.3,Mw,108.0,0.82,NEI
2013-07-07 20:30:07.470,7,7,2013,20,-6.0155,149.721499999999,62.03,6.6,Mw,113.0,0.99,NEI
2013-07-15 14:03:43.050,15,7,2013,14,-60.867899999999906,-25.1435999999999,30.98,7.3,Mw,379.0,0.94,NEI
2013-07-16 09:35:54.610,16,7,2013,9,-6.3085,154.782199999999,44.25,6.0,Mw,87.0,1.11,NEI
2013-07-17 02:37:42.800,17,7,2013,2,-15.6346,-71.7729,6.59,6.0,Mw,88.0,1.19,NEI
2013-07-21 05:09:31.270,21,7,2013,5,-41.7134,174.443099999999,14.0,6.5,Mw,106.0,0.89,NEI
2013-07-22 07:01:42.700,22,7,2013,7,-46.041699999999906,34.8254999999999,10.0,6.1,Mw,73.0,1.09,NEI
2013-07-26 07:07:17.030,26,7,2013,7,-15.3599999999999,167.5858,132.61,6.1,Mw,108.0,0.97,NEI
2013-07-26 21:32:59.120,26,7,2013,21,-57.789299999999905,-23.9593999999999,10.04,6.2,Mw,65.0,1.35,NEI
2013-08-01 20:01:43.160,1,8,2013,20,-15.2443,-173.500599999999,31.65,6.0,Mw,289.5,0.67,us
2013-08-12 00:53:43.980,12,8,2013,0,-7.1354,129.808799999999,95.0,6.0,Mw,289.5,0.68,us
2013-08-12 04:16:46.560,12,8,2013,4,-30.6205,-179.6134,325.19,6.0,Mw,173.0,1.06,NEI
2013-08-12 09:49:32.360,12,8,2013,9,-5.3962,-81.9268,10.0,6.2,Mw,289.5,1.27,us
2013-08-13 15:43:15.200,13,8,2013,15,5.7732,-78.1999,12.0,6.7,Mw,289.5,0.84,us
2013-08-16 02:31:05.750,16,8,2013,2,-41.734,174.151999999999,8.2,6.5,Mw,289.5,1.19,us_
2013-08-17 16:32:31.410,17,8,2013,16,-34.8853,54.0927,10.0,6.1,Mw,289.5,0.83,us
2013-08-21 12:38:29.470,21,8,2013,12,16.8450999999999,-99.5285999999999,21.0,6.2,Mw,289.5,1.09,us
2013-08-28 02:54:41.920,28,8,2013,2,-27.7953,179.6722,488.61,6.1,Mw,136.0,1.48,NEI
2013-08-30 16:25:02.770,30,8,2013,16,51.6096,-175.361099999999,33.53,7.0,Mw,150.0,1.0,NEI
2013-09-01 11:52:29.930,1,9,2013,11,-7.44,128.2209,112.0,6.5,Mw,289.5,1.12,us
2013-09-03 20:19:06.340,3,9,2013,20,51.244,-130.397099999999,2.73,6.1,Mw,289.5,0.93,us
2013-09-04 00:18:23.370,4,9,2013,0,29.9377,138.8325,402.0,6.5,Mw,289.5,1.02,us
2013-09-04 00:23:11.290,4,9,2013,0,51.18319999999991,-130.2245,9.92,6.0,Mw,289.5,0.87,us
2013-09-04 02:32:30.600,4,9,2013,2,51.557299999999906,-174.7671,20.0,6.5,Mw,289.5,1.07,us
2013-09-04 06:27:03.560,4,9,2013,6,51.573,-174.8537,17.0,6.0,Mw,289.5,1.13,us
2013-09-05 04:01:36.360,5,9,2013,4,15.1836,-45.23199999999991,10.0,6.0,Mw,289.5,0.8,us
2013-09-07 00:13:29.580,7,9,2013,0,14.6092,-92.12139999999991,66.0,6.4,Mw,289.5,0.98,us
2013-09-11 12:44:13.210,11,9,2013,12,-4.5472,-104.5783,10.52,6.1,Mw,289.5,0.66,us
2013-09-15 16:21:37.150,15,9,2013,16,51.57509999999991,-174.716,24.02,6.1,Mw,289.5,0.83,us
2013-09-21 01:39:15.570,21,9,2013,1,-7.3308,120.0106,549.92,6.1,Mw,289.5,1.04,us
2013-09-24 11:29:47.980,24,9,2013,11,26.9708,65.5198,15.0,7.7,Mw,289.5,0.92,us
2013-09-25 16:42:43.140,25,9,2013,16,-15.8389,-74.5093999999999,40.0,7.1,Mw,289.5,0.9,us
2013-09-28 07:34:06.450,28,9,2013,7,27.1825,65.5052,12.0,6.8,Mw,289.5,0.91,us
2013-09-30 05:55:55.220,30,9,2013,5,-30.9255,-178.323399999999,41.54,6.5,Mw,289.5,0.82,us
2013-10-01 03:38:21.980,1,10,2013,3,53.2083,152.7654,580.21,6.7,Mw,289.5,1.33,us
2013-10-04 17:26:13.620,4,10,2013,17,-38.6062,78.36929999999991,12.72,6.4,Mw,289.5,1.14,us
2013-10-06 16:38:08.760,6,10,2013,16,12.3115,141.690499999999,104.0,6.0,Mw,289.5,0.73,us
2013-10-06 21:33:19.800,6,10,2013,21,-36.7267,-97.4761,10.28,6.2,Mw,289.5,1.33,us
2013-10-11 21:25:00.010,11,10,2013,21,-30.6622999999999,-178.4838,151.0,6.2,Mw,289.5,1.2,us
2013-10-12 02:10:27.240,12,10,2013,2,10.8828999999999,-62.3096,63.0,6.0,Mw,289.5,1.03,us
2013-10-12 13:11:53.350,12,10,2013,13,35.5142,23.2523,40.0,6.6,Mw,289.5,1.21,us
2013-10-15 00:12:32.550,15,10,2013,0,9.8901,124.1071,22.76,7.1,Mw,289.5,1.27,us
2013-10-16 10:30:58.550,16,10,2013,10,-6.4456,154.931,35.0,6.8,Mw,289.5,0.94,us
2013-10-19 17:54:54.700,19,10,2013,17,26.0913,-110.320899999999,9.45,6.6,Mw,289.5,1.1,us
2013-10-24 19:25:12.020,24,10,2013,19,-58.2081,-12.9503,26.09,6.7,Mw,289.5,1.24,us
2013-10-25 17:10:18.430,25,10,2013,17,37.1713,144.6781,25.67,7.1,Mw,289.5,1.07,us
2013-10-29 10:37:55.930,29,10,2013,10,-61.694499999999906,154.7302,9.97,6.0,Mw,289.5,0.94,us
2013-10-30 02:51:50.390,30,10,2013,2,-35.2973,-72.93089999999991,17.87,6.2,Mw,289.5,1.1,us
2013-10-31 12:02:09.060,31,10,2013,12,23.5908,121.443,12.0,6.3,Mw,289.5,1.27,us
2013-10-31 23:03:59.310,31,10,2013,23,-30.2978999999999,-71.55719999999991,29.0,6.6,Mw,289.5,1.46,us
2013-11-02 15:52:46.140,2,11,2013,15,-23.6305,-112.5912,9.96,6.0,Mw,289.5,0.82,us
2013-11-02 18:53:46.900,2,11,2013,18,-19.1710999999999,-172.641099999999,10.05,6.2,Mw,289.5,0.72,us
2013-11-12 07:03:51.090,12,11,2013,7,54.685899999999904,162.3024,43.0,6.4,Mw,289.5,0.87,us
2013-11-13 23:45:47.930,13,11,2013,23,-60.281399999999906,-47.1233,11.07,6.1,Mw,289.5,1.19,us
2013-11-16 03:34:31.230,16,11,2013,3,-60.2627,-47.0621,9.97,6.9,Mw,289.5,0.84,us
2013-11-17 09:04:55.530,17,11,2013,9,-60.2738,-46.4011,10.0,7.7,Mw,289.5,1.33,us
2013-11-19 13:32:53.730,19,11,2013,13,2.625,128.4462,59.77,6.0,Mw,289.5,0.86,us
2013-11-19 17:00:44.160,19,11,2013,17,18.4753,145.2041,511.0,6.0,Mw,289.5,1.05,us
2013-11-23 07:48:32.120,23,11,2013,7,-17.1137,-176.541599999999,371.0,6.5,Mw,289.5,0.82,us
2013-11-25 06:27:33.990,25,11,2013,6,-53.8813,-54.8821,10.0,7.0,Mw,289.5,1.11,us
2013-12-01 01:24:13.590,1,12,2013,1,-7.0082,128.4152,9.96,6.4,Mw,289.5,0.72,us
2013-12-01 06:29:57.800,1,12,2013,6,2.044,96.8260999999999,20.0,6.0,Mw,289.5,0.89,us
2013-12-08 17:24:54.200,8,12,2013,17,44.4438,149.166699999999,28.0,6.1,Mw,289.5,0.99,us
2013-12-17 23:38:08.100,17,12,2013,23,20.7635,146.759899999999,16.06,6.2,Mw,289.5,0.74,us
